-- MySQL dump 10.13  Distrib 8.0.20, for Win64 (x86_64)
--
-- Host: localhost    Database: smart_home_dev
-- ------------------------------------------------------
-- Server version	8.0.20

/*!40101 SET @OLD_CHARACTER_SET_CLIENT=@@CHARACTER_SET_CLIENT */;
/*!40101 SET @OLD_CHARACTER_SET_RESULTS=@@CHARACTER_SET_RESULTS */;
/*!40101 SET @OLD_COLLATION_CONNECTION=@@COLLATION_CONNECTION */;
/*!50503 SET NAMES utf8mb4 */;
/*!40103 SET @OLD_TIME_ZONE=@@TIME_ZONE */;
/*!40103 SET TIME_ZONE='+00:00' */;
/*!40014 SET @OLD_UNIQUE_CHECKS=@@UNIQUE_CHECKS, UNIQUE_CHECKS=0 */;
/*!40014 SET @OLD_FOREIGN_KEY_CHECKS=@@FOREIGN_KEY_CHECKS, FOREIGN_KEY_CHECKS=0 */;
/*!40101 SET @OLD_SQL_MODE=@@SQL_MODE, SQL_MODE='NO_AUTO_VALUE_ON_ZERO' */;
/*!40111 SET @OLD_SQL_NOTES=@@SQL_NOTES, SQL_NOTES=0 */;

--
-- Table structure for table `__efmigrationshistory`
--
CREATE DATABASE IF NOT EXISTS smart_home_dev;

DROP TABLE IF EXISTS `__efmigrationshistory`;
/*!40101 SET @saved_cs_client     = @@character_set_client */;
/*!50503 SET character_set_client = utf8mb4 */;
CREATE TABLE `__efmigrationshistory` (
  `MigrationId` varchar(150) CHARACTER SET utf8mb4 COLLATE utf8mb4_0900_ai_ci NOT NULL,
  `ProductVersion` varchar(32) CHARACTER SET utf8mb4 COLLATE utf8mb4_0900_ai_ci NOT NULL,
  PRIMARY KEY (`MigrationId`)
) ENGINE=InnoDB DEFAULT CHARSET=utf8mb4 COLLATE=utf8mb4_0900_ai_ci;
/*!40101 SET character_set_client = @saved_cs_client */;

--
-- Dumping data for table `__efmigrationshistory`
--

LOCK TABLES `__efmigrationshistory` WRITE;
/*!40000 ALTER TABLE `__efmigrationshistory` DISABLE KEYS */;
INSERT INTO `__efmigrationshistory` VALUES ('20230205141603_InitialMigration','7.0.2'),('20230212093633_ChangeRoomModel','7.0.2'),('20230221023652_Add JwtBlackList and RefreshToken','7.0.2'),('20230326011711_AddDevices','7.0.2'),('20230416050320_AddMqttClient','7.0.2'),('20230608092655_AddSceneAction','7.0.2'),('20230613075757_AddSmartDevices','7.0.2'),('20230623035116_ChangeSceneAction','7.0.2'),('20230623064939_Remove Old Devices','7.0.2'),('20230728084702_AddHomeProcessor','7.0.2');
/*!40000 ALTER TABLE `__efmigrationshistory` ENABLE KEYS */;
UNLOCK TABLES;

--
-- Table structure for table `actions`
--

DROP TABLE IF EXISTS `actions`;
/*!40101 SET @saved_cs_client     = @@character_set_client */;
/*!50503 SET character_set_client = utf8mb4 */;
CREATE TABLE `actions` (
  `Id` char(36) CHARACTER SET ascii COLLATE ascii_general_ci NOT NULL,
  `Description` longtext CHARACTER SET utf8mb4 COLLATE utf8mb4_0900_ai_ci NOT NULL,
  `DeviceId` char(36) CHARACTER SET ascii COLLATE ascii_general_ci NOT NULL,
  `SceneId` char(36) CHARACTER SET ascii COLLATE ascii_general_ci NOT NULL,
  `Action` blob NOT NULL,
  PRIMARY KEY (`Id`),
  UNIQUE KEY `IX_actions_DeviceId_SceneId` (`DeviceId`,`SceneId`),
  KEY `IX_actions_SceneId` (`SceneId`),
  CONSTRAINT `FK_actions_scenes_SceneId` FOREIGN KEY (`SceneId`) REFERENCES `scenes` (`Id`) ON DELETE CASCADE
) ENGINE=InnoDB DEFAULT CHARSET=utf8mb4 COLLATE=utf8mb4_0900_ai_ci;
/*!40101 SET character_set_client = @saved_cs_client */;

--
-- Dumping data for table `actions`
--

LOCK TABLES `actions` WRITE;
/*!40000 ALTER TABLE `actions` DISABLE KEYS */;
INSERT INTO `actions` VALUES ('08db965b-a291-443d-83c8-48fc9a3e6738','','08db965b-6a2f-4820-81f6-7fa5477dd529','08db940a-4b3d-4c6f-8b14-7732f1543497',_binary '{\"actionType\":1,\"level\":null}'),('08db965b-a6b4-4ec8-8e68-4bf81610f521','','08db965b-8665-41ee-8133-cc13fc1e497b','08db940a-4b3d-4c6f-8b14-7732f1543497',_binary '{\"actionType\":null,\"level\":28}'),('08db965b-b1ec-4ef2-8de9-1e5eb36cc519','','08db9658-e1e4-4a96-808e-4653b8ccbefb','08db940a-4b3d-4c6f-8b14-7732f1543497',_binary '{\"brightness\":100,\"colorTemperature\":null}'),('08db96f9-1862-4dba-85bd-776ac6c10fed','','08db965b-6a2f-4820-81f6-7fa5477dd529','08db964b-23bc-4f21-8f20-e5a1bf768bd6',_binary '{\"actionType\":1,\"level\":null}'),('08db9bb4-4e8d-4d6a-8de2-106fb8f613ef','','08db9658-e1e4-4a96-808e-4653b8ccbefb','08db964b-23bc-4f21-8f20-e5a1bf768bd6',_binary '{\"brightness\":0,\"colorTemperature\":null}'),('08db9e04-c31c-4c2f-8ceb-b4457542af34','','08db9d56-7418-4750-8786-38739ee0aa41','08db940a-4b3d-4c6f-8b14-7732f1543497',_binary '{\"actionType\":0,\"level\":null}'),('08db9e04-d811-46d9-8e9f-41b1aeb6eaf6','','08db9d56-7418-4750-8786-38739ee0aa41','08db964b-23bc-4f21-8f20-e5a1bf768bd6',_binary '{\"actionType\":1,\"level\":null}');
/*!40000 ALTER TABLE `actions` ENABLE KEYS */;
UNLOCK TABLES;

--
-- Table structure for table `aspnetuserclaims`
--

DROP TABLE IF EXISTS `aspnetuserclaims`;
/*!40101 SET @saved_cs_client     = @@character_set_client */;
/*!50503 SET character_set_client = utf8mb4 */;
CREATE TABLE `aspnetuserclaims` (
  `Id` int NOT NULL AUTO_INCREMENT,
  `UserId` varchar(255) CHARACTER SET utf8mb4 COLLATE utf8mb4_0900_ai_ci NOT NULL,
  `ClaimType` longtext CHARACTER SET utf8mb4 COLLATE utf8mb4_0900_ai_ci,
  `ClaimValue` longtext CHARACTER SET utf8mb4 COLLATE utf8mb4_0900_ai_ci,
  PRIMARY KEY (`Id`),
  KEY `IX_AspNetUserClaims_UserId` (`UserId`),
  CONSTRAINT `FK_AspNetUserClaims_AspNetUsers_UserId` FOREIGN KEY (`UserId`) REFERENCES `aspnetusers` (`Id`) ON DELETE CASCADE
) ENGINE=InnoDB DEFAULT CHARSET=utf8mb4 COLLATE=utf8mb4_0900_ai_ci;
/*!40101 SET character_set_client = @saved_cs_client */;

--
-- Dumping data for table `aspnetuserclaims`
--

LOCK TABLES `aspnetuserclaims` WRITE;
/*!40000 ALTER TABLE `aspnetuserclaims` DISABLE KEYS */;
/*!40000 ALTER TABLE `aspnetuserclaims` ENABLE KEYS */;
UNLOCK TABLES;

--
-- Table structure for table `aspnetuserlogins`
--

DROP TABLE IF EXISTS `aspnetuserlogins`;
/*!40101 SET @saved_cs_client     = @@character_set_client */;
/*!50503 SET character_set_client = utf8mb4 */;
CREATE TABLE `aspnetuserlogins` (
  `LoginProvider` varchar(255) CHARACTER SET utf8mb4 COLLATE utf8mb4_0900_ai_ci NOT NULL,
  `ProviderKey` varchar(255) CHARACTER SET utf8mb4 COLLATE utf8mb4_0900_ai_ci NOT NULL,
  `ProviderDisplayName` longtext CHARACTER SET utf8mb4 COLLATE utf8mb4_0900_ai_ci,
  `UserId` varchar(255) CHARACTER SET utf8mb4 COLLATE utf8mb4_0900_ai_ci NOT NULL,
  PRIMARY KEY (`LoginProvider`,`ProviderKey`),
  KEY `IX_AspNetUserLogins_UserId` (`UserId`),
  CONSTRAINT `FK_AspNetUserLogins_AspNetUsers_UserId` FOREIGN KEY (`UserId`) REFERENCES `aspnetusers` (`Id`) ON DELETE CASCADE
) ENGINE=InnoDB DEFAULT CHARSET=utf8mb4 COLLATE=utf8mb4_0900_ai_ci;
/*!40101 SET character_set_client = @saved_cs_client */;

--
-- Dumping data for table `aspnetuserlogins`
--

LOCK TABLES `aspnetuserlogins` WRITE;
/*!40000 ALTER TABLE `aspnetuserlogins` DISABLE KEYS */;
/*!40000 ALTER TABLE `aspnetuserlogins` ENABLE KEYS */;
UNLOCK TABLES;

--
-- Table structure for table `aspnetusers`
--

DROP TABLE IF EXISTS `aspnetusers`;
/*!40101 SET @saved_cs_client     = @@character_set_client */;
/*!50503 SET character_set_client = utf8mb4 */;
CREATE TABLE `aspnetusers` (
  `Id` varchar(255) CHARACTER SET utf8mb4 COLLATE utf8mb4_0900_ai_ci NOT NULL,
  `UserName` varchar(256) CHARACTER SET utf8mb4 COLLATE utf8mb4_0900_ai_ci DEFAULT NULL,
  `NormalizedUserName` varchar(256) CHARACTER SET utf8mb4 COLLATE utf8mb4_0900_ai_ci DEFAULT NULL,
  `Email` varchar(256) CHARACTER SET utf8mb4 COLLATE utf8mb4_0900_ai_ci DEFAULT NULL,
  `NormalizedEmail` varchar(256) CHARACTER SET utf8mb4 COLLATE utf8mb4_0900_ai_ci DEFAULT NULL,
  `EmailConfirmed` tinyint(1) NOT NULL,
  `PasswordHash` longtext CHARACTER SET utf8mb4 COLLATE utf8mb4_0900_ai_ci,
  `SecurityStamp` longtext CHARACTER SET utf8mb4 COLLATE utf8mb4_0900_ai_ci,
  `ConcurrencyStamp` longtext CHARACTER SET utf8mb4 COLLATE utf8mb4_0900_ai_ci,
  `PhoneNumber` longtext CHARACTER SET utf8mb4 COLLATE utf8mb4_0900_ai_ci,
  `PhoneNumberConfirmed` tinyint(1) NOT NULL,
  `TwoFactorEnabled` tinyint(1) NOT NULL,
  `LockoutEnd` datetime(6) DEFAULT NULL,
  `LockoutEnabled` tinyint(1) NOT NULL,
  `AccessFailedCount` int NOT NULL,
  PRIMARY KEY (`Id`),
  UNIQUE KEY `UserNameIndex` (`NormalizedUserName`),
  KEY `EmailIndex` (`NormalizedEmail`)
) ENGINE=InnoDB DEFAULT CHARSET=utf8mb4 COLLATE=utf8mb4_0900_ai_ci;
/*!40101 SET character_set_client = @saved_cs_client */;

--
-- Dumping data for table `aspnetusers`
--

LOCK TABLES `aspnetusers` WRITE;
/*!40000 ALTER TABLE `aspnetusers` DISABLE KEYS */;
INSERT INTO `aspnetusers` VALUES ('10af81a8-2243-4630-b935-30cb9aed6317','jonathanchan','JONATHANCHAN','jonathan@gmail.com','JONATHAN@GMAIL.COM',0,'AQAAAAIAAYagAAAAEG0+JyUA+ZLXblMfeIzel0RBUxuoXj47TwUEq3MY4Dvrck4dbL2uwqqi22IVnUmz9A==','GQV5SGAAHJE3MIVYVUPVBUESN55R4Z7V','98e4278e-482f-4d8c-a6ca-ad98f8cb9f91',NULL,0,0,NULL,1,0),('12c10897-8f5f-4148-96b8-733c5be9be0e','jonathan','JONATHAN','jonathan-test@gmail.com','JONATHAN-TEST@GMAIL.COM',0,'AQAAAAIAAYagAAAAEJpV8+hJmF8d+uRK2HpsIt27GXgkScIsCBh5EOK0dMgZXf42g9IbWCDdFfFqye9SlQ==','R3REVD2DI7ARZY6F5YF7ZIT55WCCKRFR','c95989c1-2286-44ee-9a53-d27e3d00c08e',NULL,0,0,NULL,1,0),('dd102998-b733-4489-82f2-9cc5bf9d336d','hometest','HOMETEST','hometest@gmail.com','HOMETEST@GMAIL.COM',0,'AQAAAAIAAYagAAAAEMwnmdr4OjoWx/LeYQ3j8B6Uag7aLT5js5XnjGPn1gtsTwcn/OvbkOspg6n8LLnAtw==','K522ZMT7XKFERA6QDGOQCVJAH2M6LIES','24da6947-17d8-4db8-8533-8f7ec99951ba',NULL,0,0,NULL,1,0);
/*!40000 ALTER TABLE `aspnetusers` ENABLE KEYS */;
UNLOCK TABLES;

--
-- Table structure for table `aspnetusertokens`
--

DROP TABLE IF EXISTS `aspnetusertokens`;
/*!40101 SET @saved_cs_client     = @@character_set_client */;
/*!50503 SET character_set_client = utf8mb4 */;
CREATE TABLE `aspnetusertokens` (
  `UserId` varchar(255) CHARACTER SET utf8mb4 COLLATE utf8mb4_0900_ai_ci NOT NULL,
  `LoginProvider` varchar(255) CHARACTER SET utf8mb4 COLLATE utf8mb4_0900_ai_ci NOT NULL,
  `Name` varchar(255) CHARACTER SET utf8mb4 COLLATE utf8mb4_0900_ai_ci NOT NULL,
  `Value` longtext CHARACTER SET utf8mb4 COLLATE utf8mb4_0900_ai_ci,
  PRIMARY KEY (`UserId`,`LoginProvider`,`Name`),
  CONSTRAINT `FK_AspNetUserTokens_AspNetUsers_UserId` FOREIGN KEY (`UserId`) REFERENCES `aspnetusers` (`Id`) ON DELETE CASCADE
) ENGINE=InnoDB DEFAULT CHARSET=utf8mb4 COLLATE=utf8mb4_0900_ai_ci;
/*!40101 SET character_set_client = @saved_cs_client */;

--
-- Dumping data for table `aspnetusertokens`
--

LOCK TABLES `aspnetusertokens` WRITE;
/*!40000 ALTER TABLE `aspnetusertokens` DISABLE KEYS */;
/*!40000 ALTER TABLE `aspnetusertokens` ENABLE KEYS */;
UNLOCK TABLES;

--
-- Table structure for table `floors`
--

DROP TABLE IF EXISTS `floors`;
/*!40101 SET @saved_cs_client     = @@character_set_client */;
/*!50503 SET character_set_client = utf8mb4 */;
CREATE TABLE `floors` (
  `Id` char(36) CHARACTER SET ascii COLLATE ascii_general_ci NOT NULL,
  `Name` varchar(50) CHARACTER SET utf8mb4 COLLATE utf8mb4_0900_ai_ci NOT NULL,
  `HomeId` char(36) CHARACTER SET ascii COLLATE ascii_general_ci NOT NULL,
  PRIMARY KEY (`Id`),
  UNIQUE KEY `IX_Floors_Name_HomeId` (`Name`,`HomeId`),
  KEY `IX_Floors_HomeId` (`HomeId`),
  CONSTRAINT `FK_Floors_SmartHome_HomeId` FOREIGN KEY (`HomeId`) REFERENCES `smarthome` (`Id`) ON DELETE CASCADE
) ENGINE=InnoDB DEFAULT CHARSET=utf8mb4 COLLATE=utf8mb4_0900_ai_ci;
/*!40101 SET character_set_client = @saved_cs_client */;

--
-- Dumping data for table `floors`
--

LOCK TABLES `floors` WRITE;
/*!40000 ALTER TABLE `floors` DISABLE KEYS */;
INSERT INTO `floors` VALUES ('08dba20e-d8fd-4f02-8f1b-90a89ecbdd38','1/F','08db8f48-5be6-44ed-8703-08d0eeddbd8f'),('08dba20f-2862-43fe-817b-c38f87a3f1db','2/F','08db8f48-5be6-44ed-8703-08d0eeddbd8f'),('08db964c-584e-4e5f-8984-92f162429f90','G/F','08db8f48-5be6-44ed-8703-08d0eeddbd8f'),('08dba3b5-46a6-4e3b-8cef-7161b6a913b6','R/F','08db8f48-5be6-44ed-8703-08d0eeddbd8f');
/*!40000 ALTER TABLE `floors` ENABLE KEYS */;
UNLOCK TABLES;

--
-- Table structure for table `homeinstallers`
--

DROP TABLE IF EXISTS `homeinstallers`;
/*!40101 SET @saved_cs_client     = @@character_set_client */;
/*!50503 SET character_set_client = utf8mb4 */;
CREATE TABLE `homeinstallers` (
  `InstallerHomeId` char(36) CHARACTER SET ascii COLLATE ascii_general_ci NOT NULL,
  `InstallersId` varchar(255) CHARACTER SET utf8mb4 COLLATE utf8mb4_0900_ai_ci NOT NULL,
  PRIMARY KEY (`InstallerHomeId`,`InstallersId`),
  KEY `IX_HomeInstallers_InstallersId` (`InstallersId`),
  CONSTRAINT `FK_HomeInstallers_AspNetUsers_InstallersId` FOREIGN KEY (`InstallersId`) REFERENCES `aspnetusers` (`Id`) ON DELETE CASCADE,
  CONSTRAINT `FK_HomeInstallers_SmartHome_InstallerHomeId` FOREIGN KEY (`InstallerHomeId`) REFERENCES `smarthome` (`Id`) ON DELETE CASCADE
) ENGINE=InnoDB DEFAULT CHARSET=utf8mb4 COLLATE=utf8mb4_0900_ai_ci;
/*!40101 SET character_set_client = @saved_cs_client */;

--
-- Dumping data for table `homeinstallers`
--

LOCK TABLES `homeinstallers` WRITE;
/*!40000 ALTER TABLE `homeinstallers` DISABLE KEYS */;
INSERT INTO `homeinstallers` VALUES ('08db8f48-5be6-44ed-8703-08d0eeddbd8f','dd102998-b733-4489-82f2-9cc5bf9d336d'),('08dba066-a503-4ae7-86a1-c6d2dde49434','dd102998-b733-4489-82f2-9cc5bf9d336d');
/*!40000 ALTER TABLE `homeinstallers` ENABLE KEYS */;
UNLOCK TABLES;

--
-- Table structure for table `homeusers`
--

DROP TABLE IF EXISTS `homeusers`;
/*!40101 SET @saved_cs_client     = @@character_set_client */;
/*!50503 SET character_set_client = utf8mb4 */;
CREATE TABLE `homeusers` (
  `UserHomeId` char(36) CHARACTER SET ascii COLLATE ascii_general_ci NOT NULL,
  `UsersId` varchar(255) CHARACTER SET utf8mb4 COLLATE utf8mb4_0900_ai_ci NOT NULL,
  PRIMARY KEY (`UserHomeId`,`UsersId`),
  KEY `IX_HomeUsers_UsersId` (`UsersId`),
  CONSTRAINT `FK_HomeUsers_AspNetUsers_UsersId` FOREIGN KEY (`UsersId`) REFERENCES `aspnetusers` (`Id`) ON DELETE CASCADE,
  CONSTRAINT `FK_HomeUsers_SmartHome_UserHomeId` FOREIGN KEY (`UserHomeId`) REFERENCES `smarthome` (`Id`) ON DELETE CASCADE
) ENGINE=InnoDB DEFAULT CHARSET=utf8mb4 COLLATE=utf8mb4_0900_ai_ci;
/*!40101 SET character_set_client = @saved_cs_client */;

--
-- Dumping data for table `homeusers`
--

LOCK TABLES `homeusers` WRITE;
/*!40000 ALTER TABLE `homeusers` DISABLE KEYS */;
INSERT INTO `homeusers` VALUES ('08db8f48-5be6-44ed-8703-08d0eeddbd8f','dd102998-b733-4489-82f2-9cc5bf9d336d');
/*!40000 ALTER TABLE `homeusers` ENABLE KEYS */;
UNLOCK TABLES;

--
-- Table structure for table `jwtblacklist`
--

DROP TABLE IF EXISTS `jwtblacklist`;
/*!40101 SET @saved_cs_client     = @@character_set_client */;
/*!50503 SET character_set_client = utf8mb4 */;
CREATE TABLE `jwtblacklist` (
  `Jti` varchar(255) CHARACTER SET utf8mb4 COLLATE utf8mb4_0900_ai_ci NOT NULL,
  `ExpireOn` datetime(6) NOT NULL,
  PRIMARY KEY (`Jti`)
) ENGINE=InnoDB DEFAULT CHARSET=utf8mb4 COLLATE=utf8mb4_0900_ai_ci;
/*!40101 SET character_set_client = @saved_cs_client */;

--
-- Dumping data for table `jwtblacklist`
--

LOCK TABLES `jwtblacklist` WRITE;
/*!40000 ALTER TABLE `jwtblacklist` DISABLE KEYS */;
INSERT INTO `jwtblacklist` VALUES ('10c33891-8c75-4aef-a561-3d99d3bec7d6','2023-07-29 23:34:58.000000'),('15e43cab-c9f0-4ecc-a6f8-55d250ef46c4','2023-07-30 23:15:52.000000'),('29c0dc4d-a53e-4164-8d39-5c7a48d097e5','2023-03-12 10:40:02.000000'),('2cdbcdec-936d-4555-8e2e-88185b41517c','2023-08-05 00:24:52.000000'),('58b3c210-5815-4be4-830e-3c84143c986c','2023-03-04 11:15:17.000000'),('5a63872f-90c3-40c4-9790-a877c502f9ab','2023-07-30 23:15:35.000000'),('5ec771de-4502-4bb3-bbbd-23fab3208c44','2023-08-01 08:37:31.000000'),('66834550-246c-4460-afc3-18d3af8df735','2023-07-29 23:33:07.000000'),('729cde43-cf46-40c9-944c-0435982ee6da','2023-08-14 17:32:57.000000'),('72d64742-58d1-47ae-813a-c04fcff0ad31','2023-03-12 10:43:24.000000'),('761920a5-2e66-4541-8fd4-8a9369d2ece2','2023-07-29 23:34:35.000000'),('77a61b10-c99e-4c31-b3c2-09ef9a765a0b','2023-03-04 21:26:13.000000'),('784a82ec-2a9e-48a4-921d-25f85503a6b0','2023-02-22 16:21:24.000000'),('89a804f7-9331-4a32-a5cc-1da7d73b0e47','2023-08-06 17:59:36.000000'),('8c8d8ecd-4e01-4d60-a89b-034b5b8b6a11','2023-08-01 08:31:11.000000'),('9ba16989-5f3f-47fe-ba0a-127f26c83cbf','2023-08-19 12:35:10.000000'),('9e3a9660-de39-4343-b904-36b694af5219','2023-08-01 08:36:07.000000'),('af651bca-17b4-441a-977f-2d589826460d','2023-07-30 23:19:25.000000'),('c409cd2c-af89-4621-8cba-39d13318714e','2023-08-06 22:10:21.000000'),('cd443702-c5b5-4aff-8565-838bda1a408c','2023-03-04 19:41:18.000000'),('ce45afd7-f10a-4e51-a337-3784014714cb','2023-08-17 18:16:51.000000'),('d7137747-5fb5-4ed3-bff6-41475e22844b','2023-08-19 14:58:17.000000'),('db0f09df-03b3-40e0-989a-ff3882bd6519','2023-03-04 11:21:54.000000'),('e7a90683-ddae-49f1-987f-796d9e608c90','2023-02-22 16:29:40.000000'),('f75d648f-cca3-4868-bfe3-dd3051ad268f','2023-08-01 08:30:43.000000'),('f927b44a-e7ba-4c89-a5bb-26cc7c66c836','2023-07-30 23:14:22.000000');
/*!40000 ALTER TABLE `jwtblacklist` ENABLE KEYS */;
UNLOCK TABLES;

--
-- Table structure for table `mqttclients`
--

DROP TABLE IF EXISTS `mqttclients`;
/*!40101 SET @saved_cs_client     = @@character_set_client */;
/*!50503 SET character_set_client = utf8mb4 */;
CREATE TABLE `mqttclients` (
  `ClientId` int NOT NULL AUTO_INCREMENT,
  `UserId` varchar(255) CHARACTER SET utf8mb4 COLLATE utf8mb4_0900_ai_ci NOT NULL,
  `HomeId` char(36) CHARACTER SET ascii COLLATE ascii_general_ci NOT NULL,
  `Revoked` tinyint(1) NOT NULL,
  `CreatedAt` datetime(6) NOT NULL,
  PRIMARY KEY (`ClientId`),
  KEY `IX_MqttClients_HomeId` (`HomeId`),
  KEY `IX_MqttClients_UserId` (`UserId`),
  CONSTRAINT `FK_MqttClients_AspNetUsers_UserId` FOREIGN KEY (`UserId`) REFERENCES `aspnetusers` (`Id`) ON DELETE CASCADE,
  CONSTRAINT `FK_MqttClients_SmartHome_HomeId` FOREIGN KEY (`HomeId`) REFERENCES `smarthome` (`Id`) ON DELETE CASCADE
) ENGINE=InnoDB AUTO_INCREMENT=22 DEFAULT CHARSET=utf8mb4 COLLATE=utf8mb4_0900_ai_ci;
/*!40101 SET character_set_client = @saved_cs_client */;

--
-- Dumping data for table `mqttclients`
--

LOCK TABLES `mqttclients` WRITE;
/*!40000 ALTER TABLE `mqttclients` DISABLE KEYS */;
INSERT INTO `mqttclients` VALUES (14,'dd102998-b733-4489-82f2-9cc5bf9d336d','08db8f48-5be6-44ed-8703-08d0eeddbd8f',0,'2023-08-03 08:48:20.138588'),(15,'dd102998-b733-4489-82f2-9cc5bf9d336d','08db8f48-5be6-44ed-8703-08d0eeddbd8f',0,'2023-08-04 23:37:04.879100'),(16,'dd102998-b733-4489-82f2-9cc5bf9d336d','08db8f48-5be6-44ed-8703-08d0eeddbd8f',0,'2023-08-05 00:38:00.282860'),(17,'dd102998-b733-4489-82f2-9cc5bf9d336d','08db8f48-5be6-44ed-8703-08d0eeddbd8f',0,'2023-08-14 15:44:30.604515'),(18,'dd102998-b733-4489-82f2-9cc5bf9d336d','08db8f48-5be6-44ed-8703-08d0eeddbd8f',0,'2023-08-16 10:15:50.713133'),(19,'dd102998-b733-4489-82f2-9cc5bf9d336d','08db8f48-5be6-44ed-8703-08d0eeddbd8f',0,'2023-08-29 09:38:30.433085'),(20,'dd102998-b733-4489-82f2-9cc5bf9d336d','08db8f48-5be6-44ed-8703-08d0eeddbd8f',0,'2023-08-29 09:52:01.664396'),(21,'dd102998-b733-4489-82f2-9cc5bf9d336d','08db8f48-5be6-44ed-8703-08d0eeddbd8f',0,'2023-08-29 15:49:27.233618');
/*!40000 ALTER TABLE `mqttclients` ENABLE KEYS */;
UNLOCK TABLES;

--
-- Table structure for table `processors`
--

DROP TABLE IF EXISTS `processors`;
/*!40101 SET @saved_cs_client     = @@character_set_client */;
/*!50503 SET character_set_client = utf8mb4 */;
CREATE TABLE `processors` (
  `Id` char(36) CHARACTER SET ascii COLLATE ascii_general_ci NOT NULL,
  `MqttClientId` int NOT NULL,
  `OnlineStatus` tinyint(1) NOT NULL,
  `Password` longtext CHARACTER SET utf8mb4 COLLATE utf8mb4_0900_ai_ci NOT NULL,
  `AddedAt` datetime(6) NOT NULL,
  PRIMARY KEY (`Id`),
  KEY `IX_Processors_MqttClientId` (`MqttClientId`),
  CONSTRAINT `FK_Processors_MqttClients_MqttClientId` FOREIGN KEY (`MqttClientId`) REFERENCES `mqttclients` (`ClientId`) ON DELETE CASCADE
) ENGINE=InnoDB DEFAULT CHARSET=utf8mb4 COLLATE=utf8mb4_0900_ai_ci;
/*!40101 SET character_set_client = @saved_cs_client */;

--
-- Dumping data for table `processors`
--

LOCK TABLES `processors` WRITE;
/*!40000 ALTER TABLE `processors` DISABLE KEYS */;
INSERT INTO `processors` VALUES ('08db9509-2a7a-4ebf-8755-0bf4c612dd8c',16,1,'X&FbCE9|tq','2023-08-04 16:38:00.297526');
/*!40000 ALTER TABLE `processors` ENABLE KEYS */;
UNLOCK TABLES;

--
-- Table structure for table `refreshtoken`
--

DROP TABLE IF EXISTS `refreshtoken`;
/*!40101 SET @saved_cs_client     = @@character_set_client */;
/*!50503 SET character_set_client = utf8mb4 */;
CREATE TABLE `refreshtoken` (
  `Id` varchar(255) CHARACTER SET utf8mb4 COLLATE utf8mb4_0900_ai_ci NOT NULL,
  `Token` longtext CHARACTER SET utf8mb4 COLLATE utf8mb4_0900_ai_ci NOT NULL,
  `UserId` varchar(255) CHARACTER SET utf8mb4 COLLATE utf8mb4_0900_ai_ci NOT NULL,
  `JwtId` longtext CHARACTER SET utf8mb4 COLLATE utf8mb4_0900_ai_ci NOT NULL,
  `IsUsed` tinyint(1) NOT NULL,
  `IsRevoked` tinyint(1) NOT NULL,
  `AddedDate` datetime(6) NOT NULL,
  `ExpiryDate` datetime(6) NOT NULL,
  PRIMARY KEY (`Id`),
  KEY `IX_RefreshToken_UserId` (`UserId`),
  CONSTRAINT `FK_RefreshToken_AspNetUsers_UserId` FOREIGN KEY (`UserId`) REFERENCES `aspnetusers` (`Id`) ON DELETE CASCADE
) ENGINE=InnoDB DEFAULT CHARSET=utf8mb4 COLLATE=utf8mb4_0900_ai_ci;
/*!40101 SET character_set_client = @saved_cs_client */;

--
-- Dumping data for table `refreshtoken`
--

LOCK TABLES `refreshtoken` WRITE;
/*!40000 ALTER TABLE `refreshtoken` DISABLE KEYS */;
INSERT INTO `refreshtoken` VALUES ('0023a631-6bbb-453b-a485-7e5716b6ea6a','c82fe8c1-1330-44a2-8585-102c3d4160daqOlRZJ4j`+LM<.D{*ZSUj6xc+','dd102998-b733-4489-82f2-9cc5bf9d336d','8839acba-815f-414e-a5fa-b426af4d21b0',1,0,'2023-08-20 08:06:54.963477','2024-02-20 08:06:54.963477'),('00935375-b02f-4b34-9fc8-d247b8d5e1a4','ec7f6bfe-b905-4c56-9fd3-a1d3c48ead57h/a!>O&TQ5<rn%|R6/Ez2df)$','12c10897-8f5f-4148-96b8-733c5be9be0e','e80622f5-f33e-4f9f-b651-62a55b1744e0',1,0,'2023-06-26 12:38:49.765206','2023-12-26 12:38:49.765206'),('0099f3a2-23c2-4252-a94d-649af7bb5923','fce32486-9391-4ec9-9d81-c9a9f50a934fY%MzrO<`GPGP%Rd<i$#_w7X.D','12c10897-8f5f-4148-96b8-733c5be9be0e','40aa7e55-939b-4145-a480-1d09978db221',1,0,'2023-06-23 12:35:24.929745','2023-12-23 12:35:24.929745'),('00a71f4f-1978-4f12-a9d0-34bea302ddbd','fa85b7e7-3838-4ccb-8aef-e536be35da1dL}X+7L/7,`7nJ/rn\"4p)BSPN0','12c10897-8f5f-4148-96b8-733c5be9be0e','a33ae111-daec-445b-8d02-3ca461a11636',1,0,'2023-06-23 07:21:08.241123','2023-12-23 07:21:08.241144'),('011f2bf1-e978-4128-87de-4b17a85dd705','6f8c2b77-d5f6-490c-8077-7b1641c6d64c+pKTUtX__2YX(stwda*e=sBQC','dd102998-b733-4489-82f2-9cc5bf9d336d','7900d26a-b446-4554-ae5d-0e7f9c3cc33b',0,0,'2023-08-16 04:23:26.151101','2024-02-16 04:23:26.151101'),('013dccca-d0ec-44be-9dcd-7a00160140fc','75bbb36c-a602-43b1-bb1c-922d5c09823fvVQ5TxcLWaaqR?Y+XF!,|>P<8','dd102998-b733-4489-82f2-9cc5bf9d336d','9b8624c9-4775-411e-8677-c8bc5cb74f1f',1,0,'2023-08-18 04:33:17.671726','2024-02-18 04:33:17.671726'),('017ef0f5-6c98-4802-b04b-7a7b62e10b37','0fe71154-6460-4b66-ba97-e179340dad53O5)vCalbe\"E>(5-!SN`yy4]{U','dd102998-b733-4489-82f2-9cc5bf9d336d','c409cd2c-af89-4621-8cba-39d13318714e',0,1,'2023-08-06 14:05:21.991594','2024-02-06 14:05:21.991594'),('0215f458-a2f1-49ec-9256-59ff9b668283','52ea8492-5cd0-4510-aac5-f36a199f520aIAD$b\\ep><O_oe\"do:pi[+:]b','12c10897-8f5f-4148-96b8-733c5be9be0e','985db32e-907f-4016-ba0d-5db6219ee23b',1,0,'2023-06-12 02:30:37.908905','2023-12-12 02:30:37.908905'),('026cc2b1-6b0d-4486-b9a7-e7a99f6b699a','b8628260-b718-444a-8564-f24e7935aeecz#E3b]]1mKMq7a!cow\"0530o4','dd102998-b733-4489-82f2-9cc5bf9d336d','fc387461-0b84-4fdf-8148-12b9c942fdc5',1,0,'2023-08-25 06:37:42.022435','2024-02-25 06:37:42.022435'),('0276b11d-fe41-4e35-949e-3cb800f0f045','db0b247e-27a8-4243-986a-e4895c99fa162PD|GO1IDLRUd+Eu.4@zJ?o0q','dd102998-b733-4489-82f2-9cc5bf9d336d','bf1470ae-e642-4325-a5c0-56bbe49aa570',1,0,'2023-08-17 10:12:22.814301','2024-02-17 10:12:22.814301'),('02ed9c51-8e4b-4bed-b09e-4b0a2eb4c276','91145f23-6c23-4fcf-9223-85b8ef2760e1knh,I19\\%cL[RDFlSh1WOve}q','dd102998-b733-4489-82f2-9cc5bf9d336d','bc9ead88-ac40-46bb-ba3f-d78b1f987648',1,0,'2023-08-24 08:29:06.205237','2024-02-24 08:29:06.205237'),('02f1871f-e3ef-446a-996a-de7b3fcaf036','2892c3d2-c2b7-44ef-bf4a-4e50e99ea4c2K{jj`i,tf/3$fStGV*fUp<?X>','12c10897-8f5f-4148-96b8-733c5be9be0e','b84ea41a-a30e-429c-90fd-2f7bd4704c7e',0,0,'2023-03-16 04:03:43.025093','2023-03-16 04:13:43.025093'),('035d5167-666f-41cb-a742-102058e074ab','7fad2089-e8ed-451f-b32d-4cad60f23b6b$(ohNUA:E)-0,E?bk6,K4rl1*','12c10897-8f5f-4148-96b8-733c5be9be0e','00bf2eac-bd44-4fc1-a639-70a0fb879de3',1,0,'2023-06-12 00:10:37.185015','2023-12-12 00:10:37.185015'),('03d6e1f0-6b15-489c-8732-3804c48c4615','1b05877e-2e65-4d2a-ae7b-c432c8ba8ddcZuECiZZX8O$qQ>vOY]i\"8uB>{','dd102998-b733-4489-82f2-9cc5bf9d336d','bf59ff8a-37a9-41d2-a0b2-7a49d7f42eb3',1,0,'2023-08-03 09:09:47.449159','2024-02-03 09:09:47.449159'),('0434ba92-0205-429a-89e4-0fe6f472da67','0ee9dc84-175f-42cf-b152-fe50a88987c8=nfM(|%Hnw*=-\\C/g=EQeuIG`','12c10897-8f5f-4148-96b8-733c5be9be0e','4e0f8532-c6b8-4fbb-8c01-b3b1bcc1eeaf',1,0,'2023-07-02 10:29:29.331678','2024-01-02 10:29:29.331678'),('04d16988-ffdc-45aa-87ec-02963d87fba7','ec8e343d-d847-4be8-b9fb-e968d1be169fdrmX0P31Pso?VR%(P<d>$aYs$','12c10897-8f5f-4148-96b8-733c5be9be0e','04e94179-ebd2-4116-8889-3b4c8fa60d39',1,0,'2023-07-28 08:02:36.734515','2024-01-28 08:02:36.734536'),('04d1aec8-ae6e-4d41-8159-dcf379c336ce','a538ca2b-17d1-4c2c-8af8-890ce17a9e58Gz}Z/OQw\")Bg#0FhCnjcY78j?','dd102998-b733-4489-82f2-9cc5bf9d336d','a7457897-47e1-45c3-b2a9-e2e8e23c5d0b',1,0,'2023-08-16 04:13:05.125156','2024-02-16 04:13:05.125156'),('05860785-7841-4d97-807c-f2a2895ed603','df71e990-9884-4038-920c-c0758d71a4772eB]dp.JF&ObTy_E@%7*x{,+.','dd102998-b733-4489-82f2-9cc5bf9d336d','2f7a5383-f5f0-4c39-8b93-199ddb6d86e8',1,0,'2023-08-20 14:19:30.422603','2024-02-20 14:19:30.422603'),('0621a01c-dca1-4eb0-a10c-1c9653a25169','d1bc9b76-4a0b-4250-ac44-48626e55255ddGhYy\"+;p(8\\IW684\\9\"9t;Ii','12c10897-8f5f-4148-96b8-733c5be9be0e','86abfa14-d318-43d3-928b-f5d1f4e10f18',1,0,'2023-07-17 10:00:29.592066','2024-01-17 10:00:29.592066'),('069a88b1-dcfe-4420-87b8-f5b82c7d6a30','4fd60011-0393-47a1-aa14-0b1dc212a36b=&4-B})nSrwTa/sxj9Zf%@L/!','12c10897-8f5f-4148-96b8-733c5be9be0e','95a6706e-37c0-4c68-8eb7-f4707192e78c',1,0,'2023-05-18 02:42:39.584221','2023-11-18 02:42:39.584221'),('070b8081-b9af-4957-a41e-dc3379b566f3','dd53863e-aeab-4ee2-b671-269f01c4f5271tyeV9=)ReH0hvAV0@pJGILfT','12c10897-8f5f-4148-96b8-733c5be9be0e','d00b9ea1-09f6-4317-9854-68352debbbf1',1,0,'2023-05-07 08:20:33.505214','2023-11-07 08:20:33.505214'),('072eb83a-cad2-4f04-8e35-d72433f0fb59','163ef0ac-4093-4628-bfb9-1b42726dcfc8G$b+Du/!T(P7O(oIIXikk:\\D,','12c10897-8f5f-4148-96b8-733c5be9be0e','31a97d23-114b-4e3f-8e8f-e1a0c03c9ef2',1,0,'2023-07-13 00:38:04.376281','2024-01-13 00:38:04.376281'),('0735bd62-070a-40b9-9607-f4344442121a','884d3b7e-89b1-4315-9311-208b669418e2oPzlLZ[cpB&-[y@L0xy6:{fXU','dd102998-b733-4489-82f2-9cc5bf9d336d','af5314d8-58e6-4106-ab07-ae990373b043',1,0,'2023-08-15 01:07:53.130553','2024-02-15 01:07:53.130553'),('07b0a71b-dc3d-4206-bf97-cbf9a7b348b3','30c8a5ea-68b9-4c20-9778-08af491d2938gIns&5;>S#P8ieTp=;5@?n`JH','dd102998-b733-4489-82f2-9cc5bf9d336d','60a08db0-2631-409c-90da-65d4c009a26c',1,0,'2023-08-21 05:54:08.802391','2024-02-21 05:54:08.802391'),('07c34e45-2783-4c8d-acd8-51397cda9a92','978d46da-f244-403f-ac20-d2a16f6f8fd2nhUN7vN0^rFsD-]u1NKemr$!{','dd102998-b733-4489-82f2-9cc5bf9d336d','8f271dfa-2243-4aa9-a596-7bf516231b0e',1,0,'2023-08-13 02:04:10.554869','2024-02-13 02:04:10.554870'),('07de28f0-b718-4239-aef8-530833699af6','b64a1a46-34cb-4f73-977f-9da217d405dbi]J}%cmQ)l6Dc^FeRA\'9b=O${','12c10897-8f5f-4148-96b8-733c5be9be0e','86f4b6e5-22c9-4e36-88cb-fc6800b15dc9',1,0,'2023-06-09 07:19:19.822627','2023-12-09 07:19:19.822627'),('07f14481-f3bc-4076-aab9-6843807e035f','74b877a2-24a3-4323-b7ce-350f94a7212dM8wMS=):`&`\";ccxsU)IPYfLP','12c10897-8f5f-4148-96b8-733c5be9be0e','c8b087f3-4023-4b3d-9524-f383f827e0e8',1,0,'2023-06-26 13:47:04.700151','2023-12-26 13:47:04.700151'),('08ac35fe-821c-493c-8fea-d2343fe39932','0044f812-e3f2-40a9-a7bf-09c614860508Z2,)JrfB&MK2P7\'jx5t))n%5e','12c10897-8f5f-4148-96b8-733c5be9be0e','4aad2781-a766-4a04-93d8-3d7146d4348d',0,0,'2023-02-22 10:10:07.363894','2023-08-22 10:10:07.363894'),('08ca0a5a-873e-4b14-b842-044b1f0a9ce3','6771abad-bde5-4d7c-88f0-0a6355414437;6IB;}8RrO}N:bvQuemb_E|qf','12c10897-8f5f-4148-96b8-733c5be9be0e','023121f2-2150-4a54-b5d2-ce8d0825c791',1,0,'2023-02-21 09:32:07.315234','2023-08-21 09:32:07.315234'),('094388f0-9daf-46a0-b2cd-acb77824cfdd','d0d2da8e-dd1d-422f-a505-94142f3f6858H%KMr4++&[</)\'pHFqy&YtBx0','dd102998-b733-4489-82f2-9cc5bf9d336d','14201b32-bb18-485f-a6a2-d551fda548be',0,0,'2023-08-28 08:11:28.419083','2024-02-28 08:11:28.419083'),('094ec8bb-6097-435e-8349-17fb704bca10','3c9c433c-38d1-464b-af96-6607ad2a9529B;$1-?tHC[Dl5g=px\"DqomXIc','dd102998-b733-4489-82f2-9cc5bf9d336d','7036714b-4f8a-4a3d-b7e6-5ad041e683b1',1,0,'2023-08-18 03:56:36.241723','2024-02-18 03:56:36.241723'),('09b0d5ec-df7d-478c-9512-902a02c17ea7','98b7ed38-e8d4-4e0c-ba43-aa016aeab98ctceeMPWG>Co\'biiFV0YF36?KV','12c10897-8f5f-4148-96b8-733c5be9be0e','761920a5-2e66-4541-8fd4-8a9369d2ece2',0,1,'2023-07-29 15:29:35.469993','2024-01-29 15:29:35.469993'),('09fd45b4-4ada-4054-ae1b-d25872beefbd','e7873b52-ab99-4bb7-958a-19821d1c0237[Wrbj&v`a7*m]5I\'KPR!1{@Ih','dd102998-b733-4489-82f2-9cc5bf9d336d','45306063-a755-49c4-81b9-c69073c07775',1,0,'2023-08-22 03:18:47.500036','2024-02-22 03:18:47.500036'),('09fd70c4-30a9-4426-bd24-eb3ed7196dc0','8ab9784a-9f0f-49b4-9f26-258477dc82cd87_`Foglm|wq%.Xi@K]R1rxly','12c10897-8f5f-4148-96b8-733c5be9be0e','94304c1e-6b26-414c-9cef-3e48a444e7d3',1,0,'2023-05-07 11:15:43.622957','2023-11-07 11:15:43.622957'),('0a235ba3-17e8-41cb-aae0-54f8e5d33b26','74197dd3-60d8-47d6-af37-b0ff48be74ce[Ao&=m(B-vfMzVQPya%__#V3`','dd102998-b733-4489-82f2-9cc5bf9d336d','d93a79d4-4735-4d5a-a657-433b2355ddfd',1,0,'2023-08-29 07:40:01.372848','2024-02-29 07:40:01.372848'),('0abeef5b-58da-4b83-83ec-878772ddb20e','552861b5-95d4-4e0a-b449-029e5acbcc8c(U0afSzeHM5_&$vn{3PA,jtTS','dd102998-b733-4489-82f2-9cc5bf9d336d','7635d250-ce01-42ec-aec0-e1034414fc4a',1,0,'2023-08-27 14:18:29.711473','2024-02-27 14:18:29.711473'),('0b49de82-b549-4513-a334-fbdac5dab164','73e4cb84-c0a6-4b85-ae9d-c19b014a3e2f>l!J4+/1$#P^1W]G&w8aQ;5:%','12c10897-8f5f-4148-96b8-733c5be9be0e','eefa83ed-e740-478f-b5fe-99dd156f81b8',1,0,'2023-04-24 03:17:35.822917','2023-10-24 03:17:35.822917'),('0b6e33a4-90c6-4cea-85aa-c8af8fef1f84','7237d8ac-0014-457e-9642-480a4545ff3b=Z)QhNX{}2Hf9p%u;Wa`HM;Ya','dd102998-b733-4489-82f2-9cc5bf9d336d','4ce69913-a976-4d03-88b4-77aca07e38ea',0,0,'2023-08-22 07:26:23.083063','2024-02-22 07:26:23.083063'),('0b9c0a17-caa0-41f4-abe2-f79cb393b1f3','f51f224d-aabe-45dc-96ae-ee86d7428bffUc/:\'PKy=K,%#@4l<u&ita?dc','dd102998-b733-4489-82f2-9cc5bf9d336d','7905aa1f-80c4-4157-8e5e-fd06bd8d0115',0,0,'2023-08-06 01:47:48.785980','2024-02-06 01:47:48.785980'),('0badabcb-cd3e-48a3-9991-7047fa8b9358','2063458b-a123-4c7c-b547-f0c135bdf58fucl!*y>[9O*R$\"06m4tS[%V`\'','dd102998-b733-4489-82f2-9cc5bf9d336d','e82be3b2-a01b-4097-a706-3a2a76f48f59',1,0,'2023-08-14 07:53:21.591893','2024-02-14 07:53:21.591893'),('0bcc94bf-0324-4eff-b1c1-70c30618eb9a','f45ba4ee-c4e2-4be4-a87f-0b61e9069167^q_hk\"A;TY.l`oNMTmFMzS\\bL','dd102998-b733-4489-82f2-9cc5bf9d336d','a3dc0e8b-313c-4655-b668-2411648e20d1',1,0,'2023-08-04 15:48:15.865236','2024-02-04 15:48:15.865236'),('0c39ec87-7e81-4bc4-b850-b8a561f7666b','7e509528-19a8-4e95-a320-0299029bd3dfhM=sJo-|D*xg[WP@dF#z#Q2+;','12c10897-8f5f-4148-96b8-733c5be9be0e','64149242-5aff-4abd-8684-0467a51b5652',1,0,'2023-07-15 15:01:59.829459','2024-01-15 15:01:59.829459'),('0c39f8de-e742-4971-8273-1fb1fd9cdd68','c5eba182-b5ce-47bf-b867-77bbac52368d4TXMXD4ZwXFF-?je)ECpj>e9y','dd102998-b733-4489-82f2-9cc5bf9d336d','e930a3af-0cd9-4176-b31a-3f1789d222b6',1,0,'2023-08-21 05:48:17.519237','2024-02-21 05:48:17.519237'),('0c7ef06a-d80c-45aa-a903-e4d52f8ffd19','9a25fc38-492a-4c7d-bf08-8b68e2e46750tt!A#G5YV`tnrq${0Fdw*zecK','12c10897-8f5f-4148-96b8-733c5be9be0e','90456492-66a8-4d9b-b694-1616ebc5adde',1,0,'2023-04-07 15:28:09.445435','2023-10-07 15:28:09.445455'),('0c9363db-b231-4a87-983e-8441672c1620','d55a1e9b-dd0c-4bcb-b1f0-bcb3d587afceoh)=QZ}8QMOKGG-}HI1O.i\'Q\'','dd102998-b733-4489-82f2-9cc5bf9d336d','3076f604-2668-4a01-8b43-ae35683533b4',1,0,'2023-08-27 13:58:50.835708','2024-02-27 13:58:50.835708'),('0d1e344c-3722-4426-8ba4-25008846d9c0','85c3bec8-1723-4757-9bf3-fb0b572a823c*p=T@-cU2}0u.p|*`V}M^b0$u','12c10897-8f5f-4148-96b8-733c5be9be0e','74688b5e-637b-48b7-be28-0bb2992c74a6',0,0,'2023-04-06 03:27:45.332105','2023-10-06 03:27:45.332126'),('0da15b37-381e-4f1c-8232-2c07687e5169','79754026-588d-45ef-93c6-8d0cc00b06e6OD{8!1QI\'p\"ai=e!&1cv*ird1','dd102998-b733-4489-82f2-9cc5bf9d336d','98721373-14a7-4570-8fef-f753ee5cbd8a',1,0,'2023-08-28 04:13:54.026013','2024-02-28 04:13:54.026013'),('0dc0e98f-b6d2-47c5-9671-6612f46bff75','edb78841-5174-4dcc-b703-b61842b7adedtz1R2[n8R\\8#TGp\"wCTzNLo|b','dd102998-b733-4489-82f2-9cc5bf9d336d','0c732c80-0df4-4149-8c49-49a294409f1f',1,0,'2023-08-01 04:10:40.690627','2024-02-01 04:10:40.690627'),('0ddbba7b-6263-4fc5-b73d-1576915c42be','3a1fb51e-390b-4b1a-94e9-581e331db16eZKhE?v?QRjMy*nEx,c2Y0AFc|','dd102998-b733-4489-82f2-9cc5bf9d336d','261358b9-cc14-4ed2-862c-b43f7254f136',1,0,'2023-08-28 03:35:53.203117','2024-02-28 03:35:53.203117'),('0de8a2cc-f4b8-4061-9b80-c5d54ba66707','b7b1dd4c-d84b-48ec-aa20-520d1a27d810(zf>^rE?16\"*v?K4dnyEy;PP*','dd102998-b733-4489-82f2-9cc5bf9d336d','e38e520f-6eee-489e-983e-290708877270',1,0,'2023-08-25 08:21:56.122878','2024-02-25 08:21:56.122878'),('0e061211-c11d-45c0-8f80-558db4e0d157','228ddfa2-3c17-4af5-a2c6-b7aa3c2fd12c_4J%LuQ>Mp]u{Dyga3H@.W/As','12c10897-8f5f-4148-96b8-733c5be9be0e','e733bdfb-e662-42f5-bdb4-23e8cb97919f',1,0,'2023-06-08 09:06:41.465077','2023-12-08 09:06:41.465109'),('0e9fd94b-7c07-4757-a70f-fae4d4d113c3','61bc414b-b9ed-48a5-a02e-6952103bb164-C04e%rgesQ]x+fI6(81Zz\\fY','12c10897-8f5f-4148-96b8-733c5be9be0e','c2566acf-a773-4a99-adef-2cec07fc0de9',1,0,'2023-05-10 02:50:23.914264','2023-11-10 02:50:23.914264'),('0eec81fd-bb93-4e6e-ba20-e47ff75265a4','f22817bb-bfa3-4c84-b909-ed0b26349d9aS^TVJ?JRvkl/:&sX?/j<%`r>7','dd102998-b733-4489-82f2-9cc5bf9d336d','911eca84-c6d7-4a3a-abd7-9ddebcc54482',1,0,'2023-08-23 08:35:27.936731','2024-02-23 08:35:27.936731'),('0f0228ac-38df-431b-a0d8-19773b3e794a','0f9971d3-34b7-4e39-b2c3-59cf334dff543t+wS:4l\\AxGD>ujXZAJy=1ra','dd102998-b733-4489-82f2-9cc5bf9d336d','ea68db18-7cbd-416d-a07b-8e9b8c43b8cd',1,0,'2023-08-16 08:20:10.270043','2024-02-16 08:20:10.270043'),('0f77761b-21c1-4bcc-bb35-73cb63ba9bff','32279d9d-cb80-44ba-b547-fd97a190186cpNc>NGigoJS!=NJgt(H%/T88^','12c10897-8f5f-4148-96b8-733c5be9be0e','d15f7807-2971-40fa-9b56-fb88ea818097',1,0,'2023-06-24 07:12:09.283134','2023-12-24 07:12:09.283155'),('0fa7a8e3-08d2-49f9-9e24-5b28254e31e1','ad5e5310-158e-46cb-8537-92015970bc0dC+wy@C]YV.=NKa[6<D-YpQ5[\"','dd102998-b733-4489-82f2-9cc5bf9d336d','c55fd28f-4555-4e0f-8bde-cadc2a7671e6',1,0,'2023-08-13 16:39:26.852161','2024-02-13 16:39:26.852161'),('0fb80060-df0d-4687-ae80-734e29e21e61','8b4775ef-501f-40fe-bd94-12048a0a2628_$o#]4uJ1J#JXx4>pujR#4JWc','12c10897-8f5f-4148-96b8-733c5be9be0e','c9b69851-e1dd-4dd5-ab37-49e474010c72',1,0,'2023-06-24 08:11:49.995575','2023-12-24 08:11:49.995596'),('0ff19d94-dc91-49fa-8fc5-9ed48dbb1035','95319be2-8550-439b-949e-5087b3055b04c+Ntf,{6yKeeu*\'k%!.|+X4Z(','12c10897-8f5f-4148-96b8-733c5be9be0e','ac04a12c-56d7-45f1-8998-de3557b56cf2',1,0,'2023-03-19 14:19:34.595793','2023-09-19 14:19:34.595793'),('1011abdb-4669-4c9f-9356-23dcf6df5f43','cd81e620-bc5c-4351-8f73-3f2f32a596f8@-JDda#hYzdq(t.I[(ZdRdDPh','12c10897-8f5f-4148-96b8-733c5be9be0e','f01daadd-7dc7-4e2e-9bb5-d91952d73aaa',1,0,'2023-04-24 01:49:43.274058','2023-10-24 01:49:43.274058'),('108d6915-8aad-4c0a-ae08-60be541146f5','0aceb3ee-038c-4330-ae7c-de1ef38839f4>>f>h-&J?(0YkPwW[mIR`3>]A','12c10897-8f5f-4148-96b8-733c5be9be0e','c76d9be6-d3dd-4106-9aad-d1b03e07f9a0',1,0,'2023-07-07 22:17:53.514134','2024-01-07 22:17:53.514135'),('108e5590-bd85-443c-9e7b-b0e248581f89','d44ef8c8-4b3c-42e4-9a33-2aacde82373a!PamQ&O+(J1w/&2^4NV7M6D.>','12c10897-8f5f-4148-96b8-733c5be9be0e','f75d648f-cca3-4868-bfe3-dd3051ad268f',0,1,'2023-08-01 00:25:43.991263','2024-02-01 00:25:43.991263'),('10d320ab-83d1-41dc-9f9b-5aef0ce21a05','5295f995-c6cc-4577-a2e6-7890c3bb9174>,RbFj}V{?kb|3U-:dwUI!>4+','12c10897-8f5f-4148-96b8-733c5be9be0e','d8d56dd4-7740-4d59-b9a9-8f107c14d622',1,0,'2023-03-31 07:41:15.078165','2023-09-30 07:41:15.078165'),('10dc9c02-7a3c-4898-8f2c-94fcbddfd7dd','b005c525-ccef-42f6-a6c5-e90d9315dcef@@uDzU?@wHc8GpAPUR4\"[@%-\"','dd102998-b733-4489-82f2-9cc5bf9d336d','7ec8822e-e08b-4483-99df-963db78a86f4',1,0,'2023-08-15 09:05:50.220079','2024-02-15 09:05:50.220079'),('1106c83a-fde7-4d12-9ec7-470a4e7f97c0','cb2c2117-18b1-4d30-978b-b731fdc38402{=z+5a-d851wcxszs2iV18{nO','12c10897-8f5f-4148-96b8-733c5be9be0e','451e208b-0a72-4192-9b8f-5f42af6ba992',1,0,'2023-02-21 09:37:09.092218','2023-08-21 09:37:09.092218'),('110c5a80-50e4-4080-aa48-0683e1b7521d','57b6b3ed-d216-45ea-8970-9c5571ea1ff2&ZP\\xN&BTq\"Yz(e6xZ)Ph^KOM','dd102998-b733-4489-82f2-9cc5bf9d336d','1b88fb89-0b13-448f-81ba-cf797abe7033',1,0,'2023-08-25 03:38:32.317038','2024-02-25 03:38:32.317038'),('115ba27a-bcd1-43b1-bc3c-d83a442f0858','fdff3700-5b44-42ba-9cb0-d3a7ab3cb69dX>TG<MF*c9r:k:,T*rsI6\\kc4','12c10897-8f5f-4148-96b8-733c5be9be0e','ddc7e678-080b-4b96-99b5-60a47fff4f09',1,0,'2023-03-27 10:12:10.153781','2023-09-27 10:12:10.153781'),('1163ef28-a163-4e55-9765-f40e62f9b1e1','c146e89b-db28-4c38-8ffa-c821915caaf1\"iofyw0\"pK[)yjOeQlg,:Gz&{','12c10897-8f5f-4148-96b8-733c5be9be0e','47ec4b16-a1c9-49db-a4da-6fd10dbea970',1,0,'2023-05-10 02:09:48.751424','2023-11-10 02:09:48.751424'),('119421d4-b362-4017-a068-ec798d0d9f9d','fd9295e4-a803-477a-a046-4f955a8239c6Ui`)t6|4hl;rvmP7U#2Z|[Z:+','12c10897-8f5f-4148-96b8-733c5be9be0e','adf7041a-80f7-4616-b7bc-1cccd07329b5',0,0,'2023-02-21 04:12:00.788277','2023-08-21 04:12:00.788299'),('11a3c494-f39a-4435-a7f8-cc46a0d3c94b','b174e89c-fec7-4d3a-be2f-77cb5a900592,&C#?1H=RNp43`F6x4|oUIRl%','12c10897-8f5f-4148-96b8-733c5be9be0e','f0b129dc-1fb9-4d11-9210-7c547d94e1d5',0,0,'2023-07-25 08:34:02.909585','2024-01-25 08:34:02.909606'),('1218b1a5-c058-42c2-8232-e3db88dccdcc','0417411d-1ebf-413b-a348-e01dd653c5cbQVqNrQ1/G\'G4_y@F|_gl}\'LDw','12c10897-8f5f-4148-96b8-733c5be9be0e','ec3ce5bf-9cfa-43bd-9c8a-d03729a9d099',1,0,'2023-06-09 08:30:34.046043','2023-12-09 08:30:34.046043'),('1265b74d-1b4f-4fba-aea9-6b0db9f03c53','cfd0de1c-6a49-48be-91ff-a75fc93e55a5P+ab\'bRyvy^]m|a\\k^H8sp(\"a','dd102998-b733-4489-82f2-9cc5bf9d336d','16ece161-74bc-4ed0-abc2-81573ef5b5cd',1,0,'2023-08-16 06:13:52.711369','2024-02-16 06:13:52.711369'),('12727fd8-b9a7-4bd8-8489-4297c1197e87','d4cc00bc-48c4-46ed-b88e-5c662599324b30)n#Yaw>hf>3\"kKOF=;hNJEU','dd102998-b733-4489-82f2-9cc5bf9d336d','286a5daf-3d62-4247-9ca9-ee8abc55850d',0,0,'2023-08-22 09:37:40.202900','2024-02-22 09:37:40.202900'),('132e461a-0c88-43e5-b44e-373745f571fb','820b79e4-53b2-4167-82c7-3873d9b906f1mg&v9P(5)$xkN]usR;,+Gb/!6','12c10897-8f5f-4148-96b8-733c5be9be0e','697a3fbf-6a13-4e14-b1d3-36d25467ee91',1,0,'2023-05-18 03:13:15.296123','2023-11-18 03:13:15.296123'),('13843394-56a6-4704-b4b2-d985ce7128da','7541aed5-d6bd-4722-b7fc-62222ffcc6dbM(!e}w\'(+HMAEhd8x7U&jv3)t','dd102998-b733-4489-82f2-9cc5bf9d336d','2257a844-7492-48a2-a59f-050387d37caf',1,0,'2023-08-25 02:06:36.275272','2024-02-25 02:06:36.275272'),('13f40e38-2fc3-4a2c-b30f-49d3e63fba5e','ef0aa575-7619-4e0d-9f93-2aafc60dc9d4GG`x`}BnYO\\0QjKp}VnJX!qmS','dd102998-b733-4489-82f2-9cc5bf9d336d','2f4127f1-86cb-4b83-a17b-6d5070cc0d38',1,0,'2023-08-20 05:02:17.067036','2024-02-20 05:02:17.067036'),('13f5d6e1-7ca8-431c-a112-2574b4947652','32d423c4-ae23-479d-92f3-0991f39536f0x{RVy%_6)-yJa(Syq\"oK\"YqQm','dd102998-b733-4489-82f2-9cc5bf9d336d','987f659c-bff9-467e-8346-e66493c1c86e',1,0,'2023-08-26 23:24:49.047071','2024-02-26 23:24:49.047071'),('144fac9b-7709-4349-979c-cc7eb67edbd4','c6ac8c07-7e7e-4406-9aea-be99f934d960gV5(Rp,m*9GB}0dDO+OPq%d7l','dd102998-b733-4489-82f2-9cc5bf9d336d','62e67485-2742-407c-a60c-6d54b7aeffab',1,0,'2023-08-21 06:14:34.695608','2024-02-21 06:14:34.695608'),('1451d45c-acb9-47cd-a2bb-2c206ef7dead','94dd3a43-fbd4-499a-98bb-96ea357cd1abuN>u\"}I#rj\"^`8qg\";n]#lD{*','dd102998-b733-4489-82f2-9cc5bf9d336d','0cbdf361-3211-4728-b54e-39a88bbc2520',1,0,'2023-08-20 12:01:36.386134','2024-02-20 12:01:36.386134'),('148180b8-a3dd-4788-babe-72101a293068','9e257e57-fef0-4a1f-b7cc-587f62b92abe!TB?j:d7,0`0;RjWpk%\\Yc]S5','12c10897-8f5f-4148-96b8-733c5be9be0e','2ee9d62d-48aa-47c3-aa05-1281dfe9fb9a',1,0,'2023-05-18 02:03:11.305513','2023-11-18 02:03:11.305513'),('14b7a6ec-f962-42e3-8f24-037541ced06d','8b13db47-080a-4d89-911c-5c1867bad42ea|#9+]ow0WYXw@&l{iz>k@1pX','12c10897-8f5f-4148-96b8-733c5be9be0e','4a863e1b-61f9-4bdd-988b-82b2be2f7ffe',1,0,'2023-07-16 12:42:32.303807','2024-01-16 12:42:32.303807'),('152fe2e7-af5f-4702-ad90-d57680a891fc','1db9b79a-cb3c-4595-a42e-d6f3fdec28e3wt*YGbUqGG9>LM#EIgOvvuQ*!','dd102998-b733-4489-82f2-9cc5bf9d336d','cdac18d7-5186-4440-89ba-4433364dba34',1,0,'2023-08-14 07:46:27.028488','2024-02-14 07:46:27.028488'),('1538f51a-ce4d-427c-b919-696e4d42c208','ac59e511-5495-4f0f-bde0-2ee4f864ea8b5r?nZ!izpE]VI0{\'4dl!^p4qB','dd102998-b733-4489-82f2-9cc5bf9d336d','5c0390c9-e479-45c9-b0b5-1b020f658d26',0,0,'2023-08-17 05:42:15.056856','2024-02-17 05:42:15.056856'),('153fd4ae-ef96-4659-8c30-8ece4de33665','391c67f6-fb43-4828-b2f1-ddc7c2292e5d)80BP4n._u7_>&COF%MQHmid)','dd102998-b733-4489-82f2-9cc5bf9d336d','52e7481e-fe5f-470a-9f27-7f3465136a03',1,0,'2023-08-29 02:51:48.159022','2024-02-29 02:51:48.159022'),('158d6630-5cd9-4846-9746-4eb6f8908d04','246ba35c-a518-4ae3-b378-62fb9ac46a2eHJFExl9W2s4_M52$ifc5]6}\\Y','dd102998-b733-4489-82f2-9cc5bf9d336d','d8b51a20-005a-4fa2-89ef-660788dcf32a',1,0,'2023-08-18 06:59:37.812099','2024-02-18 06:59:37.812099'),('15a93e16-cc8d-428e-91a9-701065bcff82','d7acd98d-61cf-4c9b-adf9-c3c034cf36456W!)MX079Jog*C-![F70a-m\\(','12c10897-8f5f-4148-96b8-733c5be9be0e','88722c22-acf2-415a-b502-c314c5e9e2c9',1,0,'2023-07-17 13:09:37.421879','2024-01-17 13:09:37.421879'),('15b3339c-6818-4274-bd24-b5c24cdc3ee2','079a79bf-95dc-472a-be4d-593f8e100ba8c-cmXx(JZ#^NqM;!sSiD|Al/S','12c10897-8f5f-4148-96b8-733c5be9be0e','61005fdc-2ada-4d28-8d9e-7e2bd9872159',1,0,'2023-05-27 08:04:32.545151','2023-11-27 08:04:32.545171'),('162c302b-d21c-4e06-95e5-09563e7ab6d4','020f1ceb-9f1f-48c3-9dff-2cacc056985e+gHLa@\'SmMf>[!x+$\\QQKMYEd','dd102998-b733-4489-82f2-9cc5bf9d336d','1fc6dad9-5d99-4255-b07e-21a05f3b93d3',0,0,'2023-08-28 08:11:46.274362','2024-02-28 08:11:46.274362'),('16465b5d-11d2-4d63-9aff-29a782db5b38','37197c95-4e25-4606-86d7-992285e9eb29?#3]4D{sj5hXxa).5smqR$LVv','dd102998-b733-4489-82f2-9cc5bf9d336d','f8b4ca8c-48ab-4409-b09f-e31c6aeeebe0',1,0,'2023-08-28 10:29:06.425292','2024-02-28 10:29:06.425292'),('164d0fc0-22d4-48a4-b892-ef6d36ac6368','df6936c9-36b3-4034-8685-acf1e45fc9a9[EuG6Zpdbo6,tsecG_tOx2LT2','12c10897-8f5f-4148-96b8-733c5be9be0e','ebe2f7ec-eeba-48fb-9187-c8bc2f85cc2d',1,0,'2023-07-06 10:04:29.161989','2024-01-06 10:04:29.161989'),('16577c62-3456-420b-b9aa-09cb95977318','996e5ca2-30d7-4b7f-93f2-a1570b2c01441gT,qX<Hd2]I}<IA46459|*vD','dd102998-b733-4489-82f2-9cc5bf9d336d','8364edd5-25c5-4eff-8666-4d052e3351c7',1,0,'2023-08-29 07:33:43.676426','2024-02-29 07:33:43.676426'),('165b7c6a-0446-43dd-bbe9-3bfcce4691b8','91928c25-4c2d-441e-b7b5-d88f4cd21fb1/MIZl.gR#z8bTW^|n|xUD-MIx','12c10897-8f5f-4148-96b8-733c5be9be0e','b0932910-ec6e-459e-90ed-4cd48fcd6f2c',1,0,'2023-02-21 09:32:17.926913','2023-08-21 09:32:17.926913'),('1664d0a0-0581-451c-bb10-c88542e8f2a4','439e72b1-dd02-4f22-865c-417f49ae34b3CyNGS;{SBg0^oz/;=19qZvuUw','dd102998-b733-4489-82f2-9cc5bf9d336d','c39d1817-1877-4109-9282-8a51612c9744',1,0,'2023-08-20 06:52:31.761207','2024-02-20 06:52:31.761208'),('166a3dc9-67fc-4e99-893f-26535c888d64','e398df2c-c51f-4ff8-9a08-6cffc8536e50fwn*`|$v:RZ{=d${hPSaGW2Te','dd102998-b733-4489-82f2-9cc5bf9d336d','e0709026-e96d-426d-aabe-408366fd5884',1,0,'2023-08-29 03:26:00.157893','2024-02-29 03:26:00.157893'),('16b0dd70-fea1-4cdd-9b42-9a407dbab43c','a940ae55-d743-4cce-b398-550e7d4268a0O|m\\ku|xxyS]/{WfV#OH00t1F','dd102998-b733-4489-82f2-9cc5bf9d336d','a16370b9-f3af-4bb9-8ae9-2f7e63436870',1,0,'2023-08-25 08:05:55.776277','2024-02-25 08:05:55.776277'),('16c6b253-62ef-4205-a866-0fd3628c6113','4e85809c-e59b-4c34-9577-0b774ce9845b.e}(&9Pr\\2O`R<PMUh1\'2uOkp','12c10897-8f5f-4148-96b8-733c5be9be0e','bb40d978-984e-46f8-99a7-5692ddb4b36f',1,0,'2023-07-07 22:58:59.451138','2024-01-07 22:58:59.451138'),('16c8c5c4-d38a-453e-8d17-d3c63a275c72','47d46ff6-c07f-4cd4-95e7-079095836e58z8wQIuk;w7sPFSzDS>ysVihlM','12c10897-8f5f-4148-96b8-733c5be9be0e','ec8d11e8-f71a-4fec-83da-5bdb7a0804ea',1,0,'2023-06-18 07:25:21.011969','2023-12-18 07:25:21.011969'),('17091875-3d84-4eec-a7a5-cf551e31558d','e013ea2b-9d93-4490-b36d-23aeaf4ca9dcB0h<7<S+h=$r-\'5e?,+QiIzY!','dd102998-b733-4489-82f2-9cc5bf9d336d','309a612e-172e-408e-be28-e69cccb4329b',1,0,'2023-08-06 08:41:12.246653','2024-02-06 08:41:12.246653'),('174840fd-f343-4d9e-a05d-07024a43d634','e2d44c01-e346-46d4-9a38-f88a5e37e79aF%GYpOZ{1eQ2g8fA\"vEpUN\"`Q','12c10897-8f5f-4148-96b8-733c5be9be0e','02be0fa1-0734-4e98-9c91-08d01835eaa2',1,0,'2023-06-16 22:44:00.405786','2023-12-16 22:44:00.405811'),('1768c9a4-5f86-40b0-b0ee-db80d6e16c3f','d59011d2-9f29-4457-8ead-376b9ac70ac3\'OY%Y&`O+vgdn{>T\'o:zn\"e)$','dd102998-b733-4489-82f2-9cc5bf9d336d','d57ab15b-5752-44f9-bdee-725052752c31',1,0,'2023-08-20 08:38:10.662148','2024-02-20 08:38:10.662148'),('17f3b683-dc15-4be6-b941-b30ee9cbe2eb','cf6c7185-0447-4469-9183-ae58fc0e84d0B1.ik9ba%<=dX1h-#+:=CmL-f','dd102998-b733-4489-82f2-9cc5bf9d336d','3eee1587-72e6-4323-a079-5ab16f42f9ed',1,0,'2023-08-17 07:17:09.230700','2024-02-17 07:17:09.230700'),('180a2561-2d65-4694-b35f-1f07360eb72b','423e0a59-249f-402e-ab33-2357399f6b72Yrt_Qh.=(lgO@KPh:8w\\P}yGv','dd102998-b733-4489-82f2-9cc5bf9d336d','7a47104c-9c80-4fd1-9dda-1480beaa1d3f',1,0,'2023-08-18 09:12:19.237334','2024-02-18 09:12:19.237334'),('188c2e9d-2e32-4837-b566-8252ef60eceb','69cdd42c-aa7e-4d26-8ba5-84313485a2eafSgK;yLLq_VYn3D#uoS!Z2M-&','dd102998-b733-4489-82f2-9cc5bf9d336d','3310eef3-2268-4cb2-8273-4bc891e2aee9',1,0,'2023-08-15 08:51:27.917691','2024-02-15 08:51:27.917691'),('19417e70-c761-41d1-8be9-71111ff347f3','b61df445-6cea-46de-ba83-ec185b4a8c16,d\\2:\"BCIJ\\:+&U\\,4\\niUX(:','dd102998-b733-4489-82f2-9cc5bf9d336d','999c77bc-0ca2-4d86-927c-5a2f6c5744f5',1,0,'2023-08-17 09:30:25.325874','2024-02-17 09:30:25.325874'),('194fd272-e326-4d77-98b5-83ec131dc812','b19ff349-183f-4ea7-aaaa-1b01124c11c8W#9D>\'2PEx;0zx\"6L.n/^2<,6','12c10897-8f5f-4148-96b8-733c5be9be0e','8f84ace9-d4bc-4c00-a1ec-5a1c42cf2cbe',1,0,'2023-06-11 12:39:01.174486','2023-12-11 12:39:01.174507'),('19656ce6-9923-41b7-9f77-5095766a83d5','b37bdc77-f14d-404a-b541-8cf6865504477[0dp-E4A?T0]bG8Mvu<&vOr`','12c10897-8f5f-4148-96b8-733c5be9be0e','883755c8-7a03-45d4-98f7-d8fb6a772cd6',1,0,'2023-04-17 08:27:16.024626','2023-10-17 08:27:16.024626'),('1980cd8e-4d46-4a09-be1d-e4e0b2eae299','8166f566-6230-45db-83bd-fb22bcb66cc3Ylm?h-5To703b[ex}6/-k^\"zk','dd102998-b733-4489-82f2-9cc5bf9d336d','146989d2-c567-42a6-ade3-1668320c2e4b',1,0,'2023-08-25 02:57:38.388391','2024-02-25 02:57:38.388391'),('1982465b-3468-48f6-a31d-7d93a8d1dd75','6b8bb1fd-d156-4e38-b9dd-426e28e2ed5e0lASUh)nCz?tb&T!\"R;(4u+,(','dd102998-b733-4489-82f2-9cc5bf9d336d','d359b391-b703-4808-88c8-7eb8749747c6',1,0,'2023-08-04 07:37:29.210604','2024-02-04 07:37:29.210604'),('19cfb5c1-f3d1-41a3-b521-8d05eec58c40','95cdd837-eadb-4432-8c5f-758b74673e33gf_uOU\"A*w(8z)5&<Vd`1?8a;','dd102998-b733-4489-82f2-9cc5bf9d336d','692d85ad-2dac-4e7c-8fb5-c4ad14bf735b',1,0,'2023-08-22 01:41:56.641727','2024-02-22 01:41:56.641727'),('1a0514b6-8d73-4ca6-bf89-1ad152d02e88','61ed6163-bf69-41e0-bd0a-2ebaf707e21cEUCZ2meqw/1$G{lg!\'(k|\"h)T','dd102998-b733-4489-82f2-9cc5bf9d336d','cae54e4d-8ada-410e-92a9-c3e3f30f4a90',1,0,'2023-08-23 06:29:38.674548','2024-02-23 06:29:38.674548'),('1a462b8a-5833-41f9-8406-e456d269aa69','9e4e3204-7468-4c04-a0c8-cf16bf88d4e5J,}BjI53_a&\'*-h`N)U}\'q9)!','12c10897-8f5f-4148-96b8-733c5be9be0e','3f93284a-8cab-47f3-bca7-a8471821c419',1,0,'2023-05-10 03:13:03.311201','2023-11-10 03:13:03.311201'),('1a89f807-8747-44a2-91c6-93313dda2339','1c64a0e2-2978-4919-a5ab-f8c74c98ecaf;<p]+)BbI4k=7Uhu,4(nso@N-','12c10897-8f5f-4148-96b8-733c5be9be0e','4a9b9d26-873a-4529-9b75-2a2422a56285',1,0,'2023-06-27 03:46:35.097945','2023-12-27 03:46:35.097945'),('1ad7ef20-2ac7-46ba-bd40-1bcb45eaaf00','c8890224-1fb4-4c63-b036-10045322f0ccI!qu(q,j8\"aS}LHH@:pj7(0M:','dd102998-b733-4489-82f2-9cc5bf9d336d','4e01c5fc-6d2a-47c1-afcf-146631c808e2',1,0,'2023-08-19 03:56:04.745282','2024-02-19 03:56:04.745282'),('1ae47b24-6cdf-4543-b8e8-a73492a817d9','83e6c850-b276-4052-8906-07d6ea26444fsaT:8K&yuN%^--gqqDfyMVs\'g','dd102998-b733-4489-82f2-9cc5bf9d336d','79b8db5e-1a4d-4d46-a283-4a1393fd3311',1,0,'2023-08-16 04:40:13.149485','2024-02-16 04:40:13.149486'),('1af57bc4-b555-4667-8ef3-f1a9ae222cc0','9817485b-f2a2-44a5-90d0-40c8b669d5888m1J>c*Qi(f4\\X}1%tdN!1:GK','12c10897-8f5f-4148-96b8-733c5be9be0e','298e369a-322b-4a66-b4eb-3364dbe45023',1,0,'2023-07-09 07:35:20.602283','2024-01-09 07:35:20.602283'),('1b32733a-1091-4d3b-9f4d-2139caf4da49','db0d16a8-adfd-4379-b5f0-6024a3f344ba}G7;uu`rJ@aLbJ)_H{u2-@u^(','dd102998-b733-4489-82f2-9cc5bf9d336d','8060de35-1c6a-4d93-8259-eded7c5fdd99',1,0,'2023-08-09 14:11:15.142101','2024-02-09 14:11:15.142101'),('1b3dd6d7-f08b-4d43-aef1-02437453d447','df784a7c-7318-4745-9e66-f2abd3ab4481I|dLoSw6Cw67\'aU{O|Jh8x.v]','12c10897-8f5f-4148-96b8-733c5be9be0e','f043357c-4705-48de-aa95-298c2f72d237',1,0,'2023-05-11 07:07:14.420997','2023-11-11 07:07:14.420997'),('1b41758c-e41a-4e1b-bd4e-478085f36470','fe86cf61-50ef-4579-b32f-e59eae405c17X9VyS/D\\l%.oo7\'wiA}=r\\+/i','dd102998-b733-4489-82f2-9cc5bf9d336d','887665c6-665c-4088-921e-3b36bb7b0c87',1,0,'2023-08-29 05:48:34.390309','2024-02-29 05:48:34.390309'),('1b94e536-437e-47ee-928c-1ba82d28957f','caa0510f-bbaf-435d-93f1-c5c39488a1fc3NO2]/c#cX<T-eRVxOd/\"+S,w','dd102998-b733-4489-82f2-9cc5bf9d336d','2a0d59af-adde-4c92-b8b2-9f73c54d65df',1,0,'2023-08-06 08:50:01.735416','2024-02-06 08:50:01.735416'),('1bb3da68-3487-4c0b-a03e-5d3d8d6fd036','3e889c1f-1ebd-472d-9bcd-48b2ac6e9890<tW;6d7,U!%{<EL<l&(>F20>!','dd102998-b733-4489-82f2-9cc5bf9d336d','f45c787b-200a-4468-8d67-c095284d66a2',1,0,'2023-08-19 06:47:35.211174','2024-02-19 06:47:35.211174'),('1bcef6bd-a3f1-45f7-b560-757a57e0df09','a6d2194a-9cd3-4935-9f20-426c0282246dI_}\'{a3nh5&bs6a#!MG}dH/HE','dd102998-b733-4489-82f2-9cc5bf9d336d','4c5f5c8f-0ee6-4fe4-9209-0f741c461b2f',1,0,'2023-08-25 10:06:17.661381','2024-02-25 10:06:17.661381'),('1c1842ee-5f8c-4163-b17c-718110c13df8','d6165220-ccb8-49c3-9da1-00cf027aaac9dc^:p-\\^f,CrlmB\\x%fNg.0+>','dd102998-b733-4489-82f2-9cc5bf9d336d','4deac893-ee35-4b81-a4d3-49b93e1a341d',1,0,'2023-08-29 05:15:47.636517','2024-02-29 05:15:47.636518'),('1c1ba52d-bbb8-45ea-8d91-1ae40a8afcdd','45d1c11e-de3f-4c2a-a680-a2f2406f5f06,r)Wak\\a9kwi3B\"1|)rkk@d6-','dd102998-b733-4489-82f2-9cc5bf9d336d','336a967c-9759-4e57-84f3-3009d3073f66',1,0,'2023-08-22 03:01:42.146510','2024-02-22 03:01:42.146510'),('1c1efa44-57a6-43ef-b236-5ab24b89d421','6037eddc-9b7d-4d8c-83b0-dd4266b931c9soDWV\\.KnQIsad[R\\6ctG.*=B','dd102998-b733-4489-82f2-9cc5bf9d336d','8bfa475d-bea7-49b2-b6cc-0e598e5082c8',1,0,'2023-08-06 09:49:34.047215','2024-02-06 09:49:34.047215'),('1c474b7a-936b-4968-8f6f-0ad09bb9c5d0','9d19112f-a959-41af-97ea-81cde094abde]j{1xx^TeT).tQInxfZ//2>C]','12c10897-8f5f-4148-96b8-733c5be9be0e','c9bbcc9f-ace5-48f2-9abe-6788261660ac',1,0,'2023-02-21 09:40:59.681033','2023-08-21 09:40:59.681033'),('1c55b9b0-e050-4670-80ad-b6e5c445e263','f0316422-3727-407c-a4fe-7d55e00ca4c2urOk$u_I(\\FUlieVCO0J/AxMm','dd102998-b733-4489-82f2-9cc5bf9d336d','902124a4-3ec6-4fc5-b65f-12143b07b6d7',1,0,'2023-08-18 03:38:38.079510','2024-02-18 03:38:38.079510'),('1cb1b753-2289-4821-9c82-4b02b542c763','9e73492b-6aa7-4d6e-9073-c250d05273acL,Y[L+*TXQ_GnK/>r+unbciah','dd102998-b733-4489-82f2-9cc5bf9d336d','021d405f-7db8-4279-ad74-c84e19ff8475',1,0,'2023-08-10 20:43:11.872465','2024-02-10 20:43:11.872465'),('1d1663ad-3626-4755-b010-78eec0481647','f7c052e0-bfe8-48a2-bd47-2980881b1a67Jgc>Jvzn-Osx<xooBAT?qTN4c','12c10897-8f5f-4148-96b8-733c5be9be0e','045832b8-7c21-4f51-b68e-3dff298a2a86',1,0,'2023-07-12 08:21:48.270536','2024-01-12 08:21:48.270536'),('1d1aa54b-172a-414b-8767-ebf60f601e7f','e69cd96d-623b-4e0a-a7be-8ceea0c3b3a1.b{T\'JwYBn?8K&t<\\/;50Yqwt','12c10897-8f5f-4148-96b8-733c5be9be0e','0f6bda15-3b24-4f08-8ec4-3f2d6cdcd625',1,0,'2023-07-12 08:14:52.914691','2024-01-12 08:14:52.914691'),('1d86ec4f-d548-40f2-ac43-a9da43609dff','bbd6ab62-c4e0-4ac4-95b0-2d8f5b8f0d25M\"!@@/FM`_v&/{7\'DYO$CR_zT','dd102998-b733-4489-82f2-9cc5bf9d336d','ca2c3e7a-3d24-447a-9b35-808f8e29cbcc',1,0,'2023-08-16 00:34:30.841902','2024-02-16 00:34:30.841902'),('1e2dc241-1d43-464c-8e78-e5848f61dd11','69de7c20-0e29-426d-bc00-b40714e153bff*kc&Q@k1ulroT*@=&a_$@l@\\','dd102998-b733-4489-82f2-9cc5bf9d336d','01baea3a-c63c-46cf-89b9-4aa68d54f6ee',0,0,'2023-08-22 07:09:03.831133','2024-02-22 07:09:03.831133'),('1e69154b-8258-426a-8f73-5410e7940889','cf933ffb-4a7a-43db-958c-739545d3349dGozqZv[PL$:hm/nL}v)cz4H9F','dd102998-b733-4489-82f2-9cc5bf9d336d','284cbd7a-dedd-4a2b-b1f0-8e11a2b28f97',1,0,'2023-08-25 08:40:56.255127','2024-02-25 08:40:56.255127'),('1ebab1d9-4f99-4431-b33d-bc2175a40bdd','d42ff872-1fd9-4f09-ad48-d8b8b459dbafb{I9P+RF1`<%=+[Y!,fORjNq;','12c10897-8f5f-4148-96b8-733c5be9be0e','f70ddf88-5e57-4702-93ef-292b743a381f',1,0,'2023-07-09 04:21:51.822724','2024-01-09 04:21:51.822724'),('1ec78772-024a-4230-b0ff-e648c1a13880','28946c9f-d480-4479-87e1-35c44ca5d9fe0`4p4XQDSj_PnfD=\')FBurSFu','dd102998-b733-4489-82f2-9cc5bf9d336d','3b030485-0cf5-4432-a416-9759762e8baf',1,0,'2023-08-25 04:08:57.709264','2024-02-25 04:08:57.709264'),('1f1a8701-5ea4-4397-8185-de429cb615eb','98ced5c5-5fab-4685-98e2-307dcb3520858?Zcw/uu&O<49|m$2.Ata,d8z','dd102998-b733-4489-82f2-9cc5bf9d336d','520da810-2305-45d9-8e29-6fe506f5b33e',1,0,'2023-08-15 07:31:30.391038','2024-02-15 07:31:30.391038'),('1f1f4f91-952c-4939-9660-b598673f13f8','a06a7664-3296-4cb6-b522-95b606083612O!-XcrTS`8Qx7f@4Z\\7^kaXy,','12c10897-8f5f-4148-96b8-733c5be9be0e','bcbfa900-2741-4e75-bf54-cb466a220625',1,0,'2023-06-16 21:58:34.617694','2023-12-16 21:58:34.617734'),('1f6c9263-3ba1-45cf-bf9c-59e9656e94ea','a35af6e0-a436-4240-807b-3c0e47d8ffd8GxG3}V6\"(SnD6X11KK5<i<kW1','dd102998-b733-4489-82f2-9cc5bf9d336d','afbd8b00-0862-49c4-a7ed-2f96e052c042',1,0,'2023-08-02 23:30:55.610869','2024-02-02 23:30:55.610870'),('1f70f9b4-c494-4bed-bfe0-23c6203ce8e0','8ec8c6c2-1ed0-4284-b8d7-de3003b7f90f:5]0|sB^j?aEL4\'F7lBqf\"u4V','dd102998-b733-4489-82f2-9cc5bf9d336d','3ad0ae5e-6929-4532-b066-e1b7fdd78f61',1,0,'2023-08-29 05:31:58.392762','2024-02-29 05:31:58.392762'),('1f82c31b-deaf-4407-bca8-b9546ae87766','dd8fd3d3-99d7-40d6-a04b-83b107a1bb25Q6^GuCo$%{a`mlSd8dP\"d>oe|','dd102998-b733-4489-82f2-9cc5bf9d336d','c7c20f8f-264f-4240-b931-b19501cb0196',1,0,'2023-08-21 05:14:59.382439','2024-02-21 05:14:59.382439'),('1f86f2b9-c7b3-4d14-8ef6-9d1caade626d','fbbbd71b-05f5-4e4d-b653-89f22d4b9280G?1!0ERUFJ|*v8kTp5w`ZbOY=','dd102998-b733-4489-82f2-9cc5bf9d336d','deec2554-bf34-4d79-a08f-6191705ba3db',1,0,'2023-08-23 10:29:21.183614','2024-02-23 10:29:21.183614'),('1fabee43-5d72-4799-91ad-349b6b2d9046','cd9058b2-abbd-4a1e-9b4c-f22638765c16(VuN1|LwOr/+Uf\"N-r^k<FA%\\','12c10897-8f5f-4148-96b8-733c5be9be0e','d614ec6c-c52b-48bb-b909-a517748aa4d5',1,0,'2023-06-23 09:38:15.733262','2023-12-23 09:38:15.733284'),('1fff4f5e-15b0-45d5-9550-23b85c52855b','b96a9455-e8eb-44a4-8362-f668c45df29a-/}^taE:`>tI%upIz0B$+b!AY','12c10897-8f5f-4148-96b8-733c5be9be0e','8e87eb21-27a3-4373-8e1a-a819ecff3968',1,0,'2023-06-16 22:06:13.983690','2023-12-16 22:06:13.983728'),('2002a93e-b32c-4d83-91da-b8b53b2e28bb','82b887b1-a0ec-41ab-98c4-bf3bcd7d8e7fGUi.Fn0.qWUtad-vr?<9@bz-+','dd102998-b733-4489-82f2-9cc5bf9d336d','c6c1f4e3-f8e3-4e16-8bd7-e6573fd72fc2',1,0,'2023-08-06 08:38:37.386572','2024-02-06 08:38:37.386572'),('202679a7-1c69-40f2-b53c-f56136abde07','a4aec163-7563-4243-b5b8-ed567665a58c>My:Q&aoWnV\"|1#9`+J42$/$-','12c10897-8f5f-4148-96b8-733c5be9be0e','cf8822d7-56a9-4152-81f1-2516d3ef96fb',1,0,'2023-06-07 00:55:37.921443','2023-12-07 00:55:37.921443'),('202f7ff9-2763-4845-8872-ff2b6f528cfa','5e1d722c-f2af-4047-8a52-3939a09d3c47hf@%<*0AHTPkf`|Ds8h\\8.It>','dd102998-b733-4489-82f2-9cc5bf9d336d','0bd30440-e95a-49cf-aac3-7ca7f52324e3',1,0,'2023-08-15 08:57:22.024654','2024-02-15 08:57:22.024655'),('208c270a-77d6-4f7d-86af-831a70fa342e','3a5ca775-7583-4a6d-a301-277f3060efa1%rUzJrKq>wd,9X_yIp7lFB&?C','dd102998-b733-4489-82f2-9cc5bf9d336d','83df723b-f943-493f-bff1-d48b2c7feca3',1,0,'2023-08-18 02:25:46.036416','2024-02-18 02:25:46.036416'),('20928b84-789c-46af-a1c9-8e1ba5668895','53c2f65e-02a6-4c72-9f07-d731fcf76b9b+1pR<0Uv:\\VDzXgv\'+iJ6,&!z','12c10897-8f5f-4148-96b8-733c5be9be0e','6af3e736-5e92-4ef5-82d5-e78632104129',1,0,'2023-06-24 07:29:04.126797','2023-12-24 07:29:04.126829'),('20c46fb4-f7c9-4524-b2a6-ce0aa8bce98a','5912ac5d-6386-4d45-968a-ca0a908399bao`<[,g$q+ZU{jUoexo%kB+7Wf','12c10897-8f5f-4148-96b8-733c5be9be0e','d13bb085-ddcb-41b0-a573-a1249b242d78',1,0,'2023-06-26 13:46:12.350684','2023-12-26 13:46:12.350684'),('2140ab9d-fb95-4c06-87f0-dcfbeaf20352','f1f06ead-b6fe-49af-8e36-5820d0bfb26d.QHbx:!|SJQW`wL>5!NH)w<{T','dd102998-b733-4489-82f2-9cc5bf9d336d','148816e9-b587-44eb-8ca8-baebc6144215',1,0,'2023-08-24 10:07:45.782079','2024-02-24 10:07:45.782079'),('215e1015-0a46-4311-bd61-4c46e517cd68','88caee29-243b-4b84-a72b-ef3f8daaa1b4il[4rLL:a*S!\\UU[W,\'%5Z&r}','dd102998-b733-4489-82f2-9cc5bf9d336d','270f2db8-4df2-4572-804d-64cf95c96aec',1,0,'2023-08-17 07:19:02.911259','2024-02-17 07:19:02.911259'),('21734116-e8bd-4bc3-9111-992e0877da4c','af05fcb0-3b59-4a27-bbce-48f9dccbc217jQng7<u\\:qw7<9u\\^/$oNY*\\O','dd102998-b733-4489-82f2-9cc5bf9d336d','04cf1c16-d9ce-4fc1-9b93-aba743bbd890',1,0,'2023-08-29 03:32:54.575100','2024-02-29 03:32:54.575100'),('21bd8c35-9816-4cab-aa82-bb1559245375','591c5417-2935-4416-9cc4-a91b58e04f91yjq2P`/3,W*zjS\\oDbVFC0kr6','12c10897-8f5f-4148-96b8-733c5be9be0e','ff894f4d-69bf-428a-862a-a38cc96e22ad',1,0,'2023-04-23 08:22:22.027061','2023-10-23 08:22:22.027061'),('2248121f-3765-46f5-965b-8e653fd0438f','071bc95e-cf43-43e2-ae0d-47af75c435aazlO|G,|r,ADtnr3$}^n+_hcm3','12c10897-8f5f-4148-96b8-733c5be9be0e','4927d449-dd3d-494f-a9c3-022875c5f414',1,0,'2023-05-07 08:15:27.993158','2023-11-07 08:15:27.993158'),('22da8b6d-3073-4534-a54f-73f3b7afc65c','6ec382ab-ba61-4afe-8b9c-07ca67c9a12dXN)Z98cLzMEOOY\"qqKf*YVfw,','dd102998-b733-4489-82f2-9cc5bf9d336d','e92c6b1f-68cf-4e8c-b357-d15943cced70',1,0,'2023-08-29 01:54:54.701113','2024-02-29 01:54:54.701113'),('22e3479f-c55f-415e-8122-7e0d86bc68fa','aa3ea8df-7de6-48a4-86d1-54e3f2b94ee8izQ#GFufV=>-bf{QJo]R_<yM(','dd102998-b733-4489-82f2-9cc5bf9d336d','58084653-ae48-420d-8c79-c237d4b8716a',1,0,'2023-08-02 23:39:10.717690','2024-02-02 23:39:10.717690'),('23339a89-aa2f-4b1d-83de-f51533547b92','65dd6d43-1171-44e2-838c-0c5fc74cc763Yu)ugGK.R[%*042r.L>\'ct,h6','dd102998-b733-4489-82f2-9cc5bf9d336d','496f4009-af42-4655-af02-d41543f0aa4a',1,0,'2023-08-23 09:23:26.561074','2024-02-23 09:23:26.561074'),('236d7d95-a98a-42e9-abf6-3479fab84750','70f3137e-8e5e-4df2-9719-1695235a4c71#7B3,r><CR*0nk=uuUIn|wg\\+','dd102998-b733-4489-82f2-9cc5bf9d336d','cfa132f4-98fc-47e4-8669-455ff78503bf',1,0,'2023-08-22 01:47:52.558155','2024-02-22 01:47:52.558155'),('23819bc5-7f28-4a30-b007-25ac0f9cb7a8','d28e73e8-ee05-4dd2-bb3a-ea8827b7fae81J|tt|Mye=7.36E!m<xaWD@l4','12c10897-8f5f-4148-96b8-733c5be9be0e','80742119-6e62-4301-94ff-feedb1f4529c',1,0,'2023-06-11 10:54:31.757842','2023-12-11 10:54:31.757863'),('23961706-7584-4448-bff9-56e42efaecab','ed5b8539-bc04-4f5c-bd19-b330eaeb2fdeoG>jk\"BqV[A>zKYZ\\[&+bU$i2','dd102998-b733-4489-82f2-9cc5bf9d336d','ea73115b-4ac5-40e1-9e26-d5648b18df4f',1,0,'2023-08-18 06:08:07.706700','2024-02-18 06:08:07.706700'),('23aa045b-a2e0-44c6-b5ff-f66c6163153a','e15ed702-3c5d-4e03-bd18-0727d295cd0fNZ@[U\":U|kw$;%jfch.P#Ch#2','dd102998-b733-4489-82f2-9cc5bf9d336d','5eee037c-25d1-47ab-a535-501d1b39c2ba',0,0,'2023-08-16 04:36:41.967319','2024-02-16 04:36:41.967319'),('2446a867-5ce5-478f-86d8-8cee8ac664aa','028c39c8-5dfc-4da6-82e6-b1154e7e4529+GOA4-+I#a?u:^5<SX(QTCken','12c10897-8f5f-4148-96b8-733c5be9be0e','0e93322e-221f-4a08-b7f2-4433257a4e2e',0,0,'2023-03-19 14:34:48.629179','2023-09-19 14:34:48.629179'),('24473b5e-d04a-487b-be85-b131d34e3c89','75a0bac0-b0cc-45c3-a48f-7a92aebee01b>\'A)rk@jJR]qLYLni199\\I0JH','12c10897-8f5f-4148-96b8-733c5be9be0e','987b7701-c788-40a4-b746-b874e559bebf',1,0,'2023-03-19 12:11:21.860694','2023-09-19 12:11:21.860694'),('2474a0ae-d2fa-499e-8b08-6966a90e2292','ec6b0eba-bc30-4e2b-a5a9-aad4eb8f7c09c]30F6hH<;.>RE=-R7`b7v1mH','12c10897-8f5f-4148-96b8-733c5be9be0e','ca865679-e292-47a9-a312-b180cdf9eda1',1,0,'2023-04-21 11:44:57.028389','2023-10-21 11:44:57.028389'),('24ba4164-09e5-4bb1-a793-7a57af27172c','ac6ba097-3023-47e4-98fd-81956f5a6905a},GvJd:PX$YDO%g#ExLVvK&q','dd102998-b733-4489-82f2-9cc5bf9d336d','77503b8d-b70b-4297-a035-83fe55aac040',1,0,'2023-08-27 14:45:26.554586','2024-02-27 14:45:26.554587'),('254b15d1-5b12-4d8a-81a8-d25bf0b0f6ed','f4c9f89f-ca35-4dd1-9750-9c5aeccfe193#eJ7hW|z$#i-f]596N^IjC-Rl','dd102998-b733-4489-82f2-9cc5bf9d336d','62a7df22-79bf-4268-af51-a042ff3c8340',1,0,'2023-08-13 01:35:54.468883','2024-02-13 01:35:54.468883'),('2591f755-acb4-4637-83f2-eddb9f1821d2','66058c91-0d83-4881-a53b-6265738dfa6bgG`S_Nw=Ys!Idf[-N?djz>.7+','dd102998-b733-4489-82f2-9cc5bf9d336d','7ae18a5b-e861-4b40-9b9d-d18c6e7ce750',1,0,'2023-08-18 06:20:20.690952','2024-02-18 06:20:20.690952'),('25995e2c-aef9-42f8-8525-780c83bc9f76','40be48ab-5f36-445d-bd41-e19416bab09exIZuW?2f,W8%1-W4;,|%`pkv5','dd102998-b733-4489-82f2-9cc5bf9d336d','f075c443-c5d5-4bfb-bda3-b38dc287d038',1,0,'2023-08-17 09:12:37.305136','2024-02-17 09:12:37.305136'),('25b70444-369c-4817-814a-1400239ca157','fe600d61-9819-413e-878d-8536bcd0e67dy&w;%Y|ups3o$jHhJDTBrfB}6','12c10897-8f5f-4148-96b8-733c5be9be0e','218cef30-22fa-4dae-bbbf-4dcc6a35db75',1,0,'2023-03-27 14:11:51.544446','2023-09-27 14:11:51.544466'),('25f8499d-1caa-4979-a909-b92fb9a4cc99','cdaced71-41ac-407e-a282-349a659c0749P0W*C\"q-jxo,c<\":Is%)kjm1}','dd102998-b733-4489-82f2-9cc5bf9d336d','f5027a97-93f1-495f-9003-4aab51d9245b',1,0,'2023-08-19 02:58:38.044283','2024-02-19 02:58:38.044283'),('25fc877f-2852-4006-b53b-c3d9eed98707','8ab50927-e84b-4dfd-98e5-76de6571fed4r={B\"MZjtQAdM)+5p,(oaeqnC','dd102998-b733-4489-82f2-9cc5bf9d336d','1b9149eb-a46d-4d4e-b06a-461a18d8bc3b',1,0,'2023-08-20 05:37:19.567713','2024-02-20 05:37:19.567713'),('2632a3dd-6429-400b-a065-88f31ff7619d','28234855-02a4-4801-aba1-53529e3b998cu`\"?o<as!3@vAy\\jgeurQ@G3p','12c10897-8f5f-4148-96b8-733c5be9be0e','6bcb1e0a-e109-468a-b47d-30959595daae',0,0,'2023-03-20 15:22:26.929043','2023-09-20 15:22:26.929043'),('264a8ded-f3fd-43e3-bc2f-bf8595ca3559','0c468229-f72c-4dca-9751-57b0c3eed85d\"6-Gs)bHx?!C\"pJ11/r%[|k_x','dd102998-b733-4489-82f2-9cc5bf9d336d','caec97ca-d7c6-4ea0-b413-fc6b905a1ba6',0,0,'2023-08-29 08:04:29.197768','2024-02-29 08:04:29.197768'),('26f30c37-06dc-42fc-ba72-f0e366161845','79ad2613-6966-4c3f-a554-6fb203a18618faS3.BUBp\"tfIs(4BOjFc-LA>','dd102998-b733-4489-82f2-9cc5bf9d336d','664f1f7d-87a6-482f-8534-bc009dc4977e',1,0,'2023-08-16 04:35:05.271565','2024-02-16 04:35:05.271565'),('2773656c-ad77-4e8c-aa12-ad620287afd1','c7ab8747-1f59-4574-ac33-0335532109acF|jH4nVYQ0>&vg3w\'kLetg>3/','dd102998-b733-4489-82f2-9cc5bf9d336d','4fac2b99-9b89-451c-94d4-e0a066e53bc5',0,0,'2023-08-22 07:38:32.122485','2024-02-22 07:38:32.122485'),('279efd71-232f-4ac2-ac23-de05aee026cb','e77e778f-ad15-4cd1-96e3-a0777821fd67nCD\"ZOs4-Ot#r{I>wo\\5B(;7v','12c10897-8f5f-4148-96b8-733c5be9be0e','2a9be17b-a022-4db9-b6e4-63e89e397674',1,0,'2023-05-10 03:33:46.280622','2023-11-10 03:33:46.280622'),('27b42528-5ef1-4b56-b280-b2222a935b7e','e5cf0e82-5a8c-4690-99ea-f928d22c5e19|Q=th5y;#!r3Tv!>\'`LWm4RO#','12c10897-8f5f-4148-96b8-733c5be9be0e','cfd2b4b9-b448-4ac4-911d-fb50eae18ad6',1,0,'2023-06-23 07:50:48.696887','2023-12-23 07:50:48.696908'),('27f1329e-687d-43cd-af26-055b59edc2cd','01b5aebf-9b29-4dec-bf39-e07f42fe2a7f/mMMwoNnHp44E,\"ES2:iuEP,{','12c10897-8f5f-4148-96b8-733c5be9be0e','1392c12c-1a73-44a1-8072-414042140f83',1,0,'2023-07-17 13:52:11.969344','2024-01-17 13:52:11.969344'),('2838c801-2445-41a3-a7c1-0d847298679c','002b3687-c120-45ed-b3d7-4603246a15e7h0D%.7rxu(embhyX1\\G06jvM=','12c10897-8f5f-4148-96b8-733c5be9be0e','63d1ffcf-49e6-433d-b0ec-03fcd273fd90',1,0,'2023-04-21 06:17:09.628170','2023-10-21 06:17:09.628170'),('285088e2-14e3-41da-8df5-5215e067d02c','45c067ab-d33c-4a67-a5df-33c2d0b71d62!*hy0q_}O;eaWHXfpF(/+yR`<','dd102998-b733-4489-82f2-9cc5bf9d336d','cdf5e82b-6cd6-4108-a232-a0aa3c001860',1,0,'2023-08-23 09:53:53.628726','2024-02-23 09:53:53.628727'),('286bf575-e845-45d6-8708-3c8631dd8091','3cd12cbf-afc4-4249-b78a-432c1fad00f72=Bl.TZYa\'?RGPvN8![{alL*[','dd102998-b733-4489-82f2-9cc5bf9d336d','040a0c54-9a5d-4fd7-8b9e-5d4e1f8d172c',1,0,'2023-08-13 01:56:09.187202','2024-02-13 01:56:09.187202'),('28ad9254-bf72-4055-9e8b-d4ef8c65d75e','98b367e1-2ed8-4197-a2ef-13dbc96ef5d1%kjwLXWBN9s^8PhamE(\\gdXHm','dd102998-b733-4489-82f2-9cc5bf9d336d','19443ff0-a4e0-4812-ac88-1559df4d2cab',1,0,'2023-08-06 09:32:45.572248','2024-02-06 09:32:45.572248'),('28cb052b-42a6-47f7-8ce3-ed855e336438','51d761c2-9aae-437c-837a-d461f855b858&!SWv<Hsl{%|mGkDX\",w;X:6v','12c10897-8f5f-4148-96b8-733c5be9be0e','d16c3c5c-5e8a-4b5f-b996-ed6d5c7b5a60',1,0,'2023-05-27 08:10:02.804286','2023-11-27 08:10:02.804286'),('2930d946-1388-43af-b457-bdc8f23f8812','42c9ffa4-7dd5-4a56-ac64-fc737e2f7119xWA,fbw]g2URRJe]lm_bv5PF[','dd102998-b733-4489-82f2-9cc5bf9d336d','7883759b-924a-4b76-94ed-e6eebe481444',1,0,'2023-08-24 07:49:11.155729','2024-02-24 07:49:11.155729'),('29414db9-f9e2-4b36-ba1d-524f6e562cee','3eeef43c-94e4-4320-9a1a-dd0c80d3ecda,W+i6gRckQ!^,qrr!Xk_{pvzJ','12c10897-8f5f-4148-96b8-733c5be9be0e','b2f208a5-c5e9-468e-ac50-2c9bc2e2ce81',1,0,'2023-04-24 03:09:30.536008','2023-10-24 03:09:30.536008'),('29437a99-34b3-434d-b30f-c9876606ea9b','cfcfbf5e-a3a9-4f38-a1a4-b5d4b5c48635SBBBph7w}@Y2z&y$4.^JHqeIc','dd102998-b733-4489-82f2-9cc5bf9d336d','04c1693c-04d0-4ad0-b542-4e9d4e74487a',1,0,'2023-08-01 08:18:35.190489','2024-02-01 08:18:35.190489'),('2945384b-c6be-44cb-88f2-e185be1affe3','887815d6-217a-4950-86d1-819a1ac592d50#XADNDI:rKAE/O2-p+|}Su#H','dd102998-b733-4489-82f2-9cc5bf9d336d','dd2b9384-2594-4462-8c7b-912477a2f935',1,0,'2023-08-07 03:47:17.383878','2024-02-07 03:47:17.383878'),('29cf16ef-f63f-403a-8fc6-44fc95c3d1aa','d84722dd-8d75-4e46-88f1-b7d5c0772026^&lFLul4d}&SA|eI`8(/Q`E>w','12c10897-8f5f-4148-96b8-733c5be9be0e','ba34bbe8-ccde-4014-9ac8-7f2d0f81c0b2',1,0,'2023-07-21 04:01:53.113848','2024-01-21 04:01:53.113869'),('29e26cf4-68f4-4f7c-8890-2f2deba6eaef','9b78df65-d846-4cbe-a66b-d53df2f65a77JC9!:aS@V,\"]\'IStH.#)X?_c5','dd102998-b733-4489-82f2-9cc5bf9d336d','28c36a52-a400-4f13-9d0b-021a6f02dea7',1,0,'2023-08-01 09:14:33.860623','2024-02-01 09:14:33.860623'),('2a968d15-e444-4185-bb4c-3e6dd06d2ae5','d06a2bc7-48b0-48a7-9f3d-e78eeb306fdb2q2q1Tx`n842;45*gG@2YnY.@','12c10897-8f5f-4148-96b8-733c5be9be0e','f7b53f98-ff90-451a-b83e-4b928664dd40',1,0,'2023-03-17 05:45:16.471206','2023-09-17 05:45:16.471207'),('2b4172c1-4ed0-4107-b117-b86adaef53c7','9a60b71d-a2a4-41b2-bf0e-bd852b6649a0\'&}Yb<<F5cfiFn75+Gz`Q!aQc','dd102998-b733-4489-82f2-9cc5bf9d336d','3e3f236f-5db9-4e25-8ce0-e48c703edf34',1,0,'2023-08-06 07:42:30.961126','2024-02-06 07:42:30.961126'),('2be14436-cca3-48c3-b059-4907fa405725','13ed0c3e-a30b-400e-9de9-9d1063fd5ebf)!ejaaws3\\zo]xO2DJ]q4=m\"Q','dd102998-b733-4489-82f2-9cc5bf9d336d','6003bdbd-2529-46de-a4fa-1bcca1c22464',1,0,'2023-08-06 07:36:05.000717','2024-02-06 07:36:05.000717'),('2be4bcb9-8088-47d9-aa9c-5bb3434a4459','e2ddb22d-9f6f-463e-b664-60fb3e099b18;GgR!GM1S@Y)4E/,;GT:4zH9I','dd102998-b733-4489-82f2-9cc5bf9d336d','79b8ff8a-d2ea-4b36-b5b0-cff29d08724c',1,0,'2023-08-25 02:43:06.577251','2024-02-25 02:43:06.577251'),('2c4e6b72-926c-4a12-9f6d-2042ae8c6f32','c3c3462d-352c-4193-82bb-a2c7388083dbRV$0xl}|)\\QP&d6a<PR#zgx)T','dd102998-b733-4489-82f2-9cc5bf9d336d','59ef65b2-873c-43a8-a36a-69ae714b27a9',1,0,'2023-08-24 08:55:56.745302','2024-02-24 08:55:56.745302'),('2c62ca06-d8dc-4a03-8dc2-74c55e109ef3','fe81e404-5953-4a0c-8970-9508ccc61b58@oU,,R)3+@P|pqnmn8[\'$QCHx','12c10897-8f5f-4148-96b8-733c5be9be0e','d5879d94-5b34-4bd3-97e2-6d306ba18fba',1,0,'2023-04-10 13:53:44.267005','2023-10-10 13:53:44.267038'),('2cbf888b-1bd1-450c-a90d-de0f01de7413','6e00464e-2075-421f-b313-1510dd94bf66dziOg,\\Q938&W@`H7n>@[ofBG','12c10897-8f5f-4148-96b8-733c5be9be0e','db438651-e67b-4c1f-94dd-09f56cca3f26',1,0,'2023-06-24 07:17:21.755171','2023-12-24 07:17:21.755171'),('2cc1d467-ba46-494f-9d1f-b182487e1985','93655cc3-de42-4aa6-bb21-7967a4bddbaaGZ((}4G8Fi6W_lDb75!c@V\"|=','12c10897-8f5f-4148-96b8-733c5be9be0e','0557b554-8403-49d8-9de2-9d74d87f7330',1,0,'2023-06-25 04:13:07.587319','2023-12-25 04:13:07.587319'),('2d2b4cc9-2dbb-44e8-a7db-632e8351e5f1','58630808-8f91-4544-b8d4-706a3b29596bQS&v@V5*iCw)i<tA1)Fpm4YBx','12c10897-8f5f-4148-96b8-733c5be9be0e','ed0faee9-c877-4d61-a1b3-e5cd520cefa2',1,0,'2023-05-07 14:32:15.205790','2023-11-07 14:32:15.205790'),('2d4f3f3c-b045-4505-894d-e97c8afa3cd8','4f295ad3-98d4-4fcf-9bd5-99957cf9f0dcx49NMX0[4iv6L&aI&hG\\[uE<i','dd102998-b733-4489-82f2-9cc5bf9d336d','3d49eb85-68bd-4447-b86b-84d378b6623f',0,0,'2023-08-29 07:50:43.058198','2024-02-29 07:50:43.058198'),('2da2e3c1-0cb2-4fcd-8079-b4554be0f3df','4abb0032-cd2b-44f9-9271-3611a9c8ddfew8ci&cdw|UV\"5+lKO0zAdJ_WC','dd102998-b733-4489-82f2-9cc5bf9d336d','65146344-fe69-401e-b52a-7557654bc65f',1,0,'2023-08-19 04:13:45.542713','2024-02-19 04:13:45.542713'),('2dd609e2-9c14-47b3-b2e0-aeb2a45985ae','b98dbdb6-3621-4253-84dc-6f6a6be6d6ad7#ASRRwd#\\=*Vy])}nmC\\>>_n','dd102998-b733-4489-82f2-9cc5bf9d336d','d573a8ce-a4d9-46ac-bdf8-83af096f52e6',1,0,'2023-08-14 07:50:08.106537','2024-02-14 07:50:08.106537'),('2de39a6b-c85d-43e1-bb89-01158d894f2c','cdb77d50-41d9-4170-9cf7-7416ea0e8b59TH561^E.%:pPU\"TuVj(.w7c3X','12c10897-8f5f-4148-96b8-733c5be9be0e','d0cc5401-c2be-4828-9aa3-28d8d37e56ea',1,0,'2023-06-23 12:19:09.873251','2023-12-23 12:19:09.873272'),('2e06a2b0-715e-4956-9c9e-84b9025bdfd9','b331757f-d1ed-45cd-af94-b50b1f4395e1rPj3w:d<ewJ`]a6_i+Wrjnj_%','dd102998-b733-4489-82f2-9cc5bf9d336d','3ee4153b-a664-49f3-ab2a-c1de8924193e',1,0,'2023-08-21 06:08:44.616660','2024-02-21 06:08:44.616660'),('2efc8f3d-d2c5-4e3c-97a4-9587fe3c4119','b8d7a462-3bc7-4043-abe8-1e5e783102ae4OGtS3{?4K;7Bq@BDll2\"C.^q','dd102998-b733-4489-82f2-9cc5bf9d336d','18730c08-3f3a-49c7-9cda-e38bfcecc1a3',1,0,'2023-08-20 08:52:56.598897','2024-02-20 08:52:56.598897'),('2f3c186d-76d2-4082-96e1-83be39dbfcad','c1cea95f-d326-4258-aa99-670caaaf0b9aM_X:I[HpNL`k\"\")R9jFk`=/HC','12c10897-8f5f-4148-96b8-733c5be9be0e','6b6330e4-c39b-48b5-9089-729e1e6ef4a0',1,0,'2023-03-28 04:04:15.342371','2023-09-28 04:04:15.342371'),('2f8d470f-b9dc-41e1-8846-bd0d926f1b1c','44c2b4d8-3d2b-456a-b5d3-a36fd258a5ed]|^WO&7i9}i/6|!Ag]uV`}uLC','dd102998-b733-4489-82f2-9cc5bf9d336d','275c226f-a080-407f-af0c-547982967169',1,0,'2023-08-29 04:11:39.153880','2024-02-29 04:11:39.153880'),('2f8e4614-a17f-4ff2-a156-4722ccbedb09','5309fc26-599c-4180-9379-db1f034ac5fe80C\\lTZ\\(=KCXd&g#k>Uf?.E(','12c10897-8f5f-4148-96b8-733c5be9be0e','cd443702-c5b5-4aff-8565-838bda1a408c',0,1,'2023-03-04 11:36:18.280447','2023-09-04 11:36:18.280447'),('2fb0ecc8-f173-4b55-a88e-c90f740e5665','41952b9e-68a2-4c45-8519-a28a29730774238_=6F[l}6$e+>Y6hnW;%1Dc','12c10897-8f5f-4148-96b8-733c5be9be0e','8e3c3eb6-13f4-47f6-86a0-30ac09b14d85',1,0,'2023-03-28 08:51:26.975464','2023-09-28 08:51:26.975504'),('2fb2cb45-2255-4bad-8440-ccf0e3b43657','a762bbe0-9077-4602-a2e0-6e96e0d349c1uy}9bx&K`1[g}I?%Df<&@LVT6','12c10897-8f5f-4148-96b8-733c5be9be0e','c3fffa13-dac2-4dd4-8d22-8bb1e759ae20',1,0,'2023-07-15 13:32:19.719584','2024-01-15 13:32:19.719584'),('30077500-33db-4275-8964-9aeac6da040c','34fa3aa3-03e1-4397-bfe1-8f222dab0cfd_@9\\AHJvqDtB<2lU%<q9YGH%i','12c10897-8f5f-4148-96b8-733c5be9be0e','5e37de08-9dda-4844-bd7f-54a3c0f588b6',1,0,'2023-06-11 12:13:38.596606','2023-12-11 12:13:38.596629'),('307e63ea-392c-48a2-8d56-32730d0e19bb','3489ef6f-d787-454a-8192-fdaaebd1a3a1_:2]U,xf[MB$XZK:)b6iIpkJ<','12c10897-8f5f-4148-96b8-733c5be9be0e','8d00e4ca-71ae-4df8-ab12-5ae23f30cba0',1,0,'2023-06-09 07:25:34.545810','2023-12-09 07:25:34.545810'),('30a231d2-5981-4c22-840a-0dfa27ba6d56','b52929a5-bb15-4574-94c9-ed827fd2ed2e]i9`;(h,SdrJFXLSp/M\\l*l,@','dd102998-b733-4489-82f2-9cc5bf9d336d','eb56db7a-36db-44a5-8898-ad877965c9b4',1,0,'2023-08-27 10:43:23.355074','2024-02-27 10:43:23.355074'),('30b5ebbd-6779-4ad2-8370-2c907c83a9f2','95fc1e05-e592-4c26-a162-608ee4cc53a2[p%}zD*;h\\GTz|enK^L^5C8zW','dd102998-b733-4489-82f2-9cc5bf9d336d','3d6be4a5-1b1b-424d-9e55-d81d639ecb23',1,0,'2023-08-19 07:51:07.210970','2024-02-19 07:51:07.210970'),('30b78685-b9fc-45a0-bcbb-e5467f3d2cba','6ba1c323-2c1f-4294-b379-58b86ace4f633<g%BB+3k@0;D\"922./dqD7y6','dd102998-b733-4489-82f2-9cc5bf9d336d','30b2b10d-7738-4ec9-ba02-b510ac8d91a6',1,0,'2023-08-29 08:46:25.157804','2024-02-29 08:46:25.157804'),('30c58764-7f25-4055-997f-536e863b0880','44fd03e4-1e18-48d5-aad6-373bbea5753bRPM}>C\"$Ys?_4DVP|9i+TOiNP','12c10897-8f5f-4148-96b8-733c5be9be0e','edbe14c0-2cda-4b67-a4b5-a29e5461843a',1,0,'2023-05-11 09:02:19.030777','2023-11-11 09:02:19.030777'),('30f50e5a-529a-4700-83b7-a19e829365da','66694be2-cb9a-4a73-b0c7-227691b710b5$5no5}?bN8^eV;rzDMyXBOe%/','12c10897-8f5f-4148-96b8-733c5be9be0e','10acab70-1052-41fc-b458-e7d699fec55d',1,0,'2023-07-06 10:16:49.266206','2024-01-06 10:16:49.266206'),('310eeb5f-7095-4888-9e75-84cc23e7821e','751df24f-ff1a-462d-a9ad-b5e31786a0ffgv\"zCBwYJ,i}2sb?FJY{jc72)','12c10897-8f5f-4148-96b8-733c5be9be0e','4d8d785c-a299-4cde-9c3b-1b5a1e288b24',1,0,'2023-05-07 14:37:37.463152','2023-11-07 14:37:37.463152'),('311936ff-6981-4803-8823-edb8f167631f','d2e6b57b-6571-48bc-8fa2-9b628bba0e27m\\}c9?.bs5[!gl*B}@WayWd71','12c10897-8f5f-4148-96b8-733c5be9be0e','ad6f8b45-160a-4141-b04a-540724244baa',1,0,'2023-06-08 06:54:36.255055','2023-12-08 06:54:36.255055'),('31269fa5-5536-4a37-93cc-b52748869825','b8a6bd54-2e5d-44fb-af62-840be754cfdbv754WQ2=;Wd[T?EF=xTh^1kC8','12c10897-8f5f-4148-96b8-733c5be9be0e','9fa8e078-1c45-4f5a-b577-c6570a342b08',1,0,'2023-04-25 14:53:02.937486','2023-10-25 14:53:02.937486'),('315ec978-3400-45f2-b2dc-78cd13e6db46','455327d9-3745-4381-be40-79d8b2a46b40:mlnMbwbuC63$P4}{F@=KrXOY','12c10897-8f5f-4148-96b8-733c5be9be0e','f7885e2d-0a5a-4e4a-96de-1c94039444bb',1,0,'2023-06-25 02:42:48.604552','2023-12-25 02:42:48.604573'),('3161e183-0a5f-4158-98d3-7f07c34a9275','60c2f0b4-6ef9-475c-8a40-3334939d908ezVjd.{o1P1-<s=r{6Rro\'D*g-','dd102998-b733-4489-82f2-9cc5bf9d336d','a98ec962-2fe7-4926-832d-e216e6841735',1,0,'2023-08-16 02:58:23.141770','2024-02-16 02:58:23.141770'),('316e8f3d-1b39-4df9-b29c-8b8adf85fa38','55b70138-ff8c-40b8-bf33-9c1ecd15d9afYZfv7#)Wv$?}!]\":4Si4;)C&c','12c10897-8f5f-4148-96b8-733c5be9be0e','f614d10c-5d74-4fc1-a967-217f7ac7fd79',1,0,'2023-05-18 03:52:16.833052','2023-11-18 03:52:16.833052'),('31926a6a-25b8-48ed-b8e3-d3dbfcb12a27','cbe1f71d-e6e4-44c8-9286-0a4749b4fa34Vlx1r?}>$@wwH=Z^m#gHaLpif','dd102998-b733-4489-82f2-9cc5bf9d336d','e9977ec7-7508-4cbd-a1a0-ddc693824a22',0,0,'2023-08-23 04:35:14.948808','2024-02-23 04:35:14.948808'),('32e1f74b-46e5-45e7-81f7-3b3ffa46acd0','b0720479-1b22-42c5-9f45-68b4df1253be#47piBUTiA40Di0<GFbg:JXk5','dd102998-b733-4489-82f2-9cc5bf9d336d','efb0403e-9eec-4dc1-9537-53d741b32de7',1,0,'2023-08-18 09:08:34.402402','2024-02-18 09:08:34.402402'),('32e3ceca-05ef-4c3d-bd1d-c8677cad89a0','4f1f9fa8-db47-4d9b-8c48-99d41a4fd6b4v0hQ8)GOpaxlW`mn{&yFg>(Z\\','dd102998-b733-4489-82f2-9cc5bf9d336d','491b0c76-5b0a-4deb-b3e2-867cca1242f2',1,0,'2023-08-04 15:42:48.531421','2024-02-04 15:42:48.531421'),('33869ee2-3203-47a8-bbb9-638fdadc4d09','d99ec556-6d97-4c40-976c-f1610aa6d9d8E4(@5Hu=)Nwt$[G2IdrBZ+_^>','dd102998-b733-4489-82f2-9cc5bf9d336d','33a1331b-41aa-4db3-ab93-bc5cc8d90c05',1,0,'2023-08-29 04:16:54.111998','2024-02-29 04:16:54.111998'),('338f5356-0553-4f82-9ac5-38a4ea5620e2','a2dc2c2e-8eb8-4212-9ed9-ea1275a069df|>LW\"bL\',\\;#5iZ:@^U^wIOZ}','dd102998-b733-4489-82f2-9cc5bf9d336d','dd9698a9-2397-483e-aa2d-750caf81d818',1,0,'2023-08-19 03:47:03.078537','2024-02-19 03:47:03.078537'),('340c4bca-b7c9-4899-98df-4a0451d92290','2d26652d-ea47-443c-abaa-30b3e744ad60d$r:8]\"><v*\"8<8X$]cO$bWh0','12c10897-8f5f-4148-96b8-733c5be9be0e','2f0265bf-abf6-4e6d-9c18-c3b3845b21f9',1,0,'2023-03-30 00:42:11.587843','2023-09-30 00:42:11.587843'),('3475ca34-2f57-47bc-a2a0-598eca1b9f3e','75f8ad72-2213-49d7-89ec-1d5841eeb758jzv^;.}a+TPE&3V?C8{@a0G}]','dd102998-b733-4489-82f2-9cc5bf9d336d','97952b2b-217b-45e9-b431-a1aac0fad77c',1,0,'2023-08-06 07:26:13.282554','2024-02-06 07:26:13.282554'),('34e665c5-328e-4a1a-9ef3-3257d7f91e41','365e5a73-9c37-480f-9f43-5d1cc89fecc3(#0sv%v>MW\\SOuQsXjbMY4L@N','dd102998-b733-4489-82f2-9cc5bf9d336d','ed1d7e11-ddef-47fe-a37b-36e344320192',1,0,'2023-08-29 14:15:45.063526','2024-02-29 14:15:45.063526'),('35cf5979-2de2-431f-914d-4b0049c7db0b','12751303-73ca-4e02-ab7f-72db419a5d77g<Jwn^XT|Xe#rtQ/+v=j\'WYPe','12c10897-8f5f-4148-96b8-733c5be9be0e','567fa3e3-6b10-44bb-8962-1a7d42bf9f9e',1,0,'2023-06-16 22:13:20.914289','2023-12-16 22:13:20.914465'),('3616b535-9d39-4557-8875-3835b2efb24b','b6316504-7cd3-4581-b69a-a9e9dc790440u-NEREr4uFlAX2-\'b+LYW`?5t','12c10897-8f5f-4148-96b8-733c5be9be0e','08d0920e-8aba-4527-976c-8035f2690339',1,0,'2023-03-21 14:50:50.345250','2023-09-21 14:50:50.345250'),('361f04b2-5087-4de0-a8c2-2b11c3a03609','200d141e-67e9-460d-83d7-d792b1754789liq5/Iei>!G!nf4uP-H&eW4Ep','dd102998-b733-4489-82f2-9cc5bf9d336d','ef8084ae-7f76-4c69-9abc-8bc2232b4d30',1,0,'2023-08-29 14:33:53.560793','2024-02-29 14:33:53.560793'),('3626f1d3-b9f3-499e-9eeb-60034151af98','0e35a753-6b16-4294-a640-d474c5ea9bb9Am\\m3/EB:i<\"rk}<#z=@2MB%D','dd102998-b733-4489-82f2-9cc5bf9d336d','9bc54d1f-f539-4712-b9f5-b079e6fa8380',1,0,'2023-08-29 06:18:59.045565','2024-02-29 06:18:59.045565'),('362aeaf5-b5f9-48c9-a1fc-658fa43315a0','1febb560-9071-4165-a551-4e2d8a46169f#V#d[{o0]\'o:7}hmXR!.n_Z@1','dd102998-b733-4489-82f2-9cc5bf9d336d','5beb7b96-987c-450b-a327-3039e37ebaa0',0,0,'2023-08-23 07:03:28.159845','2024-02-23 07:03:28.159845'),('368f74fd-e92c-4ba9-a30e-c6abb1e632f6','18397f9b-5ac1-4dd0-83f0-83f7647107dfVd{+IGc@>cS;bJ*-GYHoZcBxd','dd102998-b733-4489-82f2-9cc5bf9d336d','e6e53a9f-4c18-41d0-b09a-4b2a6a2c7251',0,0,'2023-08-28 10:09:07.572290','2024-02-28 10:09:07.572290'),('369224eb-3c85-48d3-8e02-c3901edd8ea0','c1810774-be7a-4bef-8065-e5fb66ef7548^syR:@H}\'?^6`*\"soAx9`$P+>','12c10897-8f5f-4148-96b8-733c5be9be0e','e16fd01d-4cfb-4d61-9a2d-2999f058f70d',0,0,'2023-03-04 11:40:34.960994','2023-03-04 11:50:34.960994'),('36a20b0b-2667-4d80-917e-a075bbe51079','0d1f04d5-f6a0-4171-aa2e-0a10335d8f061zU2sRnHcThH.&MxJ)5=@X3&5','dd102998-b733-4489-82f2-9cc5bf9d336d','89a804f7-9331-4a32-a5cc-1da7d73b0e47',0,1,'2023-08-06 09:54:36.266871','2024-02-06 09:54:36.266871'),('36ca3bfb-1c8a-40c5-8969-fc7151a6bf66','eb52f9f1-2284-4fb9-a6d1-5bb9f3c9d2d8XuE<@cDx*Q{^rQA%h%fB2+KE&','12c10897-8f5f-4148-96b8-733c5be9be0e','61890eaa-2722-4239-a353-968b471719c6',0,0,'2023-03-17 20:16:45.629803','2023-09-17 20:16:45.629803'),('371751c7-20dc-44da-a6c4-1b8c785fbe9e','192108af-9286-47d4-af59-da38bf5aaca8ynl7VOLPmE8IzG:5e/ZiN;7!}','dd102998-b733-4489-82f2-9cc5bf9d336d','962d316d-fc28-4d7c-86ea-494127a35dee',1,0,'2023-08-29 03:59:19.756734','2024-02-29 03:59:19.756734'),('37760421-8e19-42af-9c82-d672e5a1ed43','517e1866-d6de-4457-83fc-70db204df3f78`2SwE*}Nk1!\\(d-:[Zw4X=oG','dd102998-b733-4489-82f2-9cc5bf9d336d','254fd800-6c1d-48d1-82da-b30ac81c4c25',1,0,'2023-08-16 02:52:14.630318','2024-02-16 02:52:14.630318'),('37c52386-f550-41d7-8f34-dfa270815507','ecba2ba3-b644-4829-add1-28dff3a59f5dj%Pwp)ttwnrsHsq7\\PiRAj*`A','dd102998-b733-4489-82f2-9cc5bf9d336d','9e66bdf0-504f-43c8-8d8b-b06047700208',0,0,'2023-08-28 10:29:06.425292','2024-02-28 10:29:06.425293'),('37def06a-f276-4ffc-bfb9-705eec29105b','9bd109bc-ef0a-4997-9626-4b52aa49757e)1LC10RRWIU\":6c9@p2BC&R@P','12c10897-8f5f-4148-96b8-733c5be9be0e','e40cd9d7-f170-4096-924a-c436ca39e4c7',0,0,'2023-02-21 04:27:16.855342','2023-08-21 04:27:16.855342'),('38eb7a22-040b-4a68-ab04-08e0a4822520','63c53f69-da79-4eb5-8ca0-41f6e2e156b6\"5(OOl:0uUIP.enbo{dd09./`','dd102998-b733-4489-82f2-9cc5bf9d336d','5a1ac142-0f48-4ecf-9d38-989ed9e0118c',1,0,'2023-08-29 08:01:40.608381','2024-02-29 08:01:40.608407'),('38f5dfd6-8d76-489a-bec8-21209abba23b','3cf7341f-0e2f-425f-ac5e-bb30f616da75$i4wp#;wXldL2UpXIa.:x8JtE','dd102998-b733-4489-82f2-9cc5bf9d336d','5c417a75-cf43-44d5-91bf-52bc796ac9a1',1,0,'2023-08-06 09:00:08.502320','2024-02-06 09:00:08.502320'),('3966383a-4d54-4a2b-937e-efea45b57d1f','fcad28ec-f6ca-4cc2-aedc-ff08fc484325|$@f`s26X8>)QMT6AypvTY7.!','dd102998-b733-4489-82f2-9cc5bf9d336d','ae318ad1-af14-48c6-aece-34744f886df1',1,0,'2023-08-06 07:11:05.888568','2024-02-06 07:11:05.888568'),('39b288be-5e24-4604-b349-9c5dba99eefd','f8934655-b3a0-41f4-8b50-4a8a3523fbbbq`oUz<!buC]m!kpY4tzjURWW\'','12c10897-8f5f-4148-96b8-733c5be9be0e','f4202dc8-9063-44e1-b498-6ea88a2869e5',1,0,'2023-04-23 14:25:52.449712','2023-10-23 14:25:52.449712'),('39c5b6b6-a4de-4bf1-9fb8-9ebdedacee38','fcc23e42-2b79-4571-8b16-0f634afd2fcc)&#[}tAVavdq>R>v(O9u12\".|','dd102998-b733-4489-82f2-9cc5bf9d336d','c83ed9cc-ca2e-44a2-b792-dc206214e9e7',1,0,'2023-08-29 15:39:03.338087','2024-02-29 15:39:03.338087'),('39f37179-dd6e-4d89-a7b2-00514c6ca7b5','30dd79dc-4fa8-4fc5-a620-049b71f2cfb6.k}m`k)XIRfSbr/iMHC!UlftN','12c10897-8f5f-4148-96b8-733c5be9be0e','fcc766b3-afcd-4c63-8f90-f244adb42c24',1,0,'2023-06-08 10:06:43.742077','2023-12-08 10:06:43.742077'),('3a637f5e-27a6-4810-8d91-e28220c6cc73','a5a92f75-6044-4711-87d2-e4b958e296a4PfKZd_6*\"Ai89ng+imLRH\'K=1','12c10897-8f5f-4148-96b8-733c5be9be0e','1724fe84-2503-40e9-9b5e-99aa08e13909',1,0,'2023-07-07 22:38:22.541727','2024-01-07 22:38:22.541727'),('3a91c1a3-368d-486a-907a-db71be49c525','338ab388-9a70-4546-b645-c855e3594fbdvjPxAB<Q)3h^|\":DP?\":/|it.','12c10897-8f5f-4148-96b8-733c5be9be0e','173c01f0-bd08-4e62-ad2b-8a3e63348dab',1,0,'2023-06-08 01:58:54.975702','2023-12-08 01:58:54.975702'),('3a9685f4-30e0-4bdd-841f-60d44844d65d','1158b9c3-04dd-4ffc-8d37-f49ec33a47ba;x&<w:>Wb7b`oZ\\tsx>)\'Z2@c','dd102998-b733-4489-82f2-9cc5bf9d336d','7a091746-93df-4c92-a8c4-737de7032cde',1,0,'2023-08-23 08:28:23.630883','2024-02-23 08:28:23.630883'),('3ab0c9c0-3b96-40a9-b36f-57bc6bb7ac90','8cbd4512-3eff-46ef-9959-79c032fb730ek5|FjZZa5V=4#SrXD@9Ww5/E9','12c10897-8f5f-4148-96b8-733c5be9be0e','e07c35eb-7082-4b73-abe7-1f85a3e3cac9',1,0,'2023-03-27 09:55:12.985699','2023-09-27 09:55:12.985721'),('3ab80f00-ecbc-4ec7-a9b7-0d9c6e377b8f','754fac4e-79fd-429a-b192-464429f5b375l699\\yqPu|6$6o<-cZuuFv\"zo','dd102998-b733-4489-82f2-9cc5bf9d336d','5463af03-3dc7-4869-a1b2-3a63756644d1',1,0,'2023-08-23 09:01:50.662644','2024-02-23 09:01:50.662644'),('3abe8285-043f-4e74-821a-d817878169c6','426712a1-17ba-468b-b242-1c6d9153218ekQyIC;%{:C.WtoW{s66AJ\'Qq5','dd102998-b733-4489-82f2-9cc5bf9d336d','1162d0d8-70fc-4605-988b-aeee773f46f6',1,0,'2023-08-06 07:09:37.714737','2024-02-06 07:09:37.714737'),('3ad59da3-48b9-4eed-a4ec-98fd745a2c3c','3c98fd0a-1045-432b-bb38-b0251eac1eedM2s<dzj6|P8bZ2ApL+/x|0%hs','12c10897-8f5f-4148-96b8-733c5be9be0e','f9cd5324-a7eb-4472-a7fd-109c4e108b29',1,0,'2023-03-29 15:00:40.944754','2023-09-29 15:00:40.944754'),('3ae3b814-c416-4510-a944-dd2415cceae1','0e608915-dbaf-4124-b176-07ecd64a6acc]a6Pf|.dI}gFq$uaixNw<8.<Z','12c10897-8f5f-4148-96b8-733c5be9be0e','ad97f63a-16eb-421b-8c82-4f11977eb7f0',1,0,'2023-03-19 02:33:21.673905','2023-09-19 02:33:21.673939'),('3b3d86c9-32a1-444c-b96a-b32cc218362d','1c3a38a0-84fe-4d10-8dda-6d0b809a9c62R;dwT{Ed@XwwS\'HfVb*Dxm:{>','dd102998-b733-4489-82f2-9cc5bf9d336d','d71b489c-666a-42b8-81a6-cb8fd842fc87',1,0,'2023-08-20 04:38:21.523068','2024-02-20 04:38:21.523068'),('3b95dd22-1ef3-46cc-a440-acd1afcdf284','5e379a82-d58b-4519-8eef-beef691c27a7FA=ivST[3{yj$5`T#bqC|vfV;','dd102998-b733-4489-82f2-9cc5bf9d336d','53ad9b11-2f8a-4970-bd85-0e5f60588306',1,0,'2023-08-28 04:00:26.197165','2024-02-28 04:00:26.197165'),('3b998b23-8b58-40dd-824f-beca4fa3d842','b12e6bce-9331-475f-b4bb-03a61325e872x1tKP4oyyUh-XnPpIxko3xH`k','12c10897-8f5f-4148-96b8-733c5be9be0e','44aafe3c-508e-489d-90a7-9c05b9190ff4',1,0,'2023-04-24 02:31:06.696130','2023-10-24 02:31:06.696130'),('3bdd7ca4-dd22-4638-ad75-f1d5137b582e','175a0bef-3d5a-41c3-bd97-b0426a5dd213^6_-k2=TtoE\'698sW#?RFt:lk','12c10897-8f5f-4148-96b8-733c5be9be0e','cee06549-e920-4192-8087-7dbf9860b688',1,0,'2023-07-24 23:14:06.481888','2024-01-24 23:14:06.481888'),('3c9d29f8-d31e-45fe-a6f5-3168be6fd281','2b43af19-ac5e-4b3b-8053-6d8668045dfa+$NngL6ah`UH9b@x\"/eAUH,1&','dd102998-b733-4489-82f2-9cc5bf9d336d','ecfae862-9533-424b-b691-053afad61c03',1,0,'2023-08-20 07:43:52.416889','2024-02-20 07:43:52.416889'),('3d013910-d74f-40ca-9509-6b8dd8c51637','29cc133e-687a-4cc6-86c9-4815171bc514Tx^L,Svb=enbKE&8x,1|k;k|M','dd102998-b733-4489-82f2-9cc5bf9d336d','954d29f4-b649-4279-ac88-9388602fce20',1,0,'2023-08-10 20:54:14.536757','2024-02-10 20:54:14.536757'),('3d39e49b-6897-4d6a-9bb8-c6b16975a922','ab560c8d-a23b-4735-b13a-7224445fa823>LNbWq#,WdZe(&w|%D%6+nJUk','12c10897-8f5f-4148-96b8-733c5be9be0e','8c96c63b-3e98-4b10-8c10-9fbdb58d619e',1,0,'2023-03-27 14:21:35.771549','2023-09-27 14:21:35.771550'),('3d835ccd-d0d7-4632-8432-24bc6c439c70','b6b3e146-3cba-4c3e-8b4c-4e28a7c14be3}Q/}Ct-7/_^[1|\'0Hz7mguZ0P','dd102998-b733-4489-82f2-9cc5bf9d336d','3aa52d6d-6ef8-4ec4-b379-3ecdf7752bfe',1,0,'2023-08-01 00:33:02.610869','2024-02-01 00:33:02.610869'),('3d8edd12-d3cd-4e4c-872f-7c06c271f121','0c77d0c7-4e6f-404e-8f2e-019d9a4c99d3]Pt28\\O?TyOpo\\!FO@ahbsty0','dd102998-b733-4489-82f2-9cc5bf9d336d','4a1d7691-786a-400e-be3c-d6e5df5ad638',1,0,'2023-08-18 09:06:44.172413','2024-02-18 09:06:44.172413'),('3e5e3baf-6461-4cab-bd14-0f4f389f962f','4202878a-5918-4366-9c70-d243660b2323VI\'_;Md^y\'l{>`mj/$rHb{kI4','dd102998-b733-4489-82f2-9cc5bf9d336d','c1e96d7d-4e1e-4393-afaf-254d4eda50cc',0,0,'2023-08-16 04:14:05.444540','2024-02-16 04:14:05.444540'),('3f06130f-a3b4-42be-8f08-56462401f708','944c565e-1a04-43b9-9fb8-7b981e8f7c398|k9adX5NhKz)\'e\'O-S6tLsrr','dd102998-b733-4489-82f2-9cc5bf9d336d','cce4d61c-56a2-446e-be08-12f05ec5b012',1,0,'2023-08-27 13:52:39.130969','2024-02-27 13:52:39.130969'),('3f75c520-d4fa-460b-b931-2a8ad57e1786','355a3a54-550b-406a-a7d7-85f4248712fb\"Jp75Q2%ID>28?J{5:-myw|3?','dd102998-b733-4489-82f2-9cc5bf9d336d','aef1f91c-9f33-47d8-8bae-cb3d265abce6',1,0,'2023-08-18 06:26:34.638781','2024-02-18 06:26:34.638781'),('3f97acef-140c-4557-b055-324eef680e2c','bb3ae6ef-6e10-4b6d-a486-aecd08b2d655h.@S=88o2#V_4|G@g|hMex%i%','12c10897-8f5f-4148-96b8-733c5be9be0e','03c5a48f-2911-40fc-99c6-6578410d7ca9',1,0,'2023-04-09 04:28:31.063369','2023-10-09 04:28:31.063369'),('3fa23df2-8174-437d-bead-fd4758559ea2','38358bd7-719f-48b7-b6a1-9dada09bc425V|%P4qA`#,VJ,t-Ji[<NIE`Ja','dd102998-b733-4489-82f2-9cc5bf9d336d','ad7f5eb4-e825-4fbe-a5b4-d681569b45af',1,0,'2023-08-29 08:40:55.653360','2024-02-29 08:40:55.653360'),('3fba7aee-3b52-49f0-b288-994d1e1c9f30','658ef58c-9e72-43df-9fe4-5658c3b3a0558+?)#+wnT[-HQ_ywxinTD1vS@','dd102998-b733-4489-82f2-9cc5bf9d336d','8d146b94-7ab3-4d4d-90f6-da6e74b7e8e0',1,0,'2023-08-18 07:41:43.310661','2024-02-18 07:41:43.310661'),('3fd553cf-1e22-4ef3-b01b-7d5b6ee83b15','2867a16a-1db8-4369-b1da-bf94d3f1434e]\'Ax@@CiVTVIe!uX9,n0Drv)6','dd102998-b733-4489-82f2-9cc5bf9d336d','6641dcd6-ef67-42eb-ac38-88d00a4ffe3e',1,0,'2023-08-18 03:27:30.467953','2024-02-18 03:27:30.467953'),('3fe8265d-74ed-4e0b-b79b-c9f2cea379a7','c57c9dd3-0fc6-4c33-a979-17cba33b5bd4$-HjT[9&`kjx?`oljhG|l8KW\'','12c10897-8f5f-4148-96b8-733c5be9be0e','ecda425b-796a-4eba-96b3-e5c62da0374a',1,0,'2023-05-18 03:46:56.690917','2023-11-18 03:46:56.690917'),('3ff9c56f-b7fd-4837-bff6-738df692d8ff','1803ffa2-f278-48cf-9d3b-f53619e987dcdO_Ue!m*A{iZ4P.^{=2$J#Lad','12c10897-8f5f-4148-96b8-733c5be9be0e','034598b5-227e-4834-ac6a-758982cc5b18',1,0,'2023-02-22 08:28:19.241403','2023-08-22 08:28:19.241403'),('408fdee7-4724-4ffc-8f6a-f2b96634e5de','062bddf3-8934-48e5-b477-f8117091df80j;P?T^>OLD+\\fA06=Q|zF;%_!','dd102998-b733-4489-82f2-9cc5bf9d336d','19adc0cc-117d-4ad3-9276-119efcbd01b8',0,0,'2023-08-22 07:33:03.966775','2024-02-22 07:33:03.966775'),('409aedb1-0b5b-4b4c-b865-7f33e0703c1a','1227f9ab-5a43-4c23-8018-fa4eef2010b7\"#sytQ(|1sjO>:;YVTF88}BF+','12c10897-8f5f-4148-96b8-733c5be9be0e','d80cd8e2-2b6a-47d2-a533-5b85309054b5',1,0,'2023-05-10 01:40:40.905120','2023-11-10 01:40:40.905120'),('40a23419-1e10-408f-a46a-8d6cad1bd34f','55826454-cda8-4b4c-9bad-91e91be18c90g7aF^_TsG7;QP5#Pd`t]KR8X\"','dd102998-b733-4489-82f2-9cc5bf9d336d','c3935c6c-e2f4-41e2-aeef-3ab6b696bf26',1,0,'2023-08-28 03:03:06.337670','2024-02-28 03:03:06.337670'),('40d81534-53c3-42f1-8988-51157f4cfed1','cf42d619-85f7-4a18-93d2-bd649f7133a5\\\\!^D:Y!YU7)I-?3+:T&e(v96','12c10897-8f5f-4148-96b8-733c5be9be0e','9360b77b-cbbe-4801-b7de-31d6069c42b9',1,0,'2023-03-27 15:03:39.514182','2023-09-27 15:03:39.514204'),('40dcb3fb-05fd-4075-b0b3-1a1a42b187a2','5111fede-05cc-4628-8767-e5809e15371b$,iPNT/-afdt}RS0?daa1ZZf;','dd102998-b733-4489-82f2-9cc5bf9d336d','27cbe96d-45ea-4531-a787-043a2f84564a',1,0,'2023-08-12 07:17:12.480520','2024-02-12 07:17:12.480520'),('411c8fa9-77c2-4b45-a6c3-ffff593b7c2d','b1c74dc4-96d1-4652-b335-4d6e186ec52dx^+ZsFV</YDgR/.@6F]2`??J5','12c10897-8f5f-4148-96b8-733c5be9be0e','35aaab44-7bff-4027-b316-82a4f50dfe31',1,0,'2023-06-23 08:07:12.070934','2023-12-23 08:07:12.070934'),('412236f7-58a0-4950-8193-78c66060287c','7cb4cbe0-918a-4a86-a5f1-353e5931c3a5&^ZEM3+Wqm)*nG,1\')(\\B9^ZM','dd102998-b733-4489-82f2-9cc5bf9d336d','041aca8e-ec6c-4539-a801-488537f1b820',1,0,'2023-08-18 06:14:36.304850','2024-02-18 06:14:36.304851'),('4177dcf2-3e6b-40d1-a886-cff6f232a49f','a4694c69-6071-47a3-af49-15fb1bb98805cG@iQDk[463\'Oz;NqjIW>@zrg','dd102998-b733-4489-82f2-9cc5bf9d336d','2148cac5-f0dc-4c35-8eef-16c2b18cddee',0,0,'2023-08-04 15:42:48.531458','2024-02-04 15:42:48.531459'),('41c673c9-33f6-4609-ab11-ce382ef4a189','905da191-ccdc-42b7-a5c6-ff9d789f6454#:OMgmr3![R\\HjCO2wkzu`p%D','dd102998-b733-4489-82f2-9cc5bf9d336d','2d1f9ad2-6e12-4073-958b-b9fcd6a90a9d',1,0,'2023-08-22 01:59:34.381749','2024-02-22 01:59:34.381749'),('41e1b2ad-e3e7-451e-a47e-b67a46fd974c','fa3867cb-6bf9-4b72-9c94-3f154b00f7feCAzP%\\t9ZN1HS99i*=;!yH][)','dd102998-b733-4489-82f2-9cc5bf9d336d','95b35741-e18c-4809-b419-fea519277289',1,0,'2023-08-18 09:28:44.237125','2024-02-18 09:28:44.237126'),('42101b6f-2dff-4a06-ad93-7ab78b8d82af','121c2916-2ebd-4764-94f0-e89105c0b12eS-{H7oA;`m,s<aar2]u&jW<t?','dd102998-b733-4489-82f2-9cc5bf9d336d','deadae7c-6cf7-4600-8867-a7dd2bb13f6b',1,0,'2023-08-25 03:20:27.431045','2024-02-25 03:20:27.431045'),('421a7b23-0c72-4ce5-b012-53bd9b5530d1','3aa4f273-20bf-42ed-88f1-705fafe06143O?;%TO|AR;L{?\\YL+og-sy=$6','dd102998-b733-4489-82f2-9cc5bf9d336d','c7ac04a1-c7c4-44cc-837e-dd4ec5bb5489',1,0,'2023-08-18 06:46:38.874829','2024-02-18 06:46:38.874829'),('429c46d5-89c8-45a7-80f5-a72daf8ee150','18d1c207-0d6e-484d-a3b5-fcef9e849e71ylI=*Q25%iCN:WU1EL@4]RKn\\','dd102998-b733-4489-82f2-9cc5bf9d336d','6a1ddea9-8e1e-4e90-9080-1c1bb7fd552a',0,0,'2023-08-16 10:05:49.315864','2024-02-16 10:05:49.315889'),('42d0f4c2-9250-472d-b22e-583dbf992865','cc8b67d8-62f4-479d-8a0a-f8506037dfc1Ywehlj{9jyv/zAB#.eZ+[J#Nm','12c10897-8f5f-4148-96b8-733c5be9be0e','6c64491c-55e6-4efe-b660-e88c91130800',1,0,'2023-07-16 03:20:25.365394','2024-01-16 03:20:25.365394'),('42da0fca-f067-48b5-aaa5-1a7ab282f3ef','31b111be-7bca-470d-9141-4dcc65061173{!%-1LiAxVYA)-{Wq\\gXk0^jh','dd102998-b733-4489-82f2-9cc5bf9d336d','8f21cb05-08f9-4c44-a977-88828956b9e8',1,0,'2023-08-25 04:14:48.871191','2024-02-25 04:14:48.871191'),('432a5112-c4a6-478a-a675-561a2dd480d4','5437e8e8-e536-4e6d-b8b9-30aa1bf29e1dfLiq_;ZNo8nmRC&JGoX!1|bcb','12c10897-8f5f-4148-96b8-733c5be9be0e','5f2ba655-1d4a-42aa-b534-2d004be58fcd',1,0,'2023-04-24 02:17:21.295130','2023-10-24 02:17:21.295130'),('43921e3f-871e-4a35-b748-749dde853786','b4e4e18d-f5df-4777-8c56-4ce00caa1797ChLI39:V_U9iA\\o2Qrs}:)J)o','12c10897-8f5f-4148-96b8-733c5be9be0e','02b4d621-979e-49e0-980f-b7d216cb4d77',1,0,'2023-07-19 10:25:26.694297','2024-01-19 10:25:26.694297'),('43f9c582-88ce-47a5-9648-c245283343d4','fa6f3c9a-a345-4e2d-ae85-2f1fdd0cb3a5zkZV,\"/RE|RbE9MNF[<pA9E}q','dd102998-b733-4489-82f2-9cc5bf9d336d','0870fabf-d59a-44dc-83da-ecd63b337a1f',1,0,'2023-08-23 09:16:01.454169','2024-02-23 09:16:01.454169'),('443cf738-8b00-4619-80de-94308411c6db','0284c349-36a9-4276-b16f-88323964b40d]\"4(_GVi@fkD=\\:`PFSf-7lXk','12c10897-8f5f-4148-96b8-733c5be9be0e','e67d77eb-25f4-4fb3-88db-84f036c78e7d',1,0,'2023-02-21 09:33:56.813400','2023-08-21 09:33:56.813430'),('44e71aa0-63b0-4092-90ac-05d81d570cfd','fac40200-ddbe-446b-ac79-b4d544f5861525(\\kB[zh6>uxjHH|R*w%eVqq','12c10897-8f5f-4148-96b8-733c5be9be0e','1781779d-9a42-4912-9418-00de8b256ed9',1,0,'2023-06-09 08:58:34.914092','2023-12-09 08:58:34.914092'),('44fd6acd-6e66-40a2-acf3-344984f79992','f2a35d2b-875b-4f0c-a194-e54f16d6bdd3Vjd=3\'zu5*R`D$6m#S|#cW<n$','dd102998-b733-4489-82f2-9cc5bf9d336d','08773c78-b00d-47c7-91aa-97be5e55306b',1,0,'2023-08-17 08:08:18.177726','2024-02-17 08:08:18.177726'),('45211d3b-17ef-4a4b-80b4-495283247108','a42a8895-a58a-40c7-a416-6022dc8f1e2183ANo_mmuo6$9g[%eygmNPF\"f','dd102998-b733-4489-82f2-9cc5bf9d336d','185654bc-a20c-4e57-a7ca-d23da33c6029',1,0,'2023-08-29 04:35:08.286948','2024-02-29 04:35:08.286948'),('45fa605a-3fb7-4026-817b-de637584b207','5dad8ec2-6e52-482e-8486-6186cca0000aw9\\SN^<ZF{kRY*/x!^0Tb<m)c','12c10897-8f5f-4148-96b8-733c5be9be0e','586a2b8d-34ed-4953-8f3d-dfd2065aaadd',0,0,'2023-03-16 07:47:19.690541','2023-03-16 07:57:19.690541'),('46063eb3-f7cd-4e6d-a5cd-bd63be4ea8e0','7f6d0c18-4b37-43ef-b3a6-b216da32ef43MF9_#F{B\"l}DaJX$1^^5kTDQM','dd102998-b733-4489-82f2-9cc5bf9d336d','a4195b90-fc8a-46c3-bf41-34713c0079d9',1,0,'2023-08-25 09:53:15.124953','2024-02-25 09:53:15.124953'),('462320f3-7aa0-40ed-8fcb-4d3aa3c55921','8dbf165b-1076-4f66-a10e-56069fd02fb1;B=a+y[a6O]/\\YE/JWpe({DkQ','dd102998-b733-4489-82f2-9cc5bf9d336d','3bd89f79-86c2-4334-8a06-14d8792df563',0,0,'2023-08-16 02:58:08.927582','2024-02-16 02:58:08.927582'),('46385128-4c41-4679-8d0b-d0f4a11f83a8','4b3df402-b658-465d-9152-3d1da2043606$^_LZ1,NC`M::QI.DE?V-{TTJ','dd102998-b733-4489-82f2-9cc5bf9d336d','1bfa1199-9f36-4edf-8788-d282b955a9b4',1,0,'2023-08-13 17:05:33.679561','2024-02-13 17:05:33.679561'),('463f9684-261c-420c-aa80-3ae1f83bb714','957d9e8e-2926-480f-9fe2-957407e6e18a}J/3*Zuv,<MEdK\\egv/*^$#/\'','dd102998-b733-4489-82f2-9cc5bf9d336d','067f3b22-4e9f-4c2e-b6d6-21a9d8f2cfdd',1,0,'2023-08-28 02:43:08.534082','2024-02-28 02:43:08.534082'),('46573183-4a57-4a93-a0df-d085fbe67461','04ef855c-c386-48db-b943-4bdae68c4255KJfb2>$$dkI@I:AMLI[X/](+m','12c10897-8f5f-4148-96b8-733c5be9be0e','846688ad-89ab-4c19-b4fe-6d456947352b',1,0,'2023-05-09 14:38:02.903108','2023-11-09 14:38:02.903108'),('4664aa72-50c8-4f9c-b058-c567b77f25ff','90b7c98e-9d9f-4ca5-af83-2db2afe5f8410cZ\\?gH<!NNs@[)}<:k\\jU:ki','dd102998-b733-4489-82f2-9cc5bf9d336d','0b3076d9-834d-41c3-b8c8-0b92eb96567a',1,0,'2023-08-17 01:36:50.657783','2024-02-17 01:36:50.657802'),('466e60a8-f976-4c38-b85a-2310266b2b28','1834a690-26a0-4f97-9631-292823ff68adq7zJ/31\\M7U$`n,.}Q#BDKo\\H','12c10897-8f5f-4148-96b8-733c5be9be0e','099e5542-7276-401a-8715-8d422c4b66df',1,0,'2023-04-17 08:32:22.825094','2023-10-17 08:32:22.825095'),('46e752fc-5e96-415d-a13f-401a44829b48','52c10b94-da7d-4db4-b28c-878f193028b5}#o`|ND/N-IFwRzyp<Vlj\'(N\\','dd102998-b733-4489-82f2-9cc5bf9d336d','54b3b3de-99a6-4cb0-9ed2-9e66d9b98113',0,0,'2023-08-23 04:47:56.079964','2024-02-23 04:47:56.079964'),('473bda35-520c-482e-8183-09afcdc3e6d0','c371b920-6dfa-4864-9a56-d07185cc6aca}#7y\"KIUNicdZsvD_]E#.RF9M','12c10897-8f5f-4148-96b8-733c5be9be0e','532fe9fd-dc2c-4340-a9a8-05cfa92deebb',1,0,'2023-03-28 06:04:29.752018','2023-09-28 06:04:29.752018'),('4792c57d-78ee-4137-bb68-87d5adf90421','e8383aae-3c6b-4121-9ee6-869da8844406;}S\"6uVqY5e:8jH3RdjAqDA|q','dd102998-b733-4489-82f2-9cc5bf9d336d','52fc4a50-ac7f-4953-9b86-8bf456d1e411',1,0,'2023-08-27 13:41:53.620991','2024-02-27 13:41:53.620991'),('48a9cbe0-4e60-4333-8cce-3250a983622a','112f7a83-bdc7-4d8e-8ecb-dfa5110852e6.#,x#>?PzaMH{R[_ps<qrO|oG','dd102998-b733-4489-82f2-9cc5bf9d336d','3267ba58-9257-4e17-be3b-8352d443e91c',1,0,'2023-08-06 08:32:59.584683','2024-02-06 08:32:59.584683'),('48ad091d-14e0-4f27-b318-9f12b1f00362','339a44f8-10d9-4f85-921a-aa937cbe2e74NPkfax8e-s1tp;O#23+t;Lfrw','dd102998-b733-4489-82f2-9cc5bf9d336d','e1293b89-73a6-462b-867b-37a494a3885a',1,0,'2023-08-25 08:53:48.286104','2024-02-25 08:53:48.286104'),('48c4e19b-4390-4189-bb07-93ac8119dc30','0c86898a-0d5a-4c34-853a-5ccf6139d0f6?OB7SR0k*(!FahmUqYD@E\"xLC','12c10897-8f5f-4148-96b8-733c5be9be0e','f6d58a05-9556-4613-bac2-ffb3dc74cbee',1,0,'2023-04-06 15:04:20.665286','2023-10-06 15:04:20.665307'),('48d0531f-fd4c-4a9f-a566-026744659a63','6456e93c-0195-4622-a939-c4f5580b3b1b4Mk#yQ;+.|6c`4t#<Q$Hg1*Nw','dd102998-b733-4489-82f2-9cc5bf9d336d','2bdc0f8e-51fb-4570-9879-e5ef0ce8b724',1,0,'2023-08-25 08:28:20.893811','2024-02-25 08:28:20.893811'),('48de661f-6b7e-493b-8fe7-d4c405444323','27cb843b-3f1e-4c14-b60d-b236417a6f64Y%KM&*Lu_,tgvSMtZr<i\'O\\wt','dd102998-b733-4489-82f2-9cc5bf9d336d','305c4f29-a509-4dd9-a5be-72b5902316d1',1,0,'2023-08-18 08:22:28.496728','2024-02-18 08:22:28.496728'),('49de7398-8ee8-43a2-ac72-6faa66f1f6a6','f3612538-fa6f-4965-853d-4ae3c30c69afmrTA]V=ABg;9+q/FB.it^u\'6w','12c10897-8f5f-4148-96b8-733c5be9be0e','ec01ee0c-b7c3-479f-b15d-58f78c9c813a',1,0,'2023-03-30 15:02:28.394606','2023-09-30 15:02:28.394606'),('4a1114e3-9613-467d-8b0b-5d397810bb8e','f41a6308-d679-456d-b27c-b51aeab9c704{PB7lzoR;-*2v[InN9.W14;.l','dd102998-b733-4489-82f2-9cc5bf9d336d','1742f944-b8cf-4396-ae01-e16053516aa9',0,0,'2023-08-23 04:51:23.279375','2024-02-23 04:51:23.279375'),('4a1378ac-43da-4e75-9dce-1dd8c0bf493d','07a714c1-6dbd-4c8b-b717-349bf39fd1b4^;7Z2\"83(Te\"q|65L9O=[[]#c','12c10897-8f5f-4148-96b8-733c5be9be0e','e1644e91-aed1-43ff-bc9c-c29a3994f7c5',1,0,'2023-07-15 09:56:29.150154','2024-01-15 09:56:29.150154'),('4a162765-fb91-4877-aaec-004aae1046f4','fc78cbb9-fe78-474d-bd97-7fc28a693f02k/m\\^fAGDqHj\"$\\7dir?vlW{T','dd102998-b733-4489-82f2-9cc5bf9d336d','bb95c4ab-4ae5-43fb-97ab-ae57dc7a57c9',1,0,'2023-08-20 06:26:00.632309','2024-02-20 06:26:00.632309'),('4b4ae9d2-3c5f-4541-b024-b137bad2cfb1','96e7ef2c-0bdf-4b7b-9f25-9a2a84369939IoQi`O|P|CWqJgurg]#iDI_+2','dd102998-b733-4489-82f2-9cc5bf9d336d','22a3be53-9273-45de-84d5-fe78b7e4c131',1,0,'2023-08-06 07:57:34.494727','2024-02-06 07:57:34.494727'),('4b94520d-2548-4ced-b990-dac549e67e38','c7ffe974-fab9-46bf-bfd4-cb5a1e4116d4Zmj]T6|>F,K_9\\H`k11X]{ihR','dd102998-b733-4489-82f2-9cc5bf9d336d','39d483c0-8d35-495d-80e1-9ca71832bfee',1,0,'2023-08-18 07:07:03.106996','2024-02-18 07:07:03.106996'),('4b9b972b-b65c-4c51-88c4-0568e5b23e59','6bc5c0b1-abb9-4230-a123-c7f8763b142e*:&bLk^vJOY*(0o(C+oS2nm1e','12c10897-8f5f-4148-96b8-733c5be9be0e','e9bf9dba-ea7c-4d41-a010-d480f8cdbe2f',0,0,'2023-02-23 03:56:36.653059','2023-08-23 03:56:36.653059'),('4ba4b82d-de5f-40a0-b094-8c94aa1c621c','36673fae-fe52-4edc-89df-5ce83d830acfsDw3\\M3KQL\'SkaMUo^Ww^$Q7}','dd102998-b733-4489-82f2-9cc5bf9d336d','d85c6df6-6b8b-4ba2-819e-d25c7cd21c7b',0,0,'2023-08-22 09:56:59.867229','2024-02-22 09:56:59.867229'),('4bb3905f-5e11-4a43-9130-1f8e05d90289','25b5a254-305d-4c94-941f-6a53fb65a376%ZWz#n\'*M9.TSva<!F1Q>oEyd','12c10897-8f5f-4148-96b8-733c5be9be0e','d1d490b6-7c1b-4fa4-9823-6e89e97391c4',1,0,'2023-03-27 10:00:36.710156','2023-09-27 10:00:36.710156'),('4bfa2940-9a86-40a0-a4d9-9ae74a3cef12','4f10acd4-3569-49c5-98f1-339570aaa626b|U\"zO8{&B[?fxv^mP-\\\"rb@>','12c10897-8f5f-4148-96b8-733c5be9be0e','10c33891-8c75-4aef-a561-3d99d3bec7d6',0,1,'2023-07-29 15:29:58.001156','2024-01-29 15:29:58.001156'),('4bfa7fcc-b7b5-4c12-bcfc-4fed7b77209a','23d7b8c8-c747-4ab9-a429-4254a061c55fpbPLFarH;iXBDc?\'*yB7Z9QiD','dd102998-b733-4489-82f2-9cc5bf9d336d','91a76522-8805-4790-aad5-d5c82d6ad823',1,0,'2023-08-20 05:20:09.902305','2024-02-20 05:20:09.902305'),('4c8e18ba-cfdd-495b-a018-b66db2ef2d4f','25f8226d-60f7-4faf-ad33-0ce8f605296dbfO*GsRHmZv]yb.ka\\WbWLho@','12c10897-8f5f-4148-96b8-733c5be9be0e','42fe8df1-b2fa-4663-85bf-cfdb68ed3399',1,0,'2023-05-14 02:29:46.106631','2023-11-14 02:29:46.106654'),('4ca12b8b-855d-4272-91bd-619b1dd0148c','9b035c96-8b81-4038-921b-ac93a0901ed8\'u3}|DKHXgbGEn`&mqO}|nE>+','12c10897-8f5f-4148-96b8-733c5be9be0e','66834550-246c-4460-afc3-18d3af8df735',0,1,'2023-07-29 15:28:07.863574','2024-01-29 15:28:07.863574'),('4cae4b88-5c1a-412f-a51b-7ca6db773854','e4652e41-5246-44e0-bc16-196a04432ad4K}%o+ytuXh_]&@@Y*nE!y%dp\\','dd102998-b733-4489-82f2-9cc5bf9d336d','be34a247-6bd5-4a64-911d-14f06e9c63a3',1,0,'2023-08-04 02:53:12.819389','2024-02-04 02:53:12.819389'),('4cbd79b2-2bac-46b4-94b1-2e7bbcc999d7','324a0a6f-4a85-495f-a270-9412cb178a3cd&[).1(L46x>Tmx7#<G*=cUF`','dd102998-b733-4489-82f2-9cc5bf9d336d','06970a20-6a8f-4b67-a742-e2c6571e8891',1,0,'2023-08-18 05:59:39.302097','2024-02-18 05:59:39.302097'),('4ccad553-298f-4c2c-9764-34cc2eb9e4e0','c7387dac-a7b6-43de-a091-77f14a2e57417Rl/M}uDwU:,3S;dAk+:o_wC\\','12c10897-8f5f-4148-96b8-733c5be9be0e','2b634cf5-6ec1-4e68-bc76-147503558294',1,0,'2023-07-02 10:37:27.319021','2024-01-02 10:37:27.319021'),('4d068ee3-af2f-4842-bb75-7cf405c2b07f','eb2357a3-1189-4b76-aabb-e0dfa2680115;M\\rP{%cR[>29fWTsc^\'e(Nb[','12c10897-8f5f-4148-96b8-733c5be9be0e','1bd84d26-a062-4541-9637-dd3528724dea',1,0,'2023-04-17 08:39:17.734612','2023-10-17 08:39:17.734612'),('4d40361c-04d8-4502-a65c-4ff2b9c75bc9','1d37166b-54bb-492f-8573-eda3505708b2d2d6lXMN}[T@K/u{+/U\\/|qv,','dd102998-b733-4489-82f2-9cc5bf9d336d','cfc59537-705f-4368-afb7-1bc7b1cd88fe',0,0,'2023-08-30 00:27:15.916857','2024-02-29 00:27:15.916857'),('4d563f8e-a79b-4cd1-9966-60061dadcd9f','12ea6f06-e524-43e2-8923-3cfa82f0c6a4[&@7a==M@--[F-_b]_G`e+\"HS','dd102998-b733-4489-82f2-9cc5bf9d336d','e5a5615a-d688-43df-b723-406e7584ed1b',1,0,'2023-08-29 02:17:01.781227','2024-02-29 02:17:01.781227'),('4d6422f5-9e6a-4f30-8b53-6e92fcb09774','4175346d-39a0-47f6-b2ab-31655a8fb27c9`U=t9JmHO:iZ]LFg&]zlHN2N','dd102998-b733-4489-82f2-9cc5bf9d336d','dee2f5b0-2610-4a97-b39f-8dcb30fee3d6',0,0,'2023-08-22 09:59:07.672031','2024-02-22 09:59:07.672031'),('4d7c29a3-4422-44af-828b-bc1a30f4255f','a46d78f0-de63-4f67-a3dc-654b3169b4f4pZLinzi6:zI5(rK-59eIW$SGC','12c10897-8f5f-4148-96b8-733c5be9be0e','225e3708-9355-40c1-8525-fa6d8e6a6f38',1,0,'2023-03-19 12:06:12.347946','2023-09-19 12:06:12.347946'),('4d824451-1b0e-4c2b-8d96-816eeea97351','75129ea4-1524-4898-8a8b-393c4d019764GkKw/t*aQQ.00mv5n:j\'yC;*\"','dd102998-b733-4489-82f2-9cc5bf9d336d','6d049256-1037-4eb5-9b87-9e39a1d99ec0',1,0,'2023-08-25 09:25:46.704011','2024-02-25 09:25:46.704011'),('4dd2a4dc-61ec-4a51-864d-f1dc05cda671','b0ccbdc3-2883-4fbc-bd20-0ee5c8054f37l\\(M:-h46)8yY7wdW3Su\\sriZ','12c10897-8f5f-4148-96b8-733c5be9be0e','118a7a36-88c0-4ece-8a64-d8bb62eeecc8',1,0,'2023-07-20 15:09:27.038521','2024-01-20 15:09:27.038521'),('4e0a96aa-9c13-4541-a154-97ce4f064b4a','c4c095e5-fc27-414e-adb2-61149335e33eA!Piu[h9w+/fG5&Ax;t2mT(cv','12c10897-8f5f-4148-96b8-733c5be9be0e','db0f09df-03b3-40e0-989a-ff3882bd6519',0,1,'2023-03-04 03:16:54.894466','2023-09-04 03:16:54.894466'),('4e929fed-acba-4588-ba82-8995e0ad9e06','debc706c-0eaa-463f-b66e-414ddc68504dZ&lei\'N8Hi_x6Z^<VPqy1273\\','12c10897-8f5f-4148-96b8-733c5be9be0e','a2028cdf-fafd-45d0-8b3a-90e15ad5d067',1,0,'2023-06-08 09:28:33.693942','2023-12-08 09:28:33.693964'),('4f07c4cd-a690-4612-94b8-a61f7e382c99','4d4b8e61-6170-4085-aaf7-3d1da9afc7ecd8^7o$VhZ_uwUAm/Q}2KzUICt','12c10897-8f5f-4148-96b8-733c5be9be0e','24236187-cd8a-4162-a616-f54fa77550e0',1,0,'2023-05-18 02:52:11.208027','2023-11-18 02:52:11.208027'),('4f1eb038-6363-4e00-9de0-c18d7fd2af0e','5440af60-d93b-422e-8594-6b28547dc999L9.OmRPGAo?$h|6A.yzO+.-Jh','dd102998-b733-4489-82f2-9cc5bf9d336d','63b9c648-640c-43a7-b105-827d4a7ba0c8',1,0,'2023-08-27 14:38:59.685109','2024-02-27 14:38:59.685109'),('4f3d1ebc-4a86-4cc0-bc19-013c0ee06418','cd233b5e-e65a-4633-85aa-6a94326050d5;Dgiup$RU9.V_+)CG/`E28?t!','12c10897-8f5f-4148-96b8-733c5be9be0e','b594ade5-5ff5-4558-a5d9-14d154862c5a',1,0,'2023-03-28 00:45:05.705033','2023-09-28 00:45:05.705033'),('4f3f154f-64ca-429d-bdef-bc83b62605d0','59cefca2-afbd-4810-8ea5-6c5c59394523P^U6Rl,x>r+LPE`g7zTs,hkC+','dd102998-b733-4489-82f2-9cc5bf9d336d','984d9dc9-593d-4423-bb90-ad28f7be4762',1,0,'2023-08-18 08:58:30.132112','2024-02-18 08:58:30.132112'),('4f5a79fe-c2b7-4863-84ce-38a16c3a8eb7','f9f9839b-755f-4c2f-9ca2-52326b64ef8fXdQxYPWt08nGE4rz^>DIGeFXc','12c10897-8f5f-4148-96b8-733c5be9be0e','0c7b9b7c-3d07-42ee-85dc-3e007a08bcef',1,0,'2023-03-31 07:11:36.902816','2023-09-30 07:11:36.902816'),('4f6ba8d7-4c53-429b-9f83-91e78eb79e4b','b10ccef3-29a9-4180-87f9-a37234dcbd3aULnS\'[(\';.zr4GFsZ@E!Tbp\"j','12c10897-8f5f-4148-96b8-733c5be9be0e','6087eb0b-0c87-42d8-a4d2-d3407df677a6',1,0,'2023-07-16 02:57:51.055491','2024-01-16 02:57:51.055491'),('4f8c180e-1214-46dc-b6e0-de512ac1e9a9','71a43648-3d90-4905-80b0-6993c275925e<[jfuWP@Gw5A\\GNL)&+*lO$&F','dd102998-b733-4489-82f2-9cc5bf9d336d','11c6368d-3724-4136-baea-10c9e14e1b07',0,0,'2023-08-22 07:32:30.555401','2024-02-22 07:32:30.555401'),('4fbbb40c-4361-4ee4-a380-8493299dce51','0a5a0443-ca3d-426b-9858-63b3b0a39caft*h8NfZ$?w<*b\"{;C%kqy$+e=','dd102998-b733-4489-82f2-9cc5bf9d336d','5c84e05f-8b56-47dc-ab76-8846cb0c2ef8',1,0,'2023-08-01 08:39:18.884869','2024-02-01 08:39:18.884869'),('4fec436d-a7d7-4ea6-8260-fa10b00f18d0','ed39e2e9-7270-4530-996d-2755db140c73CRp%`C@-,\"KVX\\9Ke=uIaj}*8','dd102998-b733-4489-82f2-9cc5bf9d336d','2d6831d5-5610-4886-97f7-a73a9e3d7f68',1,0,'2023-08-25 03:56:58.114978','2024-02-25 03:56:58.114978'),('4ff228ec-9a2e-48f7-9176-f061021f9baf','7e685cb0-cbde-4c05-a2b0-9a26fbe14f3d5bK%*hIC<4?RN%#i0dcFvNRV;','12c10897-8f5f-4148-96b8-733c5be9be0e','8eadb5ae-2968-4653-a639-8af1db3864b5',1,0,'2023-07-12 22:27:17.874244','2024-01-12 22:27:17.874244'),('4ff5da3e-d5e2-4e61-a7b6-a9bc3676edb6','54922143-4bd4-49f2-81f2-0e776dbc2a21SQs=^47ko=xJd:w^=OrH6/uY\\','dd102998-b733-4489-82f2-9cc5bf9d336d','cfd457fd-e130-4d7a-85ab-9ac1797169ee',0,0,'2023-08-22 07:41:58.869184','2024-02-22 07:41:58.869184'),('4ffbaf75-b882-441e-8126-b3e268720dce','bf9ab670-848c-4a84-9c6a-69eed4ca561a#=&Mq1pc.k]4);Zx7MIy>R}/,','dd102998-b733-4489-82f2-9cc5bf9d336d','84f73f61-a30a-4272-af04-60d03111877e',1,0,'2023-08-17 07:01:50.717970','2024-02-17 07:01:50.717971'),('5004c3ef-8d86-4518-85a6-8cbd78bee18b','3acf22fc-f3fc-4f2b-9683-cf09deb7f864W0ptAEOj_^XPjSVR5Quq@.R]}','dd102998-b733-4489-82f2-9cc5bf9d336d','9874981c-c56b-4c46-99a1-615d427c8a50',1,0,'2023-08-27 14:51:30.406515','2024-02-27 14:51:30.406515'),('5079ac40-2d36-4fd8-bc8d-ae2c43b5a7e6','a4863f93-39ec-472c-93be-626716ea5b6d\"0&M:q-C.@IYw@fid3#<;Q{=f','dd102998-b733-4489-82f2-9cc5bf9d336d','1564dcd5-3c61-450e-89a5-8b1c22256b00',1,0,'2023-08-25 06:45:37.803529','2024-02-25 06:45:37.803529'),('509501bf-c181-4e51-abea-a4dd9858d923','b1b2945a-ae37-4cc2-9499-322934bb81c1f/Atvo0nzo$s2Bj\"CyBX.fH2z','dd102998-b733-4489-82f2-9cc5bf9d336d','98b6facc-6fdd-45ea-87d0-1f085dabfcbc',1,0,'2023-08-23 10:34:01.837879','2024-02-23 10:34:01.837879'),('50d7b994-996d-4b00-b140-cb5854572944','48b21766-2836-42c4-a867-311cdc523b7c\\QI]i&u;DOjaG1D$6^U{UWlux','dd102998-b733-4489-82f2-9cc5bf9d336d','ed8f4f3a-2180-44cb-95fa-6fa22375c38f',1,0,'2023-08-15 09:01:45.991305','2024-02-15 09:01:45.991305'),('50dbc163-29d5-4858-b630-b643251eda55','63b3e5ea-2b9a-4642-b74d-a5d4a38da630H410HOTw5;|WH%EsBN33+^kJ5','12c10897-8f5f-4148-96b8-733c5be9be0e','fcbcc2e1-78ff-4a96-a9cd-0cc00f2e15a2',1,0,'2023-05-07 10:42:31.636858','2023-11-07 10:42:31.636858'),('514b2963-9e12-47f5-9969-c8a1a8fd6c69','93be0086-3b2f-4baf-81bf-2e95fe83ec4c7ur+A\"dJAX<64=S0sqvWGW6T)','dd102998-b733-4489-82f2-9cc5bf9d336d','9613fd1b-6ff1-4ec9-aab5-546b8b84f18a',1,0,'2023-08-19 03:42:10.806303','2024-02-19 03:42:10.806303'),('515a65f9-13b5-472f-9d16-a385e9d1b091','b898d142-e410-4e80-9190-1508393cd1c5Mi@]/kZW^_;45z1.[Xj>E-J^I','12c10897-8f5f-4148-96b8-733c5be9be0e','41debacf-725e-4ec0-9f58-8fe089d70b0f',1,0,'2023-07-05 08:40:31.021011','2024-01-05 08:40:31.021011'),('5177dc22-5599-4b91-9787-0831132a9915','988c1322-0e06-4016-9fc8-a62301a732998`XN.KX\'L[NjS-]r_9!wjJ+*h','dd102998-b733-4489-82f2-9cc5bf9d336d','2c09ce43-0873-4f76-8593-cad094cf5a84',1,0,'2023-08-18 07:58:16.024110','2024-02-18 07:58:16.024110'),('51c07846-f1ac-4ec2-b19e-93ebd7c66060','68fba2d9-c01b-49bd-885d-f59771dc0f97bzP6sp2h!DvOFDnNkud((1*mI','dd102998-b733-4489-82f2-9cc5bf9d336d','4d1a3f42-6dc3-4607-8b07-b1f719dbb081',1,0,'2023-08-22 01:31:21.777676','2024-02-22 01:31:21.777676'),('51ccd17b-0302-443e-af54-ba54119ffe92','9599f710-f724-4f8f-ad21-973b6dd85d16ubB5wmuRX{#1nkjt.q;eN`iU5','12c10897-8f5f-4148-96b8-733c5be9be0e','3235eecb-d32b-4412-9999-f67b50b924d6',1,0,'2023-05-11 09:45:36.519164','2023-11-11 09:45:36.519185'),('524ad0ef-dd44-419a-a0a2-87bb366beac0','d2ca23a5-031d-4cc1-b156-a23716cb7b396@0A!<ormI2yRhm}%.CSp<c(,','dd102998-b733-4489-82f2-9cc5bf9d336d','8c634d5e-2523-413c-a115-1ce02c758601',1,0,'2023-08-15 09:45:33.508071','2024-02-15 09:45:33.508071'),('52a8546d-e8c9-4861-9323-48ae379fcfc9','789eaefc-39ba-429a-8bed-dae9eb252581)%(Aa(H2=Ml}h(\\\\+52+[\'\'Fg','12c10897-8f5f-4148-96b8-733c5be9be0e','f7cf5d85-7a25-4eb6-a137-94b9e30c64a4',1,0,'2023-04-26 14:22:36.308338','2023-10-26 14:22:36.308338'),('52c94dc6-f40c-499a-b744-4f7c755a4d16','389c384b-6d12-4935-abc4-3920be87116c&1`uKetf=Hp-rU\'u+d;XcA$,(','dd102998-b733-4489-82f2-9cc5bf9d336d','2d2113d0-b3e7-4117-8371-121d576a643b',1,0,'2023-08-01 08:29:01.963496','2024-02-01 08:29:01.963497'),('52ecf3e9-fc81-4d1f-bc66-1324c36854a3','619776f3-02c4-4588-94ba-b2c7f84f5dc5LCf4>6\"*bNr_Gi3%E8_\',H#3M','dd102998-b733-4489-82f2-9cc5bf9d336d','1e9dd45f-678e-49da-91c2-5a5ac387485a',1,0,'2023-08-06 09:26:18.335779','2024-02-06 09:26:18.335779'),('531f29e4-5eb5-428c-8730-0ccbbfd5192b','5045d013-d38f-4f2b-8454-1386b6de6e65=#5Ub\"Pu=#uIc!4_a%iY;:y]3','dd102998-b733-4489-82f2-9cc5bf9d336d','15353e5b-c163-4271-8836-703c5f4d0c8e',1,0,'2023-08-24 09:58:16.866079','2024-02-24 09:58:16.866079'),('533a4288-cb25-453e-9f54-d2fdfc6cc27c','60d144a8-3706-4309-b76c-acf79cb557320Ra[VN`4@WzNqF/yQ/(|qIcFt','dd102998-b733-4489-82f2-9cc5bf9d336d','0e97ac42-9f76-4921-a3dc-cac05ccc67d1',1,0,'2023-08-24 07:24:22.097732','2024-02-24 07:24:22.097732'),('53c95b7a-6d62-4175-9bad-98e41b7bb76f','de46f9c5-73b9-4077-99c7-0c3c63cb36a92`wJ<]|G5[0{dQ%g|\\Xo,!xkc','12c10897-8f5f-4148-96b8-733c5be9be0e','118833a1-3812-4cc5-acbc-4b62cbf5b7ab',0,0,'2023-03-17 01:55:12.832108','2023-03-17 02:05:12.832108'),('543a1e35-d72b-48d6-967e-9b3ebf1da3c9','8a435130-4d62-45bd-b701-5278b25377a2l;lo_H#JTq3wy-|\'TbAKQLc0?','12c10897-8f5f-4148-96b8-733c5be9be0e','f924905b-d837-48c4-803c-2c2b4ba7dd56',1,0,'2023-05-10 12:54:32.360921','2023-11-10 12:54:32.360921'),('544ce0b6-8804-40a4-bcbc-1ad4c744bec6','77fca776-b72f-407f-86fe-633025cc866agWO@bUstN\\R4zmiPm@jh#ux/E','dd102998-b733-4489-82f2-9cc5bf9d336d','7ca979ac-2f1d-4676-ac6c-b2888ee51270',1,0,'2023-08-03 00:47:06.347799','2024-02-03 00:47:06.347799'),('54aeb631-f25e-464f-964a-37aae84c0eb5','88c96e0b-1d7c-4753-b872-19647714fb77a/9AqI*)kfE99ULu$3W,m_D**','12c10897-8f5f-4148-96b8-733c5be9be0e','c5bffd73-32ab-4389-8aef-8f7091452e07',1,0,'2023-05-07 04:06:02.627894','2023-11-07 04:06:02.627894'),('5562cd63-e046-4b88-b7bb-3aa5ee987112','1c58b9ae-09aa-469a-a59c-b96906fbc638yvjRr2<q9(=XE[:6JR68oHjH`','dd102998-b733-4489-82f2-9cc5bf9d336d','244922cb-5241-4c79-b175-b02d26e0344f',1,0,'2023-08-14 08:45:11.809452','2024-02-14 08:45:11.809452'),('55728ac9-da92-4914-95f3-9c1f2307c746','645fab9e-72b5-48dc-a5bf-f978c055fc01ce=s>1\"aliSoE.%J3=yo^nx}#','dd102998-b733-4489-82f2-9cc5bf9d336d','ecd99db3-7742-4f72-a071-e7ff8bf04a31',1,0,'2023-08-19 04:32:55.031621','2024-02-19 04:32:55.031621'),('5642afa0-d593-408a-aec2-47f0e8563ffd','94de4b7f-3356-452c-a5b2-081c9b6728de94!w?pimFb>Ym\"DPw8an#&+oo','12c10897-8f5f-4148-96b8-733c5be9be0e','36ea10a9-3882-46b6-bc01-6d31ac5a2c92',0,0,'2023-07-24 23:22:47.082611','2024-01-24 23:22:47.082611'),('564668b0-5001-488e-82e8-4deb06bef3d6','e9ace08b-15d5-4e64-aeee-b36a3a2ffd7eOua)H>>A%7P|P6Js^uEBd{vGj','12c10897-8f5f-4148-96b8-733c5be9be0e','a415fd46-89e7-4d58-b215-bc2329ef4108',1,0,'2023-02-21 09:39:56.578961','2023-08-21 09:39:56.578961'),('566e53a9-8fa9-4768-80e9-3817a72f1885','4239ef9a-0821-409d-84c3-9d611dd9ecd7Oy,6y`\'u_P$VK<!4LHIYDFD+N','dd102998-b733-4489-82f2-9cc5bf9d336d','d2990769-d793-4777-95e5-beb846332f71',1,0,'2023-08-21 07:05:45.986721','2024-02-21 07:05:45.986721'),('566e9c9b-4e3b-4998-9a1b-88e1a63ac657','42a33e95-6e53-4020-843d-b392aa2d999b1frNlIO]}<*LO5}ebVIp@Ag)s','dd102998-b733-4489-82f2-9cc5bf9d336d','02736298-d6fa-4b95-84d7-6a04ce7113a1',1,0,'2023-08-29 07:38:04.266890','2024-02-29 07:38:04.266890'),('56bc7a3f-b9b3-4f38-9682-1b025aba2ba7','35b609c9-4ec9-40c5-9282-8adbfcc2ecd4n|tkXcU`\\\"5>t\';B{8Hs?!lMF','dd102998-b733-4489-82f2-9cc5bf9d336d','12ace88a-8106-49bb-9fc7-454d0380826f',1,0,'2023-08-03 09:02:06.431724','2024-02-03 09:02:06.431725'),('56bd2cbb-ad11-4796-bce6-6b11ca693024','e304a6e9-2fe4-43e0-b5c4-3831db44bd3f8r0)*EJi7p8>A$]rMyZ=?.2O2','dd102998-b733-4489-82f2-9cc5bf9d336d','6b5c5a76-2fe4-447b-9ac9-446794497214',1,0,'2023-08-20 05:07:47.075849','2024-02-20 05:07:47.075849'),('57282ad4-1962-4994-bea4-d28306eb8c53','d329b937-5965-483b-8e91-5ece1a3146b3db8!loOg{@YGYxj{\\0b?+CJ_\"','dd102998-b733-4489-82f2-9cc5bf9d336d','827c8e47-b2fc-4fad-a9e8-1112dbd9b43f',0,0,'2023-08-22 06:35:02.931236','2024-02-22 06:35:02.931236'),('572b0dce-a75f-4874-b5af-5dc4cfc14c8c','f30827a0-43b3-401f-a7c4-2c3cf8e111ac8^f{=G-+*-$B@B<Y%if$2b@@y','12c10897-8f5f-4148-96b8-733c5be9be0e','8beb11f0-e065-4fd7-aa51-a69b346a49c1',1,0,'2023-04-26 14:17:07.508934','2023-10-26 14:17:07.508934'),('572c1417-8c7b-444c-942d-36fc55f01f44','ea0ae431-e3d8-4678-a011-20e08f162ff2$JueQvKh8g%AX#.J4},MxDw/`','dd102998-b733-4489-82f2-9cc5bf9d336d','20f412a3-77ba-44b1-90e1-eacd3159400b',1,0,'2023-08-18 09:51:52.913202','2024-02-18 09:51:52.913202'),('573c77c8-eb1a-478a-98c1-2aa1e619f339','628cd5a6-6f47-4499-9efd-de665bef4b9698NSNN;Ot1_UQddS4&09#G(-*','12c10897-8f5f-4148-96b8-733c5be9be0e','49091937-410b-47e0-9055-332e667d7742',1,0,'2023-06-23 07:44:59.127534','2023-12-23 07:44:59.127534'),('57465c7f-6965-4ff1-91d8-2e96f826baed','9b3e07a6-54a8-4ff1-a428-bbb7d5d277f6Y.Z@+t8Agk%H<zF6`XD;dHwX.','12c10897-8f5f-4148-96b8-733c5be9be0e','0b9ab46c-250f-417f-a424-3f6e96d10da3',1,0,'2023-06-07 09:13:14.073628','2023-12-07 09:13:14.073650'),('575a1c4b-0957-418e-8f59-0f5b8ad80064','26eeb67c-d9cd-4be1-8df1-97be92c5d75cy9;Jv%2=l/?Bz\'<0HE[OdHLgV','dd102998-b733-4489-82f2-9cc5bf9d336d','19918dce-1fec-419e-b7e9-b1e1ca8a9749',0,0,'2023-08-28 08:11:47.350157','2024-02-28 08:11:47.350157'),('57b7f81b-13ee-4392-9293-8e6758146b1e','33a80565-bc9a-42a8-a2e9-2a20a2830a48-i9#yqh\'QYr!jsLJE(x]nxo!\"','dd102998-b733-4489-82f2-9cc5bf9d336d','8d271f8e-bc33-4883-be66-56405ac62eeb',1,0,'2023-08-25 03:03:45.611029','2024-02-25 03:03:45.611029'),('57e70f64-6647-4290-b6ad-f4c3f355dfe6','45034cd7-cf83-408a-868f-b0dcc46c8879YO]0R-7Yh]5\'0b}&&I)Fn$qY,','dd102998-b733-4489-82f2-9cc5bf9d336d','8465ddd2-4226-466b-bf7d-420f0b9d069a',0,0,'2023-08-29 01:49:06.887392','2024-02-29 01:49:06.887392'),('57ef2944-26e2-49b6-80e3-daf62efeb9c6','16325c61-e86c-46e0-a5ec-2132253e7df2fjOoSW!61v+>aF\'Zb>K%;v{QX','12c10897-8f5f-4148-96b8-733c5be9be0e','42f15dce-156d-4624-a1d6-d234037efc80',1,0,'2023-07-15 10:03:07.085700','2024-01-15 10:03:07.085700'),('5814a3e9-1053-4156-b9ce-1e0934c17c2c','f80801dd-89c6-4ba8-adeb-45dc633dcc34c4P?6g0cmm1[\".U.3iw{F4bXv','dd102998-b733-4489-82f2-9cc5bf9d336d','42c35e77-081a-4fc4-a4b5-937affe6cf2e',1,0,'2023-08-25 09:32:49.810329','2024-02-25 09:32:49.810330'),('583123d0-d846-440d-b1e0-27a93e3931ac','8bf4d9c3-5e50-49e3-b047-79e46d5387f5.7QLC((>^ff/7J9NF0R{(#Qrq','dd102998-b733-4489-82f2-9cc5bf9d336d','b7c3285e-6695-49e2-946d-868555bb794b',1,0,'2023-08-21 05:29:11.273435','2024-02-21 05:29:11.273435'),('58e21ea0-168c-4564-a02b-f811c0cd7bb3','66aa67ee-3ae8-4acf-b9e0-99295246237exBPqvA\\EyN`$HN8uK_Ik+r:Cj','12c10897-8f5f-4148-96b8-733c5be9be0e','083e483c-b199-4e84-b2df-8b0d8c3a0e65',1,0,'2023-07-02 07:51:42.759327','2024-01-02 07:51:42.759327'),('58fc9d31-92fa-4aeb-8d8c-7b4faafb3de5','5a4106e1-d9b8-4560-bf5b-b44fda2e25afG|<VB/VRE-zk\'@0&H-=0w=(Yg','12c10897-8f5f-4148-96b8-733c5be9be0e','8c7a8c35-ea31-489f-845f-0e2ab47715bd',0,0,'2023-03-04 03:21:37.457819','2023-09-04 03:21:37.457819'),('590f1cdc-1512-47cf-81d3-af5095638004','185555ad-c5a4-46dd-8e8a-1f9c765dbe47WJe\\USz3HlsbT;l{Weq\"ZR8qs','dd102998-b733-4489-82f2-9cc5bf9d336d','9506889b-199d-40b4-8ed3-98f1463366b5',1,0,'2023-08-21 06:21:21.142239','2024-02-21 06:21:21.142239'),('59926ce3-3e3c-4a1f-9274-2e62be8ae9fc','919cea57-1877-4b71-8a56-d88e5efc4578!P,lp}5Kl(w9XRNnhn/Rk>sb&','dd102998-b733-4489-82f2-9cc5bf9d336d','84321d44-102e-49b2-a75f-7cee31eea445',1,0,'2023-08-06 01:22:30.579786','2024-02-06 01:22:30.579808'),('59b616fb-710e-44ef-8541-dd80e555586b','d0decc59-cf85-451d-958e-b41b52881f1d\'%HaKD;ldg$SSkPZ^@?N;Zu>p','12c10897-8f5f-4148-96b8-733c5be9be0e','faeac1ab-5902-40da-8db3-5429aefde3de',1,0,'2023-05-10 06:57:54.076752','2023-11-10 06:57:54.076752'),('59bd9e10-2ad5-4549-ac0b-01c144237584','84832651-7430-4dda-a43d-4cd36c02bdf8\\ys<zeO}jBb]?Dn(YSz0l6in3','dd102998-b733-4489-82f2-9cc5bf9d336d','1423135d-3524-4ce1-a03a-81abef97e576',1,0,'2023-08-24 09:35:13.847496','2024-02-24 09:35:13.847496'),('5a5d3d92-149b-4e7c-bd3b-28ed2ee34f4b','28b93e5e-8d75-46b9-97bd-e2884e433334\\i=c\\*^\"22m>A%c:S/\'FVa1e{','dd102998-b733-4489-82f2-9cc5bf9d336d','c29cbf25-395d-4921-93f9-381e1c5a992c',1,0,'2023-08-29 08:16:39.889260','2024-02-29 08:16:39.889260'),('5a7a1a81-2edf-4c6f-a262-85dd2271f9be','28f809a9-4c77-4958-98a7-78c1b5194280W{1{HzgW*o^%XzC\\ouUdFZAqE','dd102998-b733-4489-82f2-9cc5bf9d336d','0ac17b1b-568d-456f-9115-920d9e15adde',0,0,'2023-08-15 08:54:21.277852','2024-02-15 08:54:21.277852'),('5aba5d5f-252b-4f6f-89d7-bfd8cbf7dd3d','31eae719-4797-43ee-a0d6-8121498f56830Tu^{NDbg31\'UgXT>u2`lG\'yv','dd102998-b733-4489-82f2-9cc5bf9d336d','eab58ee0-2b48-414b-9026-63ba608a7876',1,0,'2023-08-23 08:49:04.195723','2024-02-23 08:49:04.195723'),('5aeac627-bea7-424e-95af-22364a5ffdd4','762f49ea-676c-4f3e-a959-165a8301ec9e5{lh4z&?@}G!\'03)$ycfuKB+?','dd102998-b733-4489-82f2-9cc5bf9d336d','b6bc8c9d-0351-4b1f-90e2-b7ef2aa2c8ea',1,0,'2023-08-12 07:28:15.522222','2024-02-12 07:28:15.522222'),('5c08d0bf-757d-4f14-a86e-47b094a6b174','dd07db84-ce59-4379-ad23-db02b06868cd7!qxf\'jg]0JIu(Da%;4ZJP(Wy','12c10897-8f5f-4148-96b8-733c5be9be0e','598d1e30-b727-4b80-8069-583b91deade5',1,0,'2023-03-20 14:54:08.852125','2023-09-20 14:54:08.852125'),('5c27fdf1-4cee-4b3c-8384-dc2e98fbe329','d0088fc9-d189-4c71-ac93-59a26845e061Q@ddTk85fNxlMrD+d\'pF=<@}k','dd102998-b733-4489-82f2-9cc5bf9d336d','7e32d56c-c346-47cb-9dfb-fe335a28cde2',1,0,'2023-08-25 02:37:24.621267','2024-02-25 02:37:24.621267'),('5caee4a0-0f9b-4810-8065-ed8200d23bfe','e08e8f1e-4c5e-47b0-be3d-b191405ab658vnwZ-tSNQoE!\\gZHCz15&]^c}','dd102998-b733-4489-82f2-9cc5bf9d336d','748b5a1d-5901-4b5f-893b-6effcf51d9e2',1,0,'2023-08-06 06:37:22.835373','2024-02-06 06:37:22.835407'),('5cb94e18-458a-434c-8787-56aca6165e46','ed053380-8f11-4788-94a4-91e16ac55fbe\"{wP:_>ZNKvQ}/?wRe+lE\'@,%','dd102998-b733-4489-82f2-9cc5bf9d336d','4d46d998-4774-44e7-8113-85afadfac38d',1,0,'2023-08-28 12:34:36.791903','2024-02-28 12:34:36.791903'),('5cd157a0-592d-49c7-b1fd-fef8d220becb','98623b7a-f4ca-4db7-bdf7-b7c326ad7d2bX\"q+-]l+U2WZ>z!xC`;0ke$Gz','12c10897-8f5f-4148-96b8-733c5be9be0e','fd83b397-c044-49b3-9fd7-aa0442d1d667',1,0,'2023-07-20 14:44:09.080520','2024-01-20 14:44:09.080520'),('5cd52474-80b6-4cbe-a662-1b4784c4fb31','42552920-0c43-42e6-9480-48b18b7faef1QUbkMM6Mhr\"sy-m&b}{+_`WG(','dd102998-b733-4489-82f2-9cc5bf9d336d','729cde43-cf46-40c9-944c-0435982ee6da',0,1,'2023-08-14 09:27:57.430198','2024-02-14 09:27:57.430198'),('5cdfa030-3790-47b2-84e4-2f9e4b1d31ea','cdb6a494-c0cf-4b98-acc6-2bece021a1efljR#ByknN5Iw.i\"texF|(1PS8','12c10897-8f5f-4148-96b8-733c5be9be0e','1fd45441-c0ed-40b2-943b-0802c13f0b53',1,0,'2023-05-12 01:59:54.197927','2023-11-12 01:59:54.197927'),('5d4db7c8-5d3c-4ea2-84fd-61c7a9893c2f','1255afab-6b57-43a7-a777-3b1c83bc2ca8+-.:Fv_}57Y;sB.,+Lp8;kinG','12c10897-8f5f-4148-96b8-733c5be9be0e','80a505ab-c0b3-4026-aef0-e3133ea75c7f',1,0,'2023-04-09 04:00:32.983259','2023-10-09 04:00:32.983288'),('5e23ff2c-edc9-4fba-a6e8-5c83f50fcbfc','fa114214-0eb9-4311-a131-f0d3ae86f12aGHRyNzhjysR<)]JIzH:-JiGFc','dd102998-b733-4489-82f2-9cc5bf9d336d','21dba45c-1181-4952-b4ec-a901a37e957a',1,0,'2023-08-24 07:35:30.971287','2024-02-24 07:35:30.971287'),('5e2dde90-82d3-4312-832a-aff981233207','3e7c41da-0bb5-4003-aaae-e85880f4d036+#8m+9l#=W/X?.%!an;^`D>LC','dd102998-b733-4489-82f2-9cc5bf9d336d','b578ebbb-0de2-442f-a379-673cb10e016d',1,0,'2023-08-22 03:55:28.150754','2024-02-22 03:55:28.150754'),('5e5070fe-e95b-453a-baec-386b0d4b54e3','4b9adb6a-d039-44c1-8003-839d416379104a:^RQV%K[R=W6b#n(gpRPnV=','dd102998-b733-4489-82f2-9cc5bf9d336d','6a684e07-5f04-42e0-b36c-db34f56af27c',1,0,'2023-08-07 01:55:14.126590','2024-02-07 01:55:14.126590'),('5e954d78-89e4-4614-942a-83305bf2891c','e2c77712-4c0b-4e63-9fd4-ba9f14593db0$2jc!!(f::f-Lz;J0KMNbruAW','dd102998-b733-4489-82f2-9cc5bf9d336d','09fb6166-e138-409b-8824-149baeda07a4',1,0,'2023-08-14 07:41:59.690788','2024-02-14 07:41:59.690788'),('5eab946e-3ce3-454b-bc9e-be17b3533f78','e971c62a-9a34-48e5-a5ab-43e2f4bf2140<t5i;1t@Bq7I;]X-q;QPt\'cpP','dd102998-b733-4489-82f2-9cc5bf9d336d','5d78a8f5-7557-4fc3-926f-8954a052ad80',1,0,'2023-08-13 04:15:10.138263','2024-02-13 04:15:10.138263'),('5f1306cc-6c6b-49dc-a633-563462d8a0e0','da9a1893-a5bb-4790-bc11-70c8abb60936.z&M\"S=V5-pM4*2B+Q^CW+4@w','12c10897-8f5f-4148-96b8-733c5be9be0e','3c0fcb3b-01f8-4690-bd6f-61e2f2670a0f',1,0,'2023-07-19 12:04:49.527057','2024-01-19 12:04:49.527057'),('5f9a26a1-1bd3-45e8-bd9b-72c3ca835235','ff7d0838-4de2-49fc-a936-20b6ea95f40fg9\"[oh2,n!\\*XJuz52%1kyhSw','dd102998-b733-4489-82f2-9cc5bf9d336d','5f81b060-95ca-4c88-b386-eb550329d4cf',1,0,'2023-08-25 10:20:06.285678','2024-02-25 10:20:06.285678'),('5fbef871-d270-472c-8cef-45e83eb6cfde','1be6a397-a6af-4c74-b75c-be5221384c86rmWi.ak\\18T1rO2fImSZG/z\\P','dd102998-b733-4489-82f2-9cc5bf9d336d','4f78e836-5fa1-40ee-85da-139dbc103e9f',1,0,'2023-08-25 12:20:48.976077','2024-02-25 12:20:48.976077'),('6029e99b-ae55-412d-b20b-83b4d608aa8a','59b83918-247f-46d8-8075-500d52f97347:J]mW#7_9@XnX.J!o<H>>-D!w','dd102998-b733-4489-82f2-9cc5bf9d336d','f5242e03-b621-47ad-ac69-e793b8a0bb48',0,0,'2023-08-23 06:45:49.584003','2024-02-23 06:45:49.584003'),('606b4d87-d58d-4548-8e86-8648fe33e2ce','57895dcd-6626-46ea-8c46-456e26fb6a6a[x]T2:qHgzC\"VdD\"C=1O2`<?u','dd102998-b733-4489-82f2-9cc5bf9d336d','ffaf11e5-bdb6-40b8-8f2b-9ff2aed80381',1,0,'2023-08-19 07:23:40.352461','2024-02-19 07:23:40.352461'),('6072232e-2652-4ba5-9e0e-2a9c3dc48852','73ee5b3c-f489-4949-ba6c-09bff13bcfd90<rq|X*;FQ}+^\"*Vi)+In?G7N','dd102998-b733-4489-82f2-9cc5bf9d336d','bd5420e7-c94d-409c-be2d-d3da674329c6',1,0,'2023-08-14 08:50:31.539105','2024-02-14 08:50:31.539105'),('608a26e1-5774-49e8-b370-756b54ae9fa3','9221c6aa-22cd-4a12-a786-7c22c64a943ajgH>rqC%lsOG]5pShc>cum0(6','12c10897-8f5f-4148-96b8-733c5be9be0e','7d4c5312-8701-4739-9590-ce2ed6f96c32',1,0,'2023-05-11 07:19:39.108298','2023-11-11 07:19:39.108298'),('60aaa346-e56b-40b4-bbaf-7ac0e92f43b3','a6022d8d-1875-406c-a2a2-1253e241c540_@2/gxXzM;93aO<;cd/&Yt/xm','dd102998-b733-4489-82f2-9cc5bf9d336d','7508967f-6489-451b-ba70-a0adfdd5b900',1,0,'2023-08-18 09:58:54.650101','2024-02-18 09:58:54.650101'),('614ad0d9-4b60-4931-afd9-8410ce3586b9','93902a12-a8a8-46c1-bf48-24f42e68bb71r$jbJ*4:RsLFb9twk5`I-grIH','12c10897-8f5f-4148-96b8-733c5be9be0e','8ca0928f-7bf0-4193-9cf1-972f9f45f037',0,0,'2023-03-16 08:40:02.904314','2023-03-16 08:50:02.904315'),('6155f4ab-967f-4032-a510-9326a8402286','dfe8a54e-c9b5-4984-8227-fed53dfff720o\'FHKt0KVu+K?,\'WMpE)`PB.#','12c10897-8f5f-4148-96b8-733c5be9be0e','0b22347b-5dec-4add-a3f9-25c35c3a7d4e',1,0,'2023-07-06 09:09:37.731023','2024-01-06 09:09:37.731023'),('61782709-527b-4875-9c41-1bdfc4c29199','c7539f45-74db-4e1a-8408-9788e10e5cc5#%(hkH27NA\\zf:O|&Z\\*].iBo','dd102998-b733-4489-82f2-9cc5bf9d336d','0121a639-0377-4f1a-b079-db8f06193cda',1,0,'2023-08-29 14:50:21.258164','2024-02-29 14:50:21.258164'),('618d05b5-ae9d-4f8e-a0db-0d4faa01aae6','aed37e2d-630f-4144-bccc-1f5e9212d987OW7#e6iXUs$3kP/?O_@svms!F','12c10897-8f5f-4148-96b8-733c5be9be0e','e10c587b-a933-40f8-acab-37b64039cd89',1,0,'2023-04-26 14:14:56.093253','2023-10-26 14:14:56.093339'),('6203571e-f3cf-46f4-ae9a-c32135ba5ff9','ed337936-1310-4772-a32d-e7588538a5b9euA1}k\\\"!t\"jW:PN*[l\"EWuWt','dd102998-b733-4489-82f2-9cc5bf9d336d','4a2e2edb-3e28-4950-9595-5d838904806b',1,0,'2023-08-27 12:05:49.825383','2024-02-27 12:05:49.825384'),('620a35d2-57e2-42fc-b4a6-b5a74f3085b2','6811fe19-c968-4ec8-8cb7-8f9ff4dc66afXpY[<W!dK5SuhD/fi8HjC@eR5','dd102998-b733-4489-82f2-9cc5bf9d336d','7e4949c0-0bb5-4e4f-90ab-1c79482c3ad3',0,0,'2023-08-16 01:06:34.124003','2024-02-16 01:06:34.124003'),('621b82e7-6a4f-4efd-b131-e3bbe63bd200','900a6a93-e3fe-4746-b5f6-0bb0521429a2V\\W;MU>GC1o?B@p&%\'Qc00z(p','dd102998-b733-4489-82f2-9cc5bf9d336d','22ff1b9d-26d2-4553-89b8-a77ec8df8c1f',1,0,'2023-08-15 02:15:10.810148','2024-02-15 02:15:10.810148'),('6237a036-4460-4997-92c2-87a8fd41aa43','fa9c3b89-fcee-4464-b00f-4c408a3f52d7UZ[0(+66\\`MVE*^x:BZ-Fe`qH','dd102998-b733-4489-82f2-9cc5bf9d336d','68bb7c03-995f-443e-8a86-4eaaff4db5b7',1,0,'2023-08-25 11:42:46.044105','2024-02-25 11:42:46.044105'),('623a670f-b183-4573-be89-07bcf992631a','bbaafd92-e3a8-42a6-a300-7b852420de7dyn^.;<[iqChMN}\"(_8UY=}M.F','12c10897-8f5f-4148-96b8-733c5be9be0e','284eeabc-93e8-47b6-8bf7-982735c88cb8',1,0,'2023-05-07 08:25:54.482343','2023-11-07 08:25:54.482343'),('6291933d-2884-4a23-97e0-37af1f7493bb','d3556731-4b01-4fff-bd61-25b23dfe4dc7rK0Ot+)Zl=UsAG!wJ13pY:MES','dd102998-b733-4489-82f2-9cc5bf9d336d','d849ce0e-58e9-4587-b3b6-1742c4a32749',1,0,'2023-08-28 08:11:57.698214','2024-02-28 08:11:57.698214'),('62d493bd-e26d-4a1b-903c-dcc187b3b405','1b84c3c6-7c3c-404a-9556-fc9d17a22f52QRm4+(913*c$wU[rVJ_njQ<F[','dd102998-b733-4489-82f2-9cc5bf9d336d','241f3bed-3d41-42db-b986-fbc611c87ebb',1,0,'2023-08-24 01:35:44.374030','2024-02-24 01:35:44.374030'),('630db9fd-924b-4cd3-9636-66b84053db2a','7d0a4fae-0b2c-416e-be40-61139b7024fcxAi}lh?w3)E`2[`#{Y=!#z3Xi','12c10897-8f5f-4148-96b8-733c5be9be0e','c73eedff-59f0-4c2a-917c-0a75d30cfacb',1,0,'2023-07-06 08:49:39.791430','2024-01-06 08:49:39.791430'),('6318fd8f-8a7b-4c06-a5c5-db8047691c82','64545cfe-6f65-473e-a901-784b24d5d95c&p}//#6%BB]K>VH_Dx?-VneCv','12c10897-8f5f-4148-96b8-733c5be9be0e','4aa61648-1da8-4b35-9b61-477bcb655feb',1,0,'2023-03-17 20:10:36.436809','2023-09-17 20:10:36.436809'),('6342a70c-6bab-45a4-9c91-9a50f541f99a','f002c949-015b-4db6-9f1c-6d0163157e73umX=,3g=\\MzN;e1xGH?z%\"T/2','12c10897-8f5f-4148-96b8-733c5be9be0e','805756b2-0f8b-4790-90a8-19a4c8d46c2c',1,0,'2023-05-12 03:24:48.677063','2023-11-12 03:24:48.677063'),('63c2b07c-ab0d-488c-91ba-2e85ed1089d0','bf4103ad-e618-4535-8c17-9c0d15bd616eqJ4[;:gZ5q,dpu`lHqEA9ry4u','12c10897-8f5f-4148-96b8-733c5be9be0e','d6a7ee72-5a71-40aa-9052-16b5e4a26f14',1,0,'2023-07-12 07:32:49.293072','2024-01-12 07:32:49.293072'),('63ec510f-241b-4760-9850-cf6ff70d3201','c53875c0-c20b-4a9c-b56d-a3aab674be91O_ka1?.N`p^d-nn,A`a8`/A*Z','12c10897-8f5f-4148-96b8-733c5be9be0e','463f7014-027e-4148-b1de-024ec98efa56',1,0,'2023-05-17 14:23:56.553339','2023-11-17 14:23:56.553339'),('640f81ca-754e-4fa3-b8aa-2916d70a69ea','4e266ae6-af0a-4a7a-93b4-0fe0a627209b__Jl;$I]d}\\wadcbQ]1/I\\,O+','12c10897-8f5f-4148-96b8-733c5be9be0e','c71cb202-d5f0-40cf-b7d4-ea44000f544f',1,0,'2023-05-11 07:02:12.743156','2023-11-11 07:02:12.743156'),('64325c36-d886-4d65-89f2-73018c17c893','91411387-87d6-4d3a-b532-160135e16e35&g%re3n>U^d\"(e\'gx,k\"{[e,C','12c10897-8f5f-4148-96b8-733c5be9be0e','4e062697-3f7d-42d7-8ae0-219fcdcbe318',0,0,'2023-02-22 08:20:51.292039','2023-08-22 08:20:51.292039'),('6475be0d-55c6-4ab7-a034-52e53111942d','349d0044-d23c-4785-b798-6f8f8a5958e6ps*?%_Ea4g#I3AZpD::fv4u)B','dd102998-b733-4489-82f2-9cc5bf9d336d','f91144f6-4550-4cfe-af16-bfce28d24bed',1,0,'2023-08-20 23:50:40.363478','2024-02-20 23:50:40.363478'),('647c731a-420e-429a-addb-11ff181abc15','07a8fd39-4b40-4c31-b0f2-8d1fa8ae534e.yjFa7RlcBXFEb0V3%qj?C_ka','dd102998-b733-4489-82f2-9cc5bf9d336d','ed8f0094-e316-497e-90f3-c00e42da5ac5',1,0,'2023-08-27 11:50:46.929326','2024-02-27 11:50:46.929367'),('64b2da52-2c66-41a6-9bc5-84fed862e61b','700db092-963f-4f34-bcc4-8b34e879d31b2k7,;hS_7@*^{|;>*3_%uXqf0','12c10897-8f5f-4148-96b8-733c5be9be0e','434ede25-be5e-41cb-8420-b941797fc0f8',1,0,'2023-05-18 03:02:22.589892','2023-11-18 03:02:22.589892'),('64d4f809-4515-45da-8251-5df6d88f8a57','1538def0-0c99-4143-a1f5-6edf2233eff0[}f:k>%+7VZ)wmS7OtC1.C5t?','12c10897-8f5f-4148-96b8-733c5be9be0e','084e1cf9-a5be-43b4-8e91-14d91f13f5b5',1,0,'2023-06-23 14:46:55.183988','2023-12-23 14:46:55.183988'),('64e04f76-9977-4dc1-b9e7-d7d5ec6815b0','1dc61c92-30fd-4a0d-9ef7-0853e62306b6BpY,Qwb\"+u;Ibje@]iT^H;!RR','12c10897-8f5f-4148-96b8-733c5be9be0e','1f711174-cd13-48f7-95a5-531366f6872f',1,0,'2023-03-28 09:13:07.961559','2023-09-28 09:13:07.961559'),('653dd28d-a7d3-40cb-a106-97a970ce8ed3','f43d31aa-5fe7-4df4-a02e-f1cfb6afe8b2oc/uyZgx7ZYC{f%ame>E-OE0F','12c10897-8f5f-4148-96b8-733c5be9be0e','0d7e4733-a11f-4852-b2ae-c3d314c05ce9',0,0,'2023-03-12 03:30:46.147747','2023-03-12 03:40:46.147747'),('65cda1ba-e78a-450c-8fa6-329f12545016','bc45ca82-2a29-4514-9320-31282c3b6cfd5A_`76Id#XrCfw6msmZ;ask{z','12c10897-8f5f-4148-96b8-733c5be9be0e','96c85da9-1df1-4a98-9dba-842e8968929f',1,0,'2023-05-10 10:15:08.126291','2023-11-10 10:15:08.126291'),('65e4fe7d-f39a-4906-8aad-ed3eb4a4070b','0adb4a70-9c13-41c4-b5d8-4bda8d9e1dedY=l4JWPLt7C(Q.;o*hROl{FzD','12c10897-8f5f-4148-96b8-733c5be9be0e','eaabb57f-44d3-43e4-98a4-5ed66c15b853',1,0,'2023-06-07 08:28:31.481603','2023-12-07 08:28:31.481820'),('65e67fe2-60f2-4740-838a-c44c7237ffcf','38d477ec-328a-421e-a6e1-722d8dbc64b6wLZFM-^a.<9L(u[y_Bq>$zU[r','dd102998-b733-4489-82f2-9cc5bf9d336d','3c0ae791-ecde-42cc-a786-5f4a23b80e9a',1,0,'2023-08-18 10:04:26.892944','2024-02-18 10:04:26.892944'),('65f8c623-4c10-41b4-8f08-0c25d875e83b','0a368524-2213-4a6d-a422-3b4a4edf6ec3bX|{\'ihV>Q7j%Kg\\&=h8V*4j\\','dd102998-b733-4489-82f2-9cc5bf9d336d','2e634fda-010e-4091-bd2d-839a50502019',1,0,'2023-08-21 06:50:55.574223','2024-02-21 06:50:55.574223'),('66062a6e-399e-4766-bf99-e4060e187048','6c45c5ca-55cd-481b-a639-2e514d62322b3Kp{bGT_[n!\"|nCcnx!hJ%pa:','dd102998-b733-4489-82f2-9cc5bf9d336d','99597e93-4cf8-4ee4-9bf8-a0ee398a5aee',0,0,'2023-08-22 08:09:57.717243','2024-02-22 08:09:57.717243'),('66534aac-8b63-43b6-9903-18e56f0f1a68','4f3cb386-3044-45c6-a29e-bfcca961b028LGCiN]KsuMLZh(=DHg\\BNj&1F','dd102998-b733-4489-82f2-9cc5bf9d336d','03d63f93-1b56-454d-aff8-d5147332789a',1,0,'2023-08-20 12:27:55.632114','2024-02-20 12:27:55.632114'),('6656d893-7c45-4e19-a65b-626a8228e197','f681714f-b0d0-418d-8702-81a64d9c5254wqWhffZfO/pO&Aw7y?9)k,Nz2','12c10897-8f5f-4148-96b8-733c5be9be0e','f15ce9ab-135f-48dc-aaf1-726f4d1ad75d',1,0,'2023-04-30 07:20:31.716511','2023-10-30 07:20:31.716512'),('66d80473-0739-491a-be26-4487bd101ccd','3546154e-be54-4f23-b92e-86c3ad981800Rf$45ytQU]Yi^8%#q&WZorT4C','12c10897-8f5f-4148-96b8-733c5be9be0e','607f8d5c-7f81-4882-b262-e739367e4849',0,0,'2023-03-17 20:07:54.627008','2023-09-17 20:07:54.627008'),('6701caca-844a-4277-91a6-0728c68983fb','deb568d5-4335-49c2-87f9-827650e5f250*)rA=<6I*c4f^?ci1v1s#<f/l','dd102998-b733-4489-82f2-9cc5bf9d336d','644c5f84-4659-4c30-aaca-817c2f836be8',1,0,'2023-08-23 10:23:35.226582','2024-02-23 10:23:35.226582'),('672ea6d5-3555-4b2f-9321-8e86cc9a4b57','6b7918f5-30e6-42a4-a79e-455b7c271d48upF;\\>Nv|kx?*C?Z*46qC.8&O','12c10897-8f5f-4148-96b8-733c5be9be0e','1144a4ee-58ec-4865-9f6a-8952c675e810',1,0,'2023-05-12 03:29:55.044333','2023-11-12 03:29:55.044333'),('674b7d9c-c8c2-492d-982b-f16b2c0bd600','4bfb5d4c-f23f-4e5b-ab11-56d8f85cf4f1l/bdu9?))fWO`F3d+hX$\"4Hcm','12c10897-8f5f-4148-96b8-733c5be9be0e','63d70c35-67ea-42a9-9158-9b56e31f89f5',1,0,'2023-05-09 00:55:31.973212','2023-11-09 00:55:31.973212'),('675ded0a-2094-434d-a30c-4ab58426477e','d7a6de95-59c6-49eb-abe4-95b0275e924a2J<-k/71<ekt1[6f-8H}oL+gc','12c10897-8f5f-4148-96b8-733c5be9be0e','70e79ba3-7ab1-4099-af3d-b8dcd01cbc59',1,0,'2023-07-02 07:27:06.509487','2024-01-02 07:27:06.509487'),('67e77bed-abf1-441f-b6ce-a9fae8c2705d','5c22ffb2-531b-4a19-8288-92e380d91778g1oh9R\\F8Uz!91.w3l{suy\\hl','dd102998-b733-4489-82f2-9cc5bf9d336d','156932b6-8dbf-4401-b439-2b7d0808a1a3',1,0,'2023-08-25 12:43:22.527044','2024-02-25 12:43:22.527044'),('67f51b68-b1bb-42cb-8b5e-6d1dec3f9588','a50c7ccc-5f70-47b7-9924-b50b31c78106Q6[5EZUtEB[B.Epe\"hR48SI7!','12c10897-8f5f-4148-96b8-733c5be9be0e','0d792133-1119-48fe-b1c0-f5eb074f0bdf',1,0,'2023-02-21 09:36:59.548147','2023-08-21 09:36:59.548147'),('67fc5fb6-695c-4016-9fb8-2e30059b2219','48148de5-87bf-4b3b-8d97-dc801e888720br?$>hD2nQ0\'E{?emXRY!.Jh^','12c10897-8f5f-4148-96b8-733c5be9be0e','216ee93b-e2bc-4361-9cfa-a6b95bc07a41',1,0,'2023-04-26 13:59:06.548625','2023-10-26 13:59:06.548625'),('68406014-11c5-4b77-8d73-58dfa199f591','e0ffc231-4373-47f3-b1ec-e038650438e3EGD(xr)U!]MJ5hK&g!>|0q#Gu','dd102998-b733-4489-82f2-9cc5bf9d336d','d06e8519-6d7c-420a-9a29-89add352a10f',1,0,'2023-08-20 09:01:56.984764','2024-02-20 09:01:56.984764'),('68461066-f31b-49c7-b576-ba618a6d9703','429a91be-11ed-4b0c-9ebb-2582dcf4ad09x\'H/yW(2F*2jv.pW+Oe94RY6=','dd102998-b733-4489-82f2-9cc5bf9d336d','62491020-396c-468c-841f-cea515fc40bb',1,0,'2023-08-29 06:25:48.797905','2024-02-29 06:25:48.797905'),('6876e32e-c90c-48fe-814b-63b7c1c6c4f1','9b36db8c-3b46-4391-a723-8aea55661e923<kgxOp@U$m0el2/}fEv*A.L(','12c10897-8f5f-4148-96b8-733c5be9be0e','25c6bad9-0101-4499-8e49-bdbf3ad4c43c',0,0,'2023-03-04 02:32:46.271807','2023-09-04 02:32:46.271807'),('6973ff80-e39a-40e1-b022-055df2783e9e','cfe072b8-9b9b-4e59-b85e-25bd2b6fe394G|iwLUW2\\}m^qb_<Ss]&+4M:6','dd102998-b733-4489-82f2-9cc5bf9d336d','375f7a3e-cfd6-4ebe-8d6a-dde5677df689',1,0,'2023-08-25 02:16:08.954102','2024-02-25 02:16:08.954102'),('6984a1f6-61db-4ee9-8eb5-8d89991d6a56','5b0fa783-95e6-4e5b-a746-b2c5878d6dcfT\\g:[BNq9%(mhV=dlp^xCk2Le','12c10897-8f5f-4148-96b8-733c5be9be0e','8c8d8ecd-4e01-4d60-a89b-034b5b8b6a11',0,1,'2023-08-01 00:26:11.186117','2024-02-01 00:26:11.186117'),('69bd6b11-f8e5-4da9-a037-dee7cbf96ee1','7a3aa493-dd78-4b68-9d9a-4d68bbbfee4eYp%z,ILgkICYDeFsuq]Z;vE8\'','dd102998-b733-4489-82f2-9cc5bf9d336d','ce45afd7-f10a-4e51-a337-3784014714cb',0,1,'2023-08-17 10:11:51.826150','2024-02-17 10:11:51.826150'),('69ebc632-0ce3-44c2-8b1b-e55899cdabac','c3a37e53-a923-4d0d-bf3b-39b5eadaf782Qi;#\"5sW{.\\4{v<=<oa8vBU)A','10af81a8-2243-4630-b935-30cb9aed6317','72d64742-58d1-47ae-813a-c04fcff0ad31',0,1,'2023-03-12 02:38:24.798622','2023-03-12 02:48:24.798622'),('6a12c635-3490-466b-906f-51efa2c60d06','8a746fee-cd08-49d9-aa5d-7ca247448be93OxQkicNzZp3B[hS>;I6}P[J1','dd102998-b733-4489-82f2-9cc5bf9d336d','df7dcaa2-aea0-4e12-b31b-b8a60d79a4e5',0,0,'2023-08-28 03:55:07.828482','2024-02-28 03:55:07.828482'),('6a2f5969-391c-4058-aa2c-90b0aa45dc1c','38a87307-57d6-403d-8a47-1083901027f6aV:L#h9UW\"fMLIyU#$N<_idOp','dd102998-b733-4489-82f2-9cc5bf9d336d','4c98955e-8161-4ef2-8ca4-7041383064c2',1,0,'2023-08-25 08:47:00.579444','2024-02-25 08:47:00.579444'),('6aec0131-f9e2-4aec-b64c-5b640b855c1a','67e503c4-92e9-4d34-b921-54a3de0a4315Sx,nL&fE_Bus.$`sWctZ5X|{5','dd102998-b733-4489-82f2-9cc5bf9d336d','ac7eb03a-7b07-4ee6-8e3b-8be8a70d1fac',1,0,'2023-08-22 01:25:50.365857','2024-02-22 01:25:50.365858'),('6bc5f7bd-9162-4883-9a72-f176d4485454','1cd3cead-da4c-4f33-961e-a29e09e9af1d1XlK%^>Iyj.{oo9nfNX1,8c\\?','dd102998-b733-4489-82f2-9cc5bf9d336d','0afa5931-3776-48d6-bede-8f1ea0ef59b8',1,0,'2023-08-03 11:55:38.783799','2024-02-03 11:55:38.783799'),('6bdd3f9f-73c0-4cac-9503-9727ad101333','37195786-7712-4dca-a80f-6accf09ae7b0Zt(!?gQ:,mP1K}+UY2tq5^uDR','dd102998-b733-4489-82f2-9cc5bf9d336d','3e6e66d5-cb4e-43b0-9130-52d089524a09',1,0,'2023-08-18 04:27:30.329396','2024-02-18 04:27:30.329396'),('6bfec5b5-6a2c-41b5-88df-2ee93e53bdc6','4fcec744-49c1-4558-adb0-faad403ab8b1:b|\\}Ho{fHhH8zwGC}XXY(Gn{','dd102998-b733-4489-82f2-9cc5bf9d336d','9a66a948-b8ef-4178-aecb-1d362b2a5041',1,0,'2023-08-10 21:13:55.640190','2024-02-10 21:13:55.640190'),('6c31c878-427e-481f-a99d-9b1834778c0d','009bdef1-409b-405b-a7be-0c7b9148f46bSa?F#zQ&V+ZBu+?c%5kgCPHsM','dd102998-b733-4489-82f2-9cc5bf9d336d','d95d15c7-4a0c-4407-a4c2-f9983f16cb8c',1,0,'2023-08-29 15:55:19.648198','2024-02-29 15:55:19.648198'),('6d3fe444-3e4b-424b-8753-92e0952bb5a5','0c82e7a5-8887-4ecf-8cf1-5f8d8d3b8ca6JZ}P:^y-dsu?419<q0n|0Yc;Z','dd102998-b733-4489-82f2-9cc5bf9d336d','a1c7f417-6b51-4532-85e0-311179c73800',1,0,'2023-08-08 00:29:39.216710','2024-02-08 00:29:39.216710'),('6dd076c7-4e80-4098-ac9a-dbc15114ee89','cc715338-4c20-4d46-81a9-362934483832JaA/k$`vkm[?$qp){igg,w0|<','12c10897-8f5f-4148-96b8-733c5be9be0e','6474dfb5-01e9-475c-aad5-10b0df77500a',1,0,'2023-06-07 08:21:50.069340','2023-12-07 08:21:50.069362'),('6e088a86-114a-4f15-abcc-b835e5d73e34','560d4a09-7484-4486-8f05-fe0eb901cfbctrn|39Bqr@0A;KT*?tpJ}\\)UY','dd102998-b733-4489-82f2-9cc5bf9d336d','cd8d7294-1615-4a16-a9b6-cf1936891388',1,0,'2023-08-18 10:19:21.704420','2024-02-18 10:19:21.704420'),('6e139157-2f11-483a-ba70-9ddca35c8ae3','10014fb6-1bd0-48b9-9b4c-6fc30ce93baaG%vi/3LXPrh%omBV:M2ZUCh>0','dd102998-b733-4489-82f2-9cc5bf9d336d','eb144a52-e124-4a81-8d79-5b0b5ddaa51b',1,0,'2023-08-07 03:52:36.908563','2024-02-07 03:52:36.908563'),('6e32daa2-25bc-4c82-9e97-fc11b9850e7f','c5fe59ee-4b54-4bee-bc98-14206aa9e4d9Q)O&i%:p*}mf>SQKX|^%e7FrI','dd102998-b733-4489-82f2-9cc5bf9d336d','9a4d3d6a-b879-41ab-98d3-6be5f0650aed',1,0,'2023-08-03 10:23:57.980971','2024-02-03 10:23:57.980971'),('6e3a1c55-1109-4be1-9df1-58ca50e9d31f','41c06fc4-e83e-45c5-9390-b43bc31e6ec6FqB{7E@00GT:\"<L(,Aq.W1]Td','12c10897-8f5f-4148-96b8-733c5be9be0e','0b1b0ba3-4803-41c1-b6bd-0123de6398b4',1,0,'2023-06-12 00:56:31.130725','2023-12-12 00:56:31.130760'),('6f99caf5-8709-461d-b3da-5d072af4d854','7d20f0ea-87c4-4db2-b8ac-89da2c4fcb88_v%lpzI\'j.5q6\"8XdS_AUn!QF','dd102998-b733-4489-82f2-9cc5bf9d336d','645a3419-3e06-4890-ac3a-ade3b4731538',1,0,'2023-08-25 07:02:01.977400','2024-02-25 07:02:01.977400'),('6fa48c3f-a965-4f4a-94c2-ad375f04abd5','7dee2f9e-f180-4a0b-ab96-356434fbbcefpXo)hBEYw!rbmWe?\"k62{Y]gO','dd102998-b733-4489-82f2-9cc5bf9d336d','eb3e1bca-e5f4-43d3-b11e-bfbe06b153fd',1,0,'2023-08-25 01:23:24.695303','2024-02-25 01:23:24.695303'),('709d9459-15a7-494a-b72e-4134bbc090a3','6da21860-3a70-4302-b55a-a5da84b25e10U0A9mf*LYA%MuODt>#^[[ZW{A','12c10897-8f5f-4148-96b8-733c5be9be0e','7c8f8c45-6678-4f1b-b5d8-2461628f2088',1,0,'2023-06-09 05:45:18.394398','2023-12-09 05:45:18.394398'),('70a48a3b-d78a-4d1f-a1fe-a6c5c3f2e809','742e96c1-e014-408b-9eec-f2d68e5f1957XzT:_vV@{\"+4?Wz,p^8-;T\\h&','dd102998-b733-4489-82f2-9cc5bf9d336d','6432d510-c676-4323-90d3-bd228518f4c5',1,0,'2023-08-20 08:31:45.051492','2024-02-20 08:31:45.051492'),('70dfaf45-1197-4bf9-971c-b04a32348431','9a481cf5-17d2-4f03-ab9f-f4e0abbfbc4c=dCuK%-0b3n6|i(M!VvZr3wqD','12c10897-8f5f-4148-96b8-733c5be9be0e','cfc780da-0b26-4726-a3fd-a76b54a2aa3a',1,0,'2023-04-30 06:37:40.068010','2023-10-30 06:37:40.068010'),('711cd625-a561-4738-b562-55a7a6f9f757','8a66bd9d-7a0d-4be7-b7f3-4fc6a013f21705e%\\zTN0lFaz{\\TNC-Nf*Jh:','12c10897-8f5f-4148-96b8-733c5be9be0e','c12f0f3d-3c33-4444-b6f7-31ef55f814ff',1,0,'2023-05-12 04:24:24.268614','2023-11-12 04:24:24.268614'),('71237f95-f718-4e46-8923-3c0f5c151f7e','882e9b87-83fc-4184-a9a1-8229de3d1234s5zLu!)7JkXshtOu&r8HcRx;v','dd102998-b733-4489-82f2-9cc5bf9d336d','d9af03c8-5618-476d-9e36-60a0dbe9e6ef',1,0,'2023-08-18 10:25:53.558275','2024-02-18 10:25:53.558275'),('714563fd-6c83-414d-9e98-b967c633322a','ea3d2f9e-7e41-418a-8d52-09e166e4aef9(6jsHJYX5[oTb{v,P5${;(y:p','dd102998-b733-4489-82f2-9cc5bf9d336d','48f524ae-0d4c-4ddc-bc2d-3f82f63baa40',1,0,'2023-08-04 16:44:21.776317','2024-02-04 16:44:21.776318'),('71c6ad50-0c16-4063-916e-bf3b1db7ecfc','96080613-8cc7-49f5-8e13-0a4fb291fd1c4w,Z`F;RvvFx\'xmttQg8ER0Cs','dd102998-b733-4489-82f2-9cc5bf9d336d','718ef10c-c74c-4cfa-ae8d-6c2987050356',1,0,'2023-08-20 07:56:17.087887','2024-02-20 07:56:17.087887'),('72229eae-dda9-406f-9abc-5241ed289a95','e9016ad0-0d0a-4421-8b90-a71a7a92a6d6I\"PwG%ry]*vtf/OfY*Y_\"n4X.','12c10897-8f5f-4148-96b8-733c5be9be0e','b5682154-eb43-4e51-93c1-4be12df693b3',1,0,'2023-06-13 08:01:41.854889','2023-12-13 08:01:41.855058'),('725a6b8e-43d9-40f3-82a0-5774e3fb9082','01796283-f7f4-4b45-a3d2-dfff2f0f6a63dhQOPRW{#6|\\fP`3H7VTPyeuA','12c10897-8f5f-4148-96b8-733c5be9be0e','a81c42a1-d220-4822-961e-461f228f5441',0,0,'2023-03-26 02:33:21.925425','2023-09-26 02:33:21.925456'),('72a0417f-db44-4937-bfad-e101bc30c6db','5d3eb5a7-4fbd-4ba0-95dd-b3496ecbf090-.Gy^1oI#V6x=(RCEqrM+)5CJ','12c10897-8f5f-4148-96b8-733c5be9be0e','93caaa14-5241-40e4-8ee7-25b91a8c5f5d',1,0,'2023-03-28 04:29:46.131104','2023-09-28 04:29:46.131104'),('72b76892-34b0-45d2-a358-980a86ab132d','9bd4556a-10ae-4bd2-9da5-122bde44c23f7YyOW)w(A{x9h7Ma^>D^*u.BK','dd102998-b733-4489-82f2-9cc5bf9d336d','87d78742-ff13-43d1-a3a3-ba2efaaed4ee',1,0,'2023-08-18 10:32:05.795386','2024-02-18 10:32:05.795386'),('72defec5-56e8-4338-bb0f-3524318d2d15','ad522ec7-05c2-4ef2-9a17-152183e63d11+I2OIzFbhgh1SaY4)az^Hcf:F','dd102998-b733-4489-82f2-9cc5bf9d336d','919e524f-7224-4a09-8059-2ee6b8487651',1,0,'2023-08-28 02:50:10.021644','2024-02-28 02:50:10.021644'),('72ec9e0c-2c1a-448c-98cb-51175be0c5b1','b2d2b730-1692-49d7-a624-b43dd48c8046/F(r!zL22am2V2a]{6x&PMpR|','dd102998-b733-4489-82f2-9cc5bf9d336d','1b75aabd-23d7-4e4c-9316-11c902392a3d',1,0,'2023-08-28 04:36:40.491500','2024-02-28 04:36:40.491500'),('731ce805-5186-43ed-9b39-c000eb77448d','9b6a46c6-9e73-432a-b8ca-f9a0601af97b*k:PbuJc?8D$<Bp.(akS@\'AWN','dd102998-b733-4489-82f2-9cc5bf9d336d','ae28aabe-be8b-4777-ac7b-88caa0431828',1,0,'2023-08-01 08:39:50.959726','2024-02-01 08:39:50.959726'),('734812f1-bc1f-4b2e-9e17-893a14508b02','617b20cd-f8e2-4c8f-82b0-8a3213f0f57cw4SSS/U@rW\\eC4\"7kQOlzh{!Q','12c10897-8f5f-4148-96b8-733c5be9be0e','4bb5aba1-3b74-4c99-98d2-6913b82297f7',1,0,'2023-07-19 10:31:16.712685','2024-01-19 10:31:16.712685'),('73490e1c-2ae6-409f-b405-9e2234a26e24','035d7943-aa76-4207-b635-e882f853e1a0ySFJw?C8#^4*;DE5Z,X:XHn!M','dd102998-b733-4489-82f2-9cc5bf9d336d','b47de827-4f8b-47f4-a95c-9a6e73658ac3',1,0,'2023-08-01 08:11:33.070322','2024-02-01 08:11:33.070322'),('7373b06e-e369-4a71-b7cc-7d02ab11a4de','a66d6af1-c03c-4f4f-84eb-0e90a600513a\\S(u-B<h)93}H4WDF<HSwz8z_','dd102998-b733-4489-82f2-9cc5bf9d336d','7cce1e4f-a48d-4033-90c2-297b4296cdf2',1,0,'2023-08-01 14:29:54.172555','2024-02-01 14:29:54.172555'),('73bd18dd-c519-4982-b013-edd0ea95b6b5','a3c9dea9-81e1-496b-bd3d-6d2b566f28eep;;G_+{=dMMCOg?xsqb9/#JT&','12c10897-8f5f-4148-96b8-733c5be9be0e','61a54b59-a52b-40a1-aeb6-024ccd3473f1',1,0,'2023-05-10 09:45:16.268921','2023-11-10 09:45:16.268921'),('73e11808-56d7-4d96-a889-c80d6ed2f03d','c4a86860-3f44-4926-ab02-3f6423123aeaayTEJRy*dPzA>t.%s4_b]=CYn','12c10897-8f5f-4148-96b8-733c5be9be0e','ccf6765b-fc41-4287-b84b-633fd4a594b1',1,0,'2023-05-18 04:14:31.182569','2023-11-18 04:14:31.182589'),('74cc468b-9daf-4caa-8be1-2d7a7ba9b054','a7e48176-edf8-46e9-a61d-3c6c2092a533?u2{>Z#mmWX5x\'Tf5-c-\\c(v5','dd102998-b733-4489-82f2-9cc5bf9d336d','f68b62d2-c37f-4829-9652-35922b60f735',1,0,'2023-08-01 09:35:36.349570','2024-02-01 09:35:36.349570'),('74d6668d-195d-4497-ae3e-28b93d3640cd','2d1e7f70-2221-4e28-8289-8cc558d3cfddZlQ0U]m##V6_cdOz!K$15_\"33','12c10897-8f5f-4148-96b8-733c5be9be0e','ff24ac17-c5dc-48fa-9a15-e6adfcc2df82',1,0,'2023-06-23 14:41:16.478201','2023-12-23 14:41:16.478201'),('75aa2cef-f5d8-4278-864d-7bd33f001b2d','6c2672cf-efee-42ab-a0f6-2dab87424d8b|9(DTnU0hxDM(7}mdn|AsJ@8C','dd102998-b733-4489-82f2-9cc5bf9d336d','b46d192b-c353-4df1-9dc7-093bec6e7135',1,0,'2023-08-28 04:30:50.055249','2024-02-28 04:30:50.055249'),('76240154-4af1-40e1-94d5-7883969889cb','e0768225-b29a-4d1e-99e6-4fd1cf63eb02G3Wku8gaNd+`8e(7*at.CG<!?','12c10897-8f5f-4148-96b8-733c5be9be0e','8bfa4add-4b73-445b-af9e-b6566516dc05',1,0,'2023-07-28 08:50:50.304699','2024-01-28 08:50:50.304721'),('768f7db5-0d77-415e-8b65-3106bfb6f12f','6f81755a-b2cd-4329-b344-221817d0a9123+fZ`7#Q{ouy$``jD/GRjtuVJ','dd102998-b733-4489-82f2-9cc5bf9d336d','c84314a6-1e4f-4a54-8c08-d52108131e09',0,0,'2023-08-30 00:46:06.371498','2024-02-29 00:46:06.371498'),('7785f080-88f0-422b-a98e-656acb2ceae7','ed59da9c-3d96-4585-90c2-9a3d0ca7f8d2\"$0n&_BWhV}W=kR?Bn&J23%Mb','12c10897-8f5f-4148-96b8-733c5be9be0e','22d260bb-57e1-4844-97ac-b9c0ec70ebc4',1,0,'2023-07-17 13:14:42.903592','2024-01-17 13:14:42.903592'),('783c67d7-5a73-4429-83fb-0b5b7dcdc78f','608fe0a2-1c89-4139-ab0a-fb9714519942|*`pV`;_h)F/g[ef\'g1A=&(,V','12c10897-8f5f-4148-96b8-733c5be9be0e','9bdc4f83-71a6-4881-9c4a-bbbface178b5',1,0,'2023-03-19 09:29:42.269014','2023-09-19 09:29:42.269014'),('7848fcd3-c2dc-492a-b4e6-7f25f059c4d4','157ac490-a2b9-4ea1-aec2-8c71ff9e0363JN5g$>O!z^@>B;>1v2\\w+S/}z','dd102998-b733-4489-82f2-9cc5bf9d336d','c7463e3c-e4ef-4d5c-8de5-b63b099eaa49',1,0,'2023-08-25 11:37:46.013147','2024-02-25 11:37:46.013147'),('78770f04-3b98-400f-a43c-c0c80526f856','fa12af85-41c9-46a0-a19b-192cc7251a41?g,Tj<Orygoo5H}|\\J#Yd_WQ+','dd102998-b733-4489-82f2-9cc5bf9d336d','322651d0-1b69-4978-b9ea-5fa1dc99b2d1',1,0,'2023-08-20 23:33:39.653838','2024-02-20 23:33:39.653838'),('78a37c91-1a14-49a5-ab43-9c7524343bdb','946cdfe3-00cb-4761-b27b-657d3cc13d75Uq3e5O?kB!QnV(.\\:*gFChTxB','12c10897-8f5f-4148-96b8-733c5be9be0e','9b30904a-2f1a-49f9-be4c-1b0e551bc693',1,0,'2023-03-27 10:27:18.860767','2023-09-27 10:27:18.860767'),('79028dd7-476f-4a48-a183-704c7aa2cf0d','272b6470-f4c6-4e73-8931-0548d955f59c\"wcqE\'?Qxx79cB\"5]T-yzG<J6','dd102998-b733-4489-82f2-9cc5bf9d336d','94d80c02-089b-4c06-b402-ad553bd7e0cc',1,0,'2023-08-04 04:22:26.861929','2024-02-04 04:22:26.861929'),('7925faf5-ef59-4783-8f3b-c6e7b575be36','73416be5-15fc-479d-aa42-43a2a2dca5ad6c6Q8-_]z+6<A\\Svv[k&,ziGj','12c10897-8f5f-4148-96b8-733c5be9be0e','e39fdd9b-bb9d-4465-a462-08b756605cd7',1,0,'2023-06-25 05:37:22.443446','2023-12-25 05:37:22.443446'),('79c62880-1c7f-4909-967b-6f0df9e301f0','be7f5cd8-c2cb-4a78-904f-4fd4de5711c9iWOB&KW\"KY;A^DcXcgDw<tYk,','dd102998-b733-4489-82f2-9cc5bf9d336d','daf7aaad-b698-475e-aeac-655cad3886e8',1,0,'2023-08-17 07:44:12.544256','2024-02-17 07:44:12.544256'),('79cb74e9-dd73-4818-8b9d-ace88c858b74','d17464aa-d5ea-4e8a-8bcc-814e52f34516nczld#09jm9G/ammw*BS..iSa','dd102998-b733-4489-82f2-9cc5bf9d336d','1b5edcea-c8cf-4d55-a65e-c6fdf583c3fb',1,0,'2023-08-12 06:58:09.196892','2024-02-12 06:58:09.196892'),('79dffeb1-2fbd-479b-b13b-e9de4de9cfe9','2592f99f-c232-4909-8c22-b654f4f5815aYY*/1W}}u2.6P$M5)BreEW)a=','12c10897-8f5f-4148-96b8-733c5be9be0e','740a84b6-bd35-4fd6-8d1a-f53d7041283f',1,0,'2023-07-15 12:32:34.333251','2024-01-15 12:32:34.333251'),('7a16ad49-789f-4ce6-bd22-0abba995a1ae','39f9c568-38a7-4f2a-89eb-d39e111beded3;M<^ar\\\\ZiTC*e!Wn}h\'<i2l','12c10897-8f5f-4148-96b8-733c5be9be0e','c8ad0305-0acc-4861-acab-68717dbe032c',1,0,'2023-06-23 14:25:25.311409','2023-12-23 14:25:25.311433'),('7a383a10-af10-440c-bf6c-9931b8f88738','57253a60-f92d-4b42-9285-86e4c003aa57qWd35SxTV.0.\\[]{\\4,(yPz2X','dd102998-b733-4489-82f2-9cc5bf9d336d','f1ee8870-fd92-4901-bdd6-1b22d06dd7ca',1,0,'2023-08-15 01:40:20.826095','2024-02-15 01:40:20.826095'),('7a686445-2c0a-4db0-bd1b-363889b45c4f','c0c8192c-f2e0-4f90-b2fc-50e6dfc968d7}Lxxgd^]*@\\N!dm,_}{]G\\60}','12c10897-8f5f-4148-96b8-733c5be9be0e','3feaa6ac-0e80-4bbd-b390-996d6bb1ddbf',1,0,'2023-05-10 14:29:34.481941','2023-11-10 14:29:34.481941'),('7b191e28-1687-4049-adb3-37a0a97aa544','c1afa0dc-c68e-487e-8551-5a296e93315eKhz%]rE0y@E4|/r$Pc^?&O/&U','dd102998-b733-4489-82f2-9cc5bf9d336d','754e2c7a-920a-4c0e-b108-932b6a9775a5',0,0,'2023-08-28 08:11:44.349576','2024-02-28 08:11:44.349576'),('7bd5ea83-2688-4c81-87ea-fde93a87c932','932a7a47-d5e3-465f-ab4e-8dc75294f46amo$`8>pRsb+.x0w=MnEPZfR^B','dd102998-b733-4489-82f2-9cc5bf9d336d','1cd5ee83-c99a-44b2-955c-23cb31041b0c',1,0,'2023-08-25 07:49:33.247605','2024-02-25 07:49:33.247605'),('7be16c23-cac4-4aab-8dd9-dc644bab2480','1ef09445-4cd0-476f-90f6-a8eb22627e41hBvsqBR\'|L\\:buc4A;qvX=tj+','dd102998-b733-4489-82f2-9cc5bf9d336d','693279fe-922d-47d1-ab84-9d30b7d88b13',1,0,'2023-08-20 04:12:20.377031','2024-02-20 04:12:20.377031'),('7be93f55-8e72-4563-a905-d9a936ae3916','7dc3db8c-eff5-4693-b7c4-d3c1a901b760k>@K3,kOP$/AH+t/<a9.]G[mS','dd102998-b733-4489-82f2-9cc5bf9d336d','56a384d0-a436-42de-9a6f-4cafb460b415',1,0,'2023-08-14 07:59:04.102478','2024-02-14 07:59:04.102478'),('7c990fee-7c63-4329-8f4c-4f5964c2f6a6','bf5b88fa-2c90-40e4-8424-13de6e95f21az\'40;M?=o\'r%]|N%CH06bN?`+','dd102998-b733-4489-82f2-9cc5bf9d336d','2fd02589-60df-4211-a103-61456cb8c9e1',1,0,'2023-08-10 21:07:34.113085','2024-02-10 21:07:34.113085'),('7ca39449-e696-4156-8ee0-af4386f67b14','83c8767a-96a6-4338-9b96-a8c499fd0be5/Lg>H9!hIaA*=<GL={pUtt16\\','dd102998-b733-4489-82f2-9cc5bf9d336d','e3b81e23-7348-4441-891b-5a3acb86cc74',0,0,'2023-08-29 07:44:13.319128','2024-02-29 07:44:13.319129'),('7ca969cb-ab25-4847-9be7-4bf6e67bf306','cf787c35-68a0-4d68-8d47-cf4416e44b80in0\"!6CV!g|r?3w4&X3TGgc-y','12c10897-8f5f-4148-96b8-733c5be9be0e','6020c5a0-129b-47cc-824a-ccc38d8a68c1',1,0,'2023-03-19 03:18:27.105335','2023-09-19 03:18:27.105335'),('7cb53792-60f8-431d-b11c-265779406ba4','c66fe7dd-4fd9-48ef-85eb-fc92d77d9ddeG!_|hu(Xk7;n)0JUH@$,C3(m?','12c10897-8f5f-4148-96b8-733c5be9be0e','d57fbd17-d7c7-4437-9108-aca076b4c1ea',1,0,'2023-07-19 12:18:37.645781','2024-01-19 12:18:37.645781'),('7cc008cf-480e-40cd-9103-16844a55ca65','c2f69291-b9cd-452b-aeab-80ad6ae30cac5G#GT(#mE4]aO_}xZ$i3s\"&mG','dd102998-b733-4489-82f2-9cc5bf9d336d','9a3cdd6a-adb7-4d29-bfff-29a1cd227f1b',1,0,'2023-08-04 15:37:00.903070','2024-02-04 15:37:00.903110'),('7cd5a1a2-489e-4340-863d-2066c3650b04','6a40c100-faf2-4c1f-a430-8d7f79f016b891692Bgi.kZ$pMq*^bX|mx\'m&','12c10897-8f5f-4148-96b8-733c5be9be0e','1b5cefed-c5d1-49d7-83b8-7fba8040e075',1,0,'2023-05-10 09:38:37.721961','2023-11-10 09:38:37.721961'),('7d1da32d-6a33-4113-9a60-86fc5a7d50f9','309f4a59-68be-49a1-8ef9-e171d21b2926n@?5I5NYMopv8W6h4.\'IZ<joh','dd102998-b733-4489-82f2-9cc5bf9d336d','22b99655-6e06-4dec-ab1f-daacdf2dbdd9',1,0,'2023-08-24 08:48:57.115300','2024-02-24 08:48:57.115300'),('7d5a21d9-399c-49f2-89b0-1e3a32ff6af5','e74ede30-7ada-45f3-b8f7-da71e2399201|1(}kef`!]}\"<w\'HpI?|Q*wLU','12c10897-8f5f-4148-96b8-733c5be9be0e','e331448e-f9fb-4279-9b83-ba8b1bd4d28a',1,0,'2023-05-07 04:12:43.570072','2023-11-07 04:12:43.570072'),('7d5f05bd-7100-4fd1-b21e-55e10fd34b74','665fdde0-840b-4d20-95a1-ee0396a288b3!0EBG#U<&_3>T*}ETF\'#2ubA}','12c10897-8f5f-4148-96b8-733c5be9be0e','f9200e31-d08e-49bd-af38-c5f2edec32e9',1,0,'2023-06-07 08:01:08.187186','2023-12-07 08:01:08.187186'),('7d5f1cf2-4013-40d4-9e03-d0f4d221baac','373e3d91-df59-4d1a-9ff6-d139083f0388-\"?:BbW|h2R}Iq!K8=.H-n2FX','12c10897-8f5f-4148-96b8-733c5be9be0e','3c3f24ac-9ccb-436e-8c6e-126523e9b7c4',1,0,'2023-04-24 03:06:26.859294','2023-10-24 03:06:26.859294'),('7da6ae07-3185-4a23-9f56-a545a2272d70','28547fe9-3a8e-4159-960f-ae82efc11022H=h21!ka\\5R:r`A?4\'5?Y(]f<','12c10897-8f5f-4148-96b8-733c5be9be0e','f743a716-d21a-449d-ad4a-4b09b36846da',1,0,'2023-05-17 14:04:51.092402','2023-11-17 14:04:51.092402'),('7df8b820-827b-4cf6-a4a6-d491c2b0ae4e','4c062bee-8f5c-4b3d-adff-abb3b275e9af:V0/XqWs8qMR-ep5&8p@ows@u','12c10897-8f5f-4148-96b8-733c5be9be0e','fdbe4422-cbc8-468b-8efb-0b19138c76cc',1,0,'2023-04-26 14:09:57.804070','2023-10-26 14:09:57.804070'),('7e60bbe6-4c6d-4444-b574-0eb5f25c75a2','0ab08a15-3acf-4e40-9081-6fcd2983a6d7@Q2[Vl0GairS`J,II0Lg7|BED','dd102998-b733-4489-82f2-9cc5bf9d336d','60ce4cec-20ea-4837-96f6-37e2d0b781dc',0,0,'2023-08-28 08:11:48.129522','2024-02-28 08:11:48.129522'),('7e714f57-48ac-4b9f-839f-7a98d544d97a','cd7f24c1-3c72-46ed-b1b2-fd059f626bcaz|a\\)]+GBC2fI0Jr;[HROOZJd','dd102998-b733-4489-82f2-9cc5bf9d336d','38356b3b-aaed-4959-9ca5-f6645013726c',0,0,'2023-08-22 08:12:40.007196','2024-02-22 08:12:40.007196'),('7ea06874-12d9-44cd-acae-2638511fa773','9278a253-395e-4071-985b-d2c57db43476+r4PCWKm0Fo{N3#7TGH+|(oGV','dd102998-b733-4489-82f2-9cc5bf9d336d','621b4dec-7d01-4bad-b598-1ff46b4f2eba',1,0,'2023-08-08 00:23:58.052953','2024-02-08 00:23:58.052953'),('7eb6df82-7476-40ad-87c3-29d8b3864024','e6a02362-c2c1-4317-94c2-295fabbc15b7H5p\\?M.*0,ZPx-hDi\\|>d$<F$','12c10897-8f5f-4148-96b8-733c5be9be0e','110b5c91-8d61-4c7b-99c0-46cb4ec24e96',1,0,'2023-03-28 05:29:45.054688','2023-09-28 05:29:45.054689'),('7ee4a985-b80d-4a91-a645-db9a7fa9c11f','35dd267c-b167-4b12-a340-7ef56b0fddc3/e1@;SpMa;wro2JhdQDP.+Q01','dd102998-b733-4489-82f2-9cc5bf9d336d','d23a3a94-693e-41e4-8308-4c67ab6f69f9',1,0,'2023-08-27 14:25:20.533598','2024-02-27 14:25:20.533598'),('7f1a226d-01c0-466d-814c-f5f6808a6222','d7abae40-7dcc-45c3-82c6-ff212a2d9aa3W\"{D^TLs#wd`|=ad)Q-Phr-;4','12c10897-8f5f-4148-96b8-733c5be9be0e','aec149d6-e38c-4ae4-816e-dcd2c6f53fdb',1,0,'2023-07-17 23:18:01.657892','2024-01-17 23:18:01.657892'),('7f4804c7-a7a9-4a48-967d-5ab68d9f340c','b839e4cb-c225-46bc-9944-ccfdeb3ddd6cre>*7\'k|9r`(XYd7/q<_@,k{t','dd102998-b733-4489-82f2-9cc5bf9d336d','89defaf4-09d3-4abb-b108-e3e9c5bb73f1',1,0,'2023-08-20 05:31:35.997206','2024-02-20 05:31:35.997206'),('7f747289-dbbd-4f89-8bd8-d057f8dc722d','9be4c59a-fbd3-4988-b80e-4af2a3db8382t-\"KvqR>6K]DFBl7>OdB$*-9U','12c10897-8f5f-4148-96b8-733c5be9be0e','d7c1434b-1627-4923-bccd-6a93d8c47981',1,0,'2023-03-17 09:33:10.360608','2023-09-17 09:33:10.360608'),('7f7cf961-8bdb-49e0-9561-2c1b7586c6cc','a1674ab7-7fa4-42ba-93a5-4bf7798e0dfaVk}]5j+VWwZZFIr2Dy;8iM_GC','dd102998-b733-4489-82f2-9cc5bf9d336d','32cc97fc-d97c-4456-8e64-4d2232e1fcf9',1,0,'2023-08-25 01:47:39.823495','2024-02-25 01:47:39.823495'),('8028f276-8976-429f-ae93-92e13e7ba9d8','3c156d86-7112-42d8-8900-9802a500a0f5t)e;5uau^-_^FzJq@>4<(gR94','dd102998-b733-4489-82f2-9cc5bf9d336d','a5e89c7c-557a-4344-8abb-58513f932550',1,0,'2023-08-22 04:03:03.738354','2024-02-22 04:03:03.738354'),('805b5654-a327-41a2-8f9d-9a14224d7438','41d30761-cb42-4bd5-a8cc-8d0c8282fed8Ydg\\a\\H#AWN06SIr/*{bePSc$','12c10897-8f5f-4148-96b8-733c5be9be0e','d199b5d6-2460-4ff9-9fd3-1c90d54c1014',1,0,'2023-04-03 13:53:55.584493','2023-10-03 13:53:55.584524'),('80802911-e9d0-41a1-9ad6-ae4b88aca0a5','8720c5d3-433c-43be-be3e-208daa83b844.D=D5fnu;[nc\'UILBLr]yRO>n','dd102998-b733-4489-82f2-9cc5bf9d336d','4039e113-ff8b-4079-a5e3-056e9de46f5c',1,0,'2023-08-06 08:58:47.057880','2024-02-06 08:58:47.057880'),('80bb06ae-4adf-4ee3-9836-1edd57f0a25c','dcce6868-00da-47c8-a222-75e55b66b729OX\"cM,A0`wzOeHwRl1|rEtqg9','12c10897-8f5f-4148-96b8-733c5be9be0e','b3144de7-3d93-49f8-bcae-904fe523ab67',1,0,'2023-04-23 08:45:00.825517','2023-10-23 08:45:00.825517'),('80ee896f-dcda-47da-9d0b-10672016ba84','a3b8f012-90ab-4ef4-bad4-e226c25276d76?}HPN<\'>nq;E][.rvzk;,+o\"','12c10897-8f5f-4148-96b8-733c5be9be0e','6a0ccdc9-10a2-43f6-8a28-5299ff0a4c5a',1,0,'2023-04-03 22:54:58.772528','2023-10-03 22:54:58.772550'),('81406508-20c8-4f32-9b11-2828a983dc1a','396ceb55-8d6f-48da-aa1e-d9d1ef7ef4fe|ynj3,f|}=u$<(Cr?\"H?.grg]','12c10897-8f5f-4148-96b8-733c5be9be0e','8e7c5929-f370-4341-b736-7f398018f87c',1,0,'2023-06-09 08:15:33.551637','2023-12-09 08:15:33.551637'),('819fe241-e4fe-4155-ada4-1cd8825cafa3','33a7142f-04f3-4473-9a71-1988db7ccf9a^+vgJ%m3!rYq3^jb1A%:XQI&<','dd102998-b733-4489-82f2-9cc5bf9d336d','7a3ea921-ed7d-46d2-b73f-d19a4aad433c',1,0,'2023-08-20 06:31:34.958540','2024-02-20 06:31:34.958540'),('81a40e7f-b687-480f-b7b9-bc736c001546','9caadfbe-9c9c-4faf-9745-8a68ad545069/j;:wn:4Fjpfh.8%^;AP#2Eck','dd102998-b733-4489-82f2-9cc5bf9d336d','3e9df1cb-6809-4710-864a-6729aedea907',1,0,'2023-08-25 09:13:13.360013','2024-02-25 09:13:13.360013'),('81b28017-cc1c-4088-8540-e0f4b4a6f6c3','ce97624c-29a7-453f-ade5-4b90e90f5fc1:TgC,ur\".x`ML}^r=2b-iw}r8','dd102998-b733-4489-82f2-9cc5bf9d336d','661d43c9-d786-43b5-9dc7-770eb36774b9',0,0,'2023-08-22 08:23:51.225005','2024-02-22 08:23:51.225005'),('81d01d50-d7a5-4d3a-be77-197c857a6009','53c2ed34-576e-4a21-9f8e-93d70d30d6c0%k-M\"p+yPst7zm\'cbm^#D7kdh','12c10897-8f5f-4148-96b8-733c5be9be0e','7bdf84f1-4f88-4f9d-a801-841eb936e9e2',1,0,'2023-07-19 12:47:21.773325','2024-01-19 12:47:21.773325'),('81fb75d4-f495-46ae-8332-36ad58f90a50','62c28db1-86a6-4383-a66e-20226b0a5e65Pe={/+;;M=)[}Xl@1ooGwBk-t','12c10897-8f5f-4148-96b8-733c5be9be0e','fb0cd3f8-a030-421a-91e1-e597de585452',1,0,'2023-06-23 09:49:58.597640','2023-12-23 09:49:58.597640'),('822f6ab4-4c9e-4133-b70f-74a4773621bc','e3015dc2-f61a-44a0-9745-d88b91e6cf88^8\\(c/\"=Y6PPR+Jlmgn{M*eL:','12c10897-8f5f-4148-96b8-733c5be9be0e','842708ca-fc65-4aa7-b80c-1a35ba0ed29e',1,0,'2023-04-03 01:49:28.263976','2023-10-03 01:49:28.263977'),('8251cb86-73f7-48da-9388-bdd332ae25ba','68c2e6f0-b20b-4e18-803d-aa7596627401tE|ja{FpVTg0Qc5`jlAFV9FUP','dd102998-b733-4489-82f2-9cc5bf9d336d','e6ba9f4d-794e-404e-9591-74512472c92e',1,0,'2023-08-24 07:42:31.433344','2024-02-24 07:42:31.433344'),('829dcd7e-4a42-4c6b-93a8-f982e2476911','dbfbdd4f-1eb8-439a-b7a3-2b88615d5a92!^a:YxwL->B3%0GI#H;?Tk#g8','dd102998-b733-4489-82f2-9cc5bf9d336d','5fc883f3-d7ee-4268-b490-473e4d3bd5e1',1,0,'2023-08-15 06:10:22.426705','2024-02-15 06:10:22.426705'),('82d8862d-faf3-4694-b5db-0df9cc4a215b','56d6a074-dc24-4134-ab95-9d29c9e8ecffQLTvf*<eU]gGznfRWLU=D5w!;','dd102998-b733-4489-82f2-9cc5bf9d336d','08479b2e-70ad-419c-9295-e5cb18a3ee90',1,0,'2023-08-17 08:56:07.582548','2024-02-17 08:56:07.582548'),('83035d41-d117-4777-b21e-251e801f6258','46e96c31-61d2-4068-8946-0ee8aaf9754dQMA$\"g=^l!ViU=B+4lHZ};YeA','dd102998-b733-4489-82f2-9cc5bf9d336d','63074cf9-2171-4cd5-b1e8-c3f3cac04416',1,0,'2023-08-15 08:47:58.617486','2024-02-15 08:47:58.617486'),('833b431e-f9b2-4009-a3fb-189dbbb7bf10','782036df-038a-4997-9a9d-5b840455b4b2FP>*`&V8E.YQ]LIi\']MQPk|{F','dd102998-b733-4489-82f2-9cc5bf9d336d','4dc6f952-b7d9-44bf-a7d7-1446bffdf601',1,0,'2023-08-25 11:47:46.025626','2024-02-25 11:47:46.025626'),('834f937b-9ff2-4caa-abcb-6d33c2433182','6d87c322-e817-48fd-8863-f108ea8116f7hWFOq>ZR[#9[%T34k-@qP,)V=','12c10897-8f5f-4148-96b8-733c5be9be0e','947368e9-525e-4505-98e9-fb0ffa9cf35e',1,0,'2023-03-30 13:43:06.804540','2023-09-30 13:43:06.804540'),('8353d98b-b824-4c72-be06-4374000e3bc5','e14b8c6a-04b1-4792-8000-2b30c4b9e462,Y_hdO7IwI:>LbX(\'#W@[:?`\"','12c10897-8f5f-4148-96b8-733c5be9be0e','2698f27e-d63c-4ac5-b39e-8dcafa074e05',1,0,'2023-04-24 01:54:44.634081','2023-10-24 01:54:44.634082'),('8353eaf8-2184-42fa-baa3-8c138e3b15db','9a1d3871-7c8c-4a5a-9dd4-148adbcab74dnM^|j;P^mWoY7x_Uj#fn=Pu@>','dd102998-b733-4489-82f2-9cc5bf9d336d','d05c1386-ce9e-48a7-a716-06837153207b',1,0,'2023-08-18 09:34:46.779600','2024-02-18 09:34:46.779600'),('838faae2-7bdc-4a7c-9ea4-0be79ca6059f','3ef9d8d0-35e7-48b8-b638-fad5170e1faa$_Dy[<&gF|sGgkxgZ@$<c4Uz\\','12c10897-8f5f-4148-96b8-733c5be9be0e','227626b2-5118-4bbf-b188-2781ede8e1e1',1,0,'2023-04-24 02:59:29.222185','2023-10-24 02:59:29.222185'),('83c489fa-0c7b-406d-b492-462ac90dcb2b','794e7340-2e85-4cf4-b21a-b9e26f98b597he<:j=`3w|44h8{`Vpvp6F_P)','12c10897-8f5f-4148-96b8-733c5be9be0e','3842844a-f39b-4214-be29-5f630227f648',1,0,'2023-05-10 03:03:03.921714','2023-11-10 03:03:03.921714'),('83c4c956-dd5f-4845-85f3-154967c365d0','de949525-8ea5-4029-adf9-b3b0b407b438@|/W^w;-h9n1W03dI<{le6g<.','12c10897-8f5f-4148-96b8-733c5be9be0e','5a63872f-90c3-40c4-9790-a877c502f9ab',0,1,'2023-07-30 15:10:35.837265','2024-01-30 15:10:35.837265'),('8418419d-83d4-4bf7-b33d-9e3aa5e9bf72','3cdbdf91-5f06-4d9e-99c6-5e6a42be2a84l\'SHy`8,#g@NX!N;/ON%Qu%DA','12c10897-8f5f-4148-96b8-733c5be9be0e','638693d6-9fc2-4e5d-bd87-edb03be8e065',1,0,'2023-07-09 07:27:28.388096','2024-01-09 07:27:28.388096'),('84548bca-3b31-4e0e-964a-a9dca73bfa86','0b130359-f0e1-4266-aa88-9abaa32a5fd8njDH4qa&aK.RYg96\'<yiRp9j]','dd102998-b733-4489-82f2-9cc5bf9d336d','f88bc3e4-db0c-42a8-aca2-13f1f00785d6',1,0,'2023-08-18 08:03:46.268201','2024-02-18 08:03:46.268201'),('845e8fcc-2784-4d4f-8461-e7f6a5c608b8','f9b47b68-8424-4ed1-aa1c-db30c5fa7f3b\\G*EusexSGiYI)nei8S_7<+v:','dd102998-b733-4489-82f2-9cc5bf9d336d','7f870c79-b8be-4db4-89e8-52e47c8f4505',1,0,'2023-08-13 03:33:02.691138','2024-02-13 03:33:02.691138'),('84c68256-d8d3-48ba-9f53-8a39a4ba2100','22960c61-a08c-4362-bdc6-a3215d045e9cLjCN,wk!K\"=E3`d3<=XbUxenU','12c10897-8f5f-4148-96b8-733c5be9be0e','58b0c1f4-ac09-4229-b64a-c67751b3eac4',1,0,'2023-07-18 00:45:27.308486','2024-01-18 00:45:27.308486'),('8509eb26-597a-4ea7-8547-4de3e4e69c69','8a636566-ff0f-4190-a8cf-9d448eeecfdf.dXgg\"7<e>RrZ3s;V3mMtY}&b','dd102998-b733-4489-82f2-9cc5bf9d336d','f719d443-a9e3-4b19-83ac-c0d3512b7725',1,0,'2023-08-27 01:55:58.535649','2024-02-27 01:55:58.535650'),('850f7e2d-70c3-4466-944a-0ba1fa680b74','f851f5ea-f3e5-4c54-abf0-e3893f90667afQywUR;nHe`QVzL36w,)U6ZM?','dd102998-b733-4489-82f2-9cc5bf9d336d','43ccc576-bb22-42f3-944a-f0a608b83204',0,0,'2023-08-23 04:45:20.902140','2024-02-23 04:45:20.902140'),('85137692-150b-443e-87e9-d3b7608032eb','76b6ee4a-6dec-4570-b89b-29d9805232eem%s2?Dnb^X(5Z\\PCH-h$OXB\\!','12c10897-8f5f-4148-96b8-733c5be9be0e','55205389-8a44-4d82-ae06-10ee81866a91',1,0,'2023-05-10 07:02:01.349907','2023-11-10 07:02:01.349907'),('856ef2a3-7ddd-4980-8750-483c3bee5c95','d15c2ed1-f888-490c-943b-2c22b564d3bcI#(nSK5-Jj93$W)$}:SO)7nw@','12c10897-8f5f-4148-96b8-733c5be9be0e','df863b75-7927-4854-8aec-5cbb3764d1a8',1,0,'2023-05-18 10:10:45.841501','2023-11-18 10:10:45.841521'),('858479ef-75d3-4073-8a85-8c5dc8951ad8','d62bfe1e-95cd-4097-a8c4-8954fa84f5ca.]*#:22FNc0A6/p3L^v/h6Hg}','12c10897-8f5f-4148-96b8-733c5be9be0e','e0a3d1cb-06b7-413a-a41a-54a980a04463',1,0,'2023-05-10 10:00:32.401798','2023-11-10 10:00:32.401798'),('85af43e6-e300-42fb-b4cd-102c5a6fa059','1dfb410e-b98f-43e7-8c8c-7e6be930f89aE)fHbfJ70HU9+Vd!^Y[8c1dxR','dd102998-b733-4489-82f2-9cc5bf9d336d','8e1fa7b1-f8bf-44b9-a35b-0e2d44e0e896',1,0,'2023-08-18 08:15:56.248829','2024-02-18 08:15:56.248829'),('85e83b25-6919-4423-92a4-87c6afda3693','25d280fa-6a72-4be8-bdeb-0faf124d7ff2p71lS;`q[[d=&3!A|g5!&]U}S','dd102998-b733-4489-82f2-9cc5bf9d336d','25f1934f-8cd5-41e8-97e2-c3e59e39365d',1,0,'2023-08-18 08:44:54.192228','2024-02-18 08:44:54.192228'),('860cc7bf-90cb-4b42-a2e2-702094934d8e','f14e502e-86ee-419b-98f2-7d47853204d5T(c(!cAh*(QQJ1(C==8R\\2+<<','12c10897-8f5f-4148-96b8-733c5be9be0e','dfeec36e-67fe-4927-886e-92309b74d206',1,0,'2023-05-10 14:23:39.273340','2023-11-10 14:23:39.273340'),('861f8ae0-c6c6-402f-a34c-22e32b481072','43b46877-6d49-415c-bd9b-94077781111dU*XVsPgG:[Eowd0JCtdbk|,.L','dd102998-b733-4489-82f2-9cc5bf9d336d','6f417316-2dac-4e5b-96eb-2e6a0cce7440',1,0,'2023-08-01 07:59:29.662212','2024-02-01 07:59:29.662212'),('86485f8d-f23d-41c7-b1b8-46e72e4ee0ce','0d37aaf6-e716-4859-a538-e841baec2fe7,<>lOeI{eu{UGs^H@CqkagTV.','12c10897-8f5f-4148-96b8-733c5be9be0e','15046329-5220-4cda-8495-fbc79dc6d9b1',1,0,'2023-04-16 05:05:26.538292','2023-10-16 05:05:26.538313'),('864bf9a5-8fcb-4f76-9a6e-cfee1ceedf8b','dc1784d2-c102-41e3-a5bc-2cef6907d569}Lk*e{E+e7m\":p:gJqa]L[nIi','dd102998-b733-4489-82f2-9cc5bf9d336d','e6abd5a2-f49d-4c8c-a509-51c202537598',0,0,'2023-08-25 07:24:11.495983','2024-02-25 07:24:11.495983'),('866352bf-9bfb-4a22-8bb7-517aff2cd659','879c49df-af59-4846-8682-eac159680ecdjnR7Z9l@;^Yo<f-:d\"sN7pU`L','dd102998-b733-4489-82f2-9cc5bf9d336d','b6b33a36-b24d-4bc2-a8a5-eb781304bd08',1,0,'2023-08-19 03:29:52.794613','2024-02-19 03:29:52.794613'),('8673ee1f-0d29-4cbb-92d7-72052cb5169a','3533768a-21a8-4c1b-aa75-251d3a91e84d)4ZbA@JCz)6VjGPpF}DX\"Zdna','12c10897-8f5f-4148-96b8-733c5be9be0e','0d4785d7-d557-4030-800b-06c3ea0adedb',1,0,'2023-06-24 08:04:51.092788','2023-12-24 08:04:51.092789'),('86ab7ac6-32b0-4e01-85ce-764114514fb8','893006d0-23d4-4aa9-9d38-f284cee4c84f`g*Wa!NLdG\"0zQX9Om}nGbamW','12c10897-8f5f-4148-96b8-733c5be9be0e','ad4025a1-0ae0-4af4-95f1-c9e5667e5ec2',1,0,'2023-05-17 14:18:26.488663','2023-11-17 14:18:26.488663'),('87108897-1c87-4a3a-810e-2c05e354915a','33329afa-7d39-4d93-906d-428e41b4634bsSi?a;(m/)eZF2LnOg!K58zT`','dd102998-b733-4489-82f2-9cc5bf9d336d','7edeb704-f69b-4fa0-89e6-a4122bd4f071',1,0,'2023-08-15 01:00:47.521456','2024-02-15 01:00:47.521456'),('873b1a74-b4fa-48a0-a317-2f975cc01d5f','a2ca8254-a145-45d8-8154-510798a8d541y2JC|M*Ere=Fu;PX1W<@HF\'Xq','12c10897-8f5f-4148-96b8-733c5be9be0e','e7a90683-ddae-49f1-987f-796d9e608c90',0,1,'2023-02-22 08:24:40.120904','2023-08-22 08:24:40.120904'),('874e8ec2-d710-40ca-938a-8122ac71c273','3c2020fd-aa39-40c7-a1b6-49c693e5f9f3]J@7iT6I5/A2-1u$1|1ev|@&C','dd102998-b733-4489-82f2-9cc5bf9d336d','5a7e27d2-39b8-4cac-9023-a3b80f18fa90',1,0,'2023-08-28 10:09:23.242487','2024-02-28 10:09:23.242487'),('87675e9f-34d4-4399-adcb-5066501ae62b','fee17b3f-3c9e-4118-9440-25188d859531y&#}%\'DB)3[1u<R)pqo(pKhhr','dd102998-b733-4489-82f2-9cc5bf9d336d','60320958-0541-4caa-8318-f35e06f26fe7',1,0,'2023-08-27 14:57:04.009122','2024-02-27 14:57:04.009122'),('87e36d11-7b10-4b63-8eb6-98ed1119c960','0b20d735-7eba-4c86-8d75-a12ee0832350|XTKUxX@!0}RC-4R?3L`$|EK!','dd102998-b733-4489-82f2-9cc5bf9d336d','c5f21444-c74a-4abb-b544-0bf3942d5076',1,0,'2023-08-25 03:50:59.120491','2024-02-25 03:50:59.120491'),('87fe8d17-4e54-463b-93c1-a0a032efd30a','6f984f91-fd2d-4156-a48c-8eb197efead5+E\\!MHT.vCD3E-e+{ifEN-\\fK','dd102998-b733-4489-82f2-9cc5bf9d336d','6842d930-3924-462f-b3f4-f5499eeddb45',1,0,'2023-08-06 08:50:32.774713','2024-02-06 08:50:32.774713'),('881c1a60-7d1f-4b7a-8703-5207c0dd38a2','661fbc4c-5672-4636-9f42-98944ec696cf0B(m7l\"mgF*eE0Z6bTx\";XUd8','dd102998-b733-4489-82f2-9cc5bf9d336d','eab8fc6b-9186-407c-8e28-56eefcc68492',1,0,'2023-08-12 06:27:09.577382','2024-02-12 06:27:09.577382'),('886eb8a6-6d5c-4501-ab93-a34f5d08657c','8bbce1ad-389c-4df8-a0c0-89c68e99fb15Pd1NxYyB.xm$-\"|3=VC=6z=CB','dd102998-b733-4489-82f2-9cc5bf9d336d','02319dfc-5ea3-4c15-b696-8dcaf5141b2b',1,0,'2023-08-08 00:12:12.456837','2024-02-08 00:12:12.456837'),('8894527a-186e-4200-8a2a-39107d587440','d76aacd5-d22a-4e38-84ce-48d3809deec9kQ5*%L\"k.jeneml]}CaH[up3W','12c10897-8f5f-4148-96b8-733c5be9be0e','a9af3bd2-5386-4e48-8d07-55f467888f68',1,0,'2023-06-07 08:54:58.623785','2023-12-07 08:54:58.623785'),('889a9430-e9a3-46df-a060-3aa4ddd6549e','da1efb05-83df-4c41-8815-90b579fad6ddaGg;_%_`}*GJ[&y_Sg6]R\\%RA','dd102998-b733-4489-82f2-9cc5bf9d336d','52c8c0c5-5b14-4b37-abc2-c12e9f2f2c2c',1,0,'2023-08-21 05:42:31.496830','2024-02-21 05:42:31.496830'),('88fb7cb2-e927-4f2f-800d-51e9580d22e7','4381bc74-5b31-4076-8c56-325ea61b9c9fkna1l2&!C+H=v.jS-1^\\I02iT','dd102998-b733-4489-82f2-9cc5bf9d336d','ad6a7287-f739-4b8c-8fc2-b324c0e4ae07',1,0,'2023-08-18 06:41:08.847916','2024-02-18 06:41:08.847916'),('8942faf7-268a-4b42-a2bb-40a86e81fcc8','2dc30d53-23f3-46f5-93c0-620c218ca00af@W0E>sz9{?|)f9Y=:2_Zv:\'F','12c10897-8f5f-4148-96b8-733c5be9be0e','90e262d7-abf4-47c9-a4ea-4f0b71cfbb1a',1,0,'2023-03-26 03:06:41.867685','2023-09-26 03:06:41.867685'),('898229e8-28ea-4240-9b86-270640c9b224','25befad0-27b7-4422-92ae-4d1d8f93f93c6]m3|TkdX#5fU?m4|!-XI=kig','dd102998-b733-4489-82f2-9cc5bf9d336d','88af2381-d250-4994-a145-b2bb00a233c8',1,0,'2023-08-18 03:13:12.263902','2024-02-18 03:13:12.263902'),('89a3169f-38c3-409a-a650-b37d79116712','6925139d-77a6-43ad-b9a9-c8d35c5dd739^zhof1X>Zwv0auFXgF?&lM47i','12c10897-8f5f-4148-96b8-733c5be9be0e','66772f11-e1c5-48db-b2a6-99d5fac3e86f',1,0,'2023-06-09 06:51:23.777765','2023-12-09 06:51:23.777765'),('89f01ffd-be02-47fc-b479-525e99fcdd6f','f02af88d-7e76-4432-b5c4-00e9e34d8e8cc5B\"oh4V.Z\'BrQuw5YfUr|gvW','12c10897-8f5f-4148-96b8-733c5be9be0e','b8b9f589-a0f7-4e9d-8718-f901cf6dfd6f',1,0,'2023-06-23 14:36:14.159989','2023-12-23 14:36:14.159989'),('8a052d09-236c-46d9-87df-daf5174959c5','52c170a8-a746-4579-826b-5c22af4ab751*zSkI7QfxoBxa9-Mc`?j3[[ON','dd102998-b733-4489-82f2-9cc5bf9d336d','44441ed2-2f16-46c1-86ff-ec41dcec9e10',1,0,'2023-08-21 06:27:20.146062','2024-02-21 06:27:20.146062'),('8a0e398f-4733-4619-b29a-00be0c4085c7','c3513238-a48a-455d-ba01-f1290c9a7246LQ}SSi:7!cZ]SHpgoW>efmK*\\','dd102998-b733-4489-82f2-9cc5bf9d336d','ff73e068-e5fd-4e6b-ac85-706cba48ff94',1,0,'2023-08-20 14:04:07.588947','2024-02-20 14:04:07.588947'),('8a12177b-3a2c-4845-a08d-7a83d3e47038','968ddc8f-d295-403b-95b0-5c31eccf190fz&mVhyajhx5ii+9}%\"*.:OjEX','dd102998-b733-4489-82f2-9cc5bf9d336d','d970c2b3-ee56-4021-9546-dc3869d7bff7',1,0,'2023-08-15 12:52:48.087129','2024-02-15 12:52:48.087129'),('8a14abb0-c8d9-43bd-848f-dfb13b4f467b','71416f49-a5d4-4e84-81be-9ba48a34ba6beE!DI27<`GB+4\\dm$WOz]N\'\'s','dd102998-b733-4489-82f2-9cc5bf9d336d','7f11c043-da9c-48a9-9252-b815d3508b50',1,0,'2023-08-04 16:34:35.815043','2024-02-04 16:34:35.815043'),('8a156b69-a7ec-4c88-b0de-f8dab2795cb5','9cdf1f75-4fc4-4175-afeb-f6d2f79fc628\"]:zD7iE6{szovnWwKv;Xep\'p','12c10897-8f5f-4148-96b8-733c5be9be0e','3c38572d-112a-46ec-b983-b15ae973b3d2',1,0,'2023-05-07 03:33:47.528582','2023-11-07 03:33:47.528582'),('8a483001-e274-498b-9bce-bcf6a98c9353','06064a0e-6af3-4b56-9adb-cb036c335a8aQ_gl<F}-rs$4lLgXy:&\\H{7pj','12c10897-8f5f-4148-96b8-733c5be9be0e','c64e0909-647f-4011-a7b1-8f0971f7caa9',1,0,'2023-03-17 04:42:13.385358','2023-09-17 04:42:13.385358'),('8a6950c8-b1f1-40cd-89a5-482d68b2179c','cb0a9dce-661d-440b-bc92-5753981dcd36].m[sV=pp\'`;xwVy]S1Y{`FDi','dd102998-b733-4489-82f2-9cc5bf9d336d','8613e782-63e6-4e08-abb2-87f867004c5c',1,0,'2023-08-03 10:13:27.446553','2024-02-03 10:13:27.446553'),('8aac5e73-e56c-4d97-85bd-ac9d8a6cbeb7','cf3fe878-498b-41a0-9c03-1bad542b1ef3CX:V.WI{6(]LSi3B&P`9,=A7A','12c10897-8f5f-4148-96b8-733c5be9be0e','902d2943-1485-4470-82a7-99682b7f9b4c',1,0,'2023-07-25 00:53:20.396354','2024-01-25 00:53:20.396354'),('8b421d66-a588-42a7-8ed6-f1f7476e6aaf','cfc269a5-98fc-4ef1-bc27-87bfc5eea2a6NNH77DT9i2?8}:\\ft4R]sdfh\"','12c10897-8f5f-4148-96b8-733c5be9be0e','df471040-d56f-4361-8495-062a803b6350',1,0,'2023-06-12 02:25:28.631352','2023-12-12 02:25:28.631552'),('8b51824a-5263-4fc7-94d3-42320d3c42cd','5ab773f1-8b0a-454d-b252-1c65b0a7765bR_m-Gh{+f/34d15>)ajoEXKQ6','dd102998-b733-4489-82f2-9cc5bf9d336d','910b2f14-909a-4944-98b2-79b177894aec',0,0,'2023-08-15 09:40:35.483014','2024-02-15 09:40:35.483014'),('8b56b9b1-8abd-4b26-ab75-33953e922668','5ac10584-bc32-4c42-aadb-8985a50633a0.9}uOc0vORqq8}ijlljWEtWm`','dd102998-b733-4489-82f2-9cc5bf9d336d','ebdc9893-6dc7-4c8a-8b64-0e5bea702254',1,0,'2023-08-29 09:03:23.463774','2024-02-29 09:03:23.463774'),('8b576060-420a-4d82-beab-a36f56023bc9','f8e8fae9-d874-4f7c-9ab5-ad711c9a6162uHwP*sjS%:vl\'5kq@j&cDVm23','dd102998-b733-4489-82f2-9cc5bf9d336d','59532743-b209-461c-aae1-fe4ffd44c2bd',1,0,'2023-08-28 04:50:54.426187','2024-02-28 04:50:54.426187'),('8be1b0b0-e48b-487b-90bb-2231592365c1','1e01e572-6854-470d-b77d-443b7b7916a7(b(u5<LmhyJM{Nm,HB%^F#+D1','12c10897-8f5f-4148-96b8-733c5be9be0e','55382f7f-66f7-4a98-996e-21ef80e4119c',1,0,'2023-04-17 09:54:46.347044','2023-10-17 09:54:46.347065'),('8c318686-bcc8-4adb-96b5-1c6becaaa53d','a6a1dc7e-6be8-4632-b0db-709f2b2b2f72@>^FJ(LkwByVwdRb8q&?N\\IVC','12c10897-8f5f-4148-96b8-733c5be9be0e','f28ecd35-1d32-4b5a-891c-14a8eafd863b',1,0,'2023-07-17 09:55:21.337716','2024-01-17 09:55:21.337716'),('8c5091b3-2398-4b45-91e6-501b4e36a759','2a4c3322-59ff-4018-889e-c12200cd73bfGZqIo>ZX:49}WrW]*!<E-F=W6','dd102998-b733-4489-82f2-9cc5bf9d336d','893f4167-fc21-4dc8-9bbe-5e1cddf69181',0,0,'2023-08-22 10:10:36.945748','2024-02-22 10:10:36.945748'),('8c70ea02-7351-4d57-a08c-bde2d2507336','be9653b1-e53f-482a-b869-4ab5613db342;]!B-|0:0unwD\'Lap26msQ<6/','dd102998-b733-4489-82f2-9cc5bf9d336d','2e3380db-28dd-48f0-9650-bb2b684fb663',1,0,'2023-08-19 04:24:33.621727','2024-02-19 04:24:33.621727'),('8cb1d5b2-1a44-4bad-95ca-43883b10c1a9','86cbed6a-70b1-4e99-a975-2c115778a461^duppmt5}P@!8Awzzy/PAA0)#','dd102998-b733-4489-82f2-9cc5bf9d336d','fb1e364c-2911-4469-920d-f675d213889b',1,0,'2023-08-20 08:14:24.899036','2024-02-20 08:14:24.899036'),('8cbdd0d6-8457-4c01-888c-4ddf7986ccbb','b7aacb2c-f0c0-4b27-94a2-15529f26840ao^vz*xX7j[=^W7X`l&Ky-Gkh|','dd102998-b733-4489-82f2-9cc5bf9d336d','2b048111-3298-4f69-8191-c3c6ab9f8da3',1,0,'2023-08-16 04:19:08.421407','2024-02-16 04:19:08.421407'),('8ccaaa4b-423a-4709-bd0f-e2f6dee762a9','a6ad1d02-7900-4b15-994c-98ad00db5629n\\,!%Q{-{LQ\'n]^c!<uJyr?vF','dd102998-b733-4489-82f2-9cc5bf9d336d','e158b790-8c1c-41de-94bf-41662c2f0d77',1,0,'2023-08-29 04:06:00.131230','2024-02-29 04:06:00.131230'),('8d3b6894-0f1b-4721-99e7-98f68640e5b0','a7dfeb54-f1bf-41a7-bb0f-21b49227dcd8UKm@3-_OTA\'d%\\chvZ7.#1d+5','dd102998-b733-4489-82f2-9cc5bf9d336d','d63599a3-b329-4924-9866-0dc18bf7ed94',0,0,'2023-08-29 01:38:28.767413','2024-02-29 01:38:28.767413'),('8d691e6a-fa48-474f-b86a-815bfb02ce12','c557376a-4681-43b1-aeed-c623eca42c5dHglRej<,30%PRL(|5B4|.`PQ.','dd102998-b733-4489-82f2-9cc5bf9d336d','1ce7b3b0-d76e-4a82-b6fb-7a958a91a92a',1,0,'2023-08-25 09:41:19.584487','2024-02-25 09:41:19.584487'),('8d6ab93d-1386-492a-ba33-29a72a4515a2','6281800d-9047-4d45-a499-2544a2a0f82eGRCjE}T*\\zH$[!uqy^;.}[&1b','dd102998-b733-4489-82f2-9cc5bf9d336d','242cd134-39f2-4132-9b3e-dd1abe31d405',1,0,'2023-08-03 08:53:03.008067','2024-02-03 08:53:03.008092'),('8d7bd349-6e26-42f6-9d03-cfc9a43d0fd2','6110001e-cc07-4f2b-af36-eb3688b430451\'gycmr$X#M+^mUHC8]y@|/k^','12c10897-8f5f-4148-96b8-733c5be9be0e','df7346b8-fbc1-44a6-8207-361ee11203fe',1,0,'2023-06-08 08:45:47.034375','2023-12-08 08:45:47.034375'),('8d884691-b89b-4ea1-8797-03964bec33d2','ecb07012-8df9-42b3-a28e-59ee840fca4a\'03}p@wm3iz=uzY^txHZ)/t1f','12c10897-8f5f-4148-96b8-733c5be9be0e','4b8f235f-30a5-48a5-ae52-8eb83c16a1a1',1,0,'2023-04-30 07:29:22.587803','2023-10-30 07:29:22.587803'),('8dfc6a26-868b-4a20-977e-c7dc6da28dd3','1ce0125a-25e6-46ce-b386-e70ded9b5e17}GwsVDVFFA9;qbupX\"*]OOZRo','12c10897-8f5f-4148-96b8-733c5be9be0e','171128bd-16a8-4804-9d6c-624eeba76853',1,0,'2023-04-08 03:31:02.520638','2023-10-08 03:31:02.520660'),('8dfe116f-4a93-46e9-bf8b-e48c22b7a99e','ef267915-ced2-4f86-ac12-db7468467eed3!p\\dsUQ/1qQ\"ZXu]+BD0@M5)','dd102998-b733-4489-82f2-9cc5bf9d336d','6b432f9b-d10c-413c-827a-804027f49f58',1,0,'2023-08-23 09:09:03.649994','2024-02-23 09:09:03.649994'),('8e349bbc-f32d-42fa-ae0c-2dae9684be93','e3477096-2ec4-4171-bae9-68bac43ed9b2\'l$\\2#9t\"N[UUS+5k!)VE2)GG','dd102998-b733-4489-82f2-9cc5bf9d336d','0fb1ed1b-cada-4c0d-9b1d-516072e1f687',1,0,'2023-08-19 02:45:59.905245','2024-02-19 02:45:59.905245'),('8e804ff5-922a-4461-9cd3-90893cf8ba4e','46f3182b-e175-4fd7-b409-1e0bb17ab0bdUF93spb7n\"_J;EH\\?QHWT\"g+J','dd102998-b733-4489-82f2-9cc5bf9d336d','42e43e08-5118-42fc-a478-5562db49b784',1,0,'2023-08-24 07:12:21.273987','2024-02-24 07:12:21.273987'),('8ea0637b-cf5d-4b03-a2ac-459a312e7b1a','6bd9d0c6-b56d-41b8-9296-ab075f69213b_y]4L?8An)sI||h%\"kbR0ap*<','dd102998-b733-4489-82f2-9cc5bf9d336d','b27cb02f-69fc-4ef6-b25d-e466a19e7e7e',1,0,'2023-08-28 00:52:45.904384','2024-02-28 00:52:45.904404'),('8ee46892-0f18-4e8c-a19c-f52fc08dbfc9','9d7a140b-cbe2-4e1a-abdd-52c6fa193dc4YgQ`D?WYp|:q|-b?Rvx}$lf*I','dd102998-b733-4489-82f2-9cc5bf9d336d','4ef3f3d4-50a7-4ca4-a151-546aff597dc7',1,0,'2023-08-22 03:25:20.837554','2024-02-22 03:25:20.837554'),('8f6944ed-2739-4a10-9fbc-a7851449db6a','8aba6097-f8fd-4f3c-b142-c94d632beb7e?C`$i6fhUeJh(_h{=a:=1d1\"K','12c10897-8f5f-4148-96b8-733c5be9be0e','492b7fa1-04c8-4d4f-9414-8d921ad11f6b',1,0,'2023-04-17 08:11:27.145880','2023-10-17 08:11:27.145880'),('8f7a5f94-5a38-487f-948d-986fac31c688','9f70b59d-786a-4ced-9003-28866e9eec84Oolw6UG;s}dq&hU=KnP?NYvR=','dd102998-b733-4489-82f2-9cc5bf9d336d','1c5625f0-7696-434e-840a-cd3aa4893413',1,0,'2023-08-04 16:38:00.207978','2024-02-04 16:38:00.207978'),('8fb0eb39-3718-43a0-a7b5-db344caa367e','87a9fabe-c259-4148-8887-9cd7d28f6cdaOs;\\rCP/]1s:ls&onsI!_S|HP','dd102998-b733-4489-82f2-9cc5bf9d336d','c3437853-9760-4116-a756-d651d2b61ba5',1,0,'2023-08-29 06:34:58.187222','2024-02-29 06:34:58.187222'),('8fb7ae20-7e65-4e87-9326-c601f1d75510','f1750360-bfe3-4cc2-b8cc-c3ca0ea1f5555sdF.NMO7ICI2JSA#g))tXTe:','12c10897-8f5f-4148-96b8-733c5be9be0e','58b3c210-5815-4be4-830e-3c84143c986c',0,1,'2023-03-04 03:10:17.770817','2023-09-04 03:10:17.770817'),('8fe862a1-5cbd-4af2-9290-1748da90eadd','7b703710-1348-406f-ae71-26ac13043fd3#Y1\"`,lmcW7UeAlvPPO@O\"x$j','dd102998-b733-4489-82f2-9cc5bf9d336d','d8be9df4-3ae7-4b14-a8eb-f7e980e7ec2d',1,0,'2023-08-18 04:16:16.443622','2024-02-18 04:16:16.443622'),('902e8e6a-e2e0-47f5-a627-f2cc67de9774','5c49d10f-4b8c-449f-9361-51d02aca6dd0\\^0iIF}\'(q$I/Ya|S%lsr6#=2','dd102998-b733-4489-82f2-9cc5bf9d336d','5ec771de-4502-4bb3-bbbd-23fab3208c44',0,1,'2023-08-01 00:32:31.164760','2024-02-01 00:32:31.164760'),('907661ce-4af1-4750-9b03-09b0222e404c','fa03b62e-0857-47b6-a154-df34bcd051f1t?YWiHD\";r[s$blP$^G)gCy/P','12c10897-8f5f-4148-96b8-733c5be9be0e','69aff2a4-924f-43d6-a2ca-bba85ede7a6c',1,0,'2023-05-12 03:31:07.325163','2023-11-12 03:31:07.325163'),('90890f8a-db5b-4225-813a-78a3bf89e515','62080acf-6ce6-4f81-a905-83dc5850bf54RO}@mx\'>%V\"#fA\\QZLn%6{&QW','dd102998-b733-4489-82f2-9cc5bf9d336d','224c39fc-853a-460c-b5e4-b682ac28b5a6',1,0,'2023-08-15 09:11:51.171885','2024-02-15 09:11:51.171885'),('90e90716-062d-4099-8b7a-39ab84dac04d','a1a87731-fb03-44a0-8625-a77dddd03406/9nk<)X?TuMAe?,|Jv!-8uop3','dd102998-b733-4489-82f2-9cc5bf9d336d','e76bd192-cb7f-4a6f-afcd-a820aab21314',1,0,'2023-08-21 07:15:56.676364','2024-02-21 07:15:56.676365'),('90fe17e8-f7a1-4b64-bf50-f63551c904e4','1998381b-e641-40bc-86c8-b1b32d22be7eTO#)A!C6<JDdGq}#-Fj|$BnC/','12c10897-8f5f-4148-96b8-733c5be9be0e','6fee31ee-1206-49ae-b606-ce3b3fae6f62',1,0,'2023-04-17 09:44:13.574054','2023-10-17 09:44:13.574054'),('913ce563-48af-4d61-ae3c-66c41089347d','00457dcc-54d6-4671-9419-58cf045f48a46f2+Td7+]}J0&pXM/A@oIT<72','12c10897-8f5f-4148-96b8-733c5be9be0e','f399b0b2-b2b5-451b-89f4-49741d15058e',1,0,'2023-05-07 01:30:00.079133','2023-11-07 01:30:00.079134'),('920fc942-4dd9-4b17-93b0-afb93e553229','ba54fdfc-e293-4f12-9a8d-31730158b374qlR:a!2NTK{x1eJ$C01Gn%`$\\','dd102998-b733-4489-82f2-9cc5bf9d336d','789acbc5-8ea2-4b27-b0b6-5a68f7c78f15',1,0,'2023-08-24 08:10:26.352504','2024-02-24 08:10:26.352504'),('92175cc2-d52f-412f-9de7-599be78642f2','c9d94a04-46d2-45be-8945-6b90dd2136ac\"t@@p]1Vy4zczfe]c\'5rkUEVg','12c10897-8f5f-4148-96b8-733c5be9be0e','4a8ae2ba-63d9-4131-b4d6-06b35f1b8f3e',0,0,'2023-03-16 07:29:54.822445','2023-03-16 07:39:54.822445'),('923b5f03-0b04-405d-9207-deba4b85775a','6a2bd387-66dc-4471-81c3-5ce5bd82b6d4v13DJKVm^j*ni*=}aw.V{;](Z','dd102998-b733-4489-82f2-9cc5bf9d336d','3393f9e0-d2ee-4031-81ee-fe7267cd85c2',1,0,'2023-08-20 02:11:18.652228','2024-02-20 02:11:18.652228'),('924ad516-91f8-4943-91d0-c4fabba6f714','c8a47ea1-b68f-446b-8ccb-2612b1ecba37J]<r^(q_$yYO)d5leZPqe!iQo','dd102998-b733-4489-82f2-9cc5bf9d336d','a61187e1-ffc2-4712-8c38-460c532c5b81',0,0,'2023-08-22 09:41:20.394717','2024-02-22 09:41:20.394717'),('92b89078-afad-497b-909b-f67bbc7b430d','65f902fd-b189-4617-957a-42c9dbe50197(aC6Q/P>B-TWon{xt=Sc4c:km','dd102998-b733-4489-82f2-9cc5bf9d336d','210efff6-985a-4a00-8590-768654f2e31c',1,0,'2023-08-29 02:57:23.355601','2024-02-29 02:57:23.355601'),('92c8e258-ceef-4d5b-851d-226d4fadd43b','5d83567c-cb3c-4511-bdea-752da086ecb4VE^8u\\y.`9<?4$Wn.qvP02Sq.','12c10897-8f5f-4148-96b8-733c5be9be0e','722ffe6e-f3db-459c-9001-2a8e34fe4b2d',1,0,'2023-07-03 00:55:49.664813','2024-01-03 00:55:49.664813'),('92f643ea-28ba-4ebb-8af6-955a3e30553b','7ac526de-fc9e-4a54-863e-c0e7fc7a4494eovt0Z&4uzT&sATb3*q2L,;U;','12c10897-8f5f-4148-96b8-733c5be9be0e','ee5d1a86-765d-477b-9394-744cc96d0796',1,0,'2023-06-09 08:24:13.127828','2023-12-09 08:24:13.127828'),('93311f0e-7c41-44e8-b1bc-a0d0aa676f08','db24fcbf-b196-4d07-80af-1923ffe76404B_?->r8M![PJ$v+v79]{@V1nF','dd102998-b733-4489-82f2-9cc5bf9d336d','e55dd919-2cdc-4678-b455-355bc37b202f',1,0,'2023-08-25 08:33:55.093000','2024-02-25 08:33:55.093000'),('93343b2f-20ff-4886-ba9d-cfec310ef08f','e14f9231-8bcf-4a36-ba49-3061bc98019f)j4f]R?Ph{%$ZJ(u>@\\|vT%\"9','12c10897-8f5f-4148-96b8-733c5be9be0e','2f0eba9e-d4b5-44fe-aaab-88bbc91ddd45',1,0,'2023-07-12 08:16:19.956408','2024-01-12 08:16:19.956408'),('93bb73a4-aa0f-435d-aac3-29352c43f3a3','151ac4da-3a43-4b56-8f48-95b1923ff2a7MY\'%dK\'k/wZ43k#ecus,4oAdd','12c10897-8f5f-4148-96b8-733c5be9be0e','8e727066-1f3c-4c38-923d-bbdb765c345c',1,0,'2023-06-23 09:31:44.421787','2023-12-23 09:31:44.421787'),('93d6bc9b-4dc5-436c-9237-2e865a23f852','ea198400-3705-498b-9ddf-7cc2248d1526^,mK.f#}YXSY2B%,A@*s|!ER$','12c10897-8f5f-4148-96b8-733c5be9be0e','24217810-80d2-4109-9c18-6d0fc5bfe6e4',1,0,'2023-03-20 15:21:43.649472','2023-09-20 15:21:43.649472'),('940998c7-aeb8-4e47-8377-74e1eba223bc','4c9326f7-88ca-4a5b-bd4f-cafe7f7c1916p:{*#X7akN5d$J9egq^oc5F]@','dd102998-b733-4489-82f2-9cc5bf9d336d','3569fa13-52cb-4297-9250-135ce35a1f74',1,0,'2023-08-06 09:43:56.797774','2024-02-06 09:43:56.797774'),('94216d16-67f5-43d7-94e8-c5bf5911153c','d4982ce5-82d4-42b7-81c7-165fdaba8028D%yq=Z&tZD;6-4c4>/n0G|qh6','dd102998-b733-4489-82f2-9cc5bf9d336d','09fa4bfe-a9d7-42e9-9929-e2ebd4d3cebf',1,0,'2023-08-25 02:25:11.855217','2024-02-25 02:25:11.855217'),('9452acef-dcb3-4d46-a50f-545bdb2c8e14','58084774-4c20-4847-930b-e8a418a48ed1FLbIkNi4&+/uUd(TMt\'FqYt)D','12c10897-8f5f-4148-96b8-733c5be9be0e','aa3d681e-199b-47e1-b704-731017f539e7',1,0,'2023-05-10 14:14:10.219337','2023-11-10 14:14:10.219337'),('94baa819-2591-4fe6-94a1-f05a07a357c8','8bde51cc-9966-4584-8dc1-392a67d582275IvI&*ssO=wxkmk\'549KrRI]+','dd102998-b733-4489-82f2-9cc5bf9d336d','e3df7e38-4146-46ae-a30b-24f7d8916c19',1,0,'2023-08-25 03:32:23.152881','2024-02-25 03:32:23.152881'),('94c5779c-ece1-414c-9cfa-ec202ea53880','2fef79ea-48fc-4b10-8a51-1bdd8d0bd456MER8ZR$[n*IJ:KD,e;]IF^OWF','dd102998-b733-4489-82f2-9cc5bf9d336d','628cb43d-24f0-43a2-8fdb-14495390678f',1,0,'2023-08-20 05:25:49.652107','2024-02-20 05:25:49.652107'),('94f780bb-fd69-4a0f-8712-eb49d0d7efb5','3891fb6c-dc51-4790-ab20-ee8dd19c58dd,msD,7XXyNpvfR8Eb(b#q>-uf','dd102998-b733-4489-82f2-9cc5bf9d336d','85b61e71-706d-43a7-9b0f-b0b9f3cf4fcc',1,0,'2023-08-25 11:32:46.529076','2024-02-25 11:32:46.529076'),('94fd0bfa-f5dd-4f0c-918b-eed03de36fe1','fd2fd5ee-4bc2-49ce-8161-94a7886bb913\",7J07R][m^`h@bb\'.m_!\\h*B','12c10897-8f5f-4148-96b8-733c5be9be0e','287eb85d-f27a-4cbe-96a1-0137d559ea53',1,0,'2023-07-02 09:35:09.271653','2024-01-02 09:35:09.271653'),('9544ae98-fbd0-408d-be14-31d47d844940','d0077609-4ea9-4806-9b78-1672643df84c\\3lzDi&CuiD,pGnFZSXmI!\"f9','dd102998-b733-4489-82f2-9cc5bf9d336d','b9d7d2b8-4742-4098-8dc2-475c563a2a7c',1,0,'2023-08-06 07:01:53.218518','2024-02-06 07:01:53.218518'),('955f68b9-2f51-4fb5-bd82-20d86088ae0d','8896a80e-3540-46f1-aa68-67c63352decd}?ntA*^}{F\"=tZ.J-+{pSJc\\{','dd102998-b733-4489-82f2-9cc5bf9d336d','1e35ce31-2c30-49a2-9f7d-86de30f8d28a',1,0,'2023-08-20 07:49:23.414417','2024-02-20 07:49:23.414417'),('95769afe-6a49-4d0a-9352-f4a6d563b4c4','4e5e87ac-7b62-4b15-820d-1407b50641fdOgoe\\=TV(i;)S!!gN_.6/KidR','12c10897-8f5f-4148-96b8-733c5be9be0e','f3298fc8-8df6-4eee-b179-9f9df1f2e540',0,0,'2023-08-01 07:59:07.794332','2024-02-01 07:59:07.794354'),('9579b025-9e46-4dba-b952-3e8ad2a5c787','9453f1f7-226a-48ef-8998-8584d6a30044pA8|>c{T_WrKXsglI!dQkW^/6','12c10897-8f5f-4148-96b8-733c5be9be0e','a0ac423b-4385-4d66-9701-b4c06194e937',1,0,'2023-02-21 09:36:55.248090','2023-08-21 09:36:55.248111'),('957b61e5-471d-479d-bc03-099599925d79','616051bb-d47d-4f5d-be0d-696a72497a96PVgF%%DsY`Whjv\'evX?%G/nIh','dd102998-b733-4489-82f2-9cc5bf9d336d','61c0c419-1221-4c6f-a303-5af2c2f94db7',1,0,'2023-08-25 07:35:28.622483','2024-02-25 07:35:28.622483'),('957d8af1-0724-4341-9fbf-20843e453a83','9d55b184-9c3a-41d6-8989-6f39c7c8ef3fwJ7_<x{Xt^pF^{{\\s]X)3B$5)','dd102998-b733-4489-82f2-9cc5bf9d336d','e436f927-a384-4aa5-9e8e-6bf2303fb550',1,0,'2023-08-16 07:55:12.630735','2024-02-16 07:55:12.630735'),('95bdd539-ea41-4f0a-9b05-80eeeeb092e2','9cf0b735-a4d3-48c1-91de-e4c9440c9bbca,kO5#{s1\"=q0?QNUp?}4+zMx','dd102998-b733-4489-82f2-9cc5bf9d336d','c5115f60-7fd9-4551-9cf6-8472a5e3603c',1,0,'2023-08-25 09:47:41.562171','2024-02-25 09:47:41.562171'),('96087af4-e93d-44b5-ac20-dff69b761765','fe24e421-9148-4388-b892-8b7583f28612WF=P<D1+WZ)FQ}50)(D^*%6[m','12c10897-8f5f-4148-96b8-733c5be9be0e','768e164f-7b92-4bcd-840d-4d2ebe6b011f',1,0,'2023-05-07 03:44:10.429646','2023-11-07 03:44:10.429646'),('9632d376-4662-47db-b7ba-b315e1431f4e','e856df9e-9486-45b7-8a62-6db805ddd7c6h\":Ysu!Evcex*(K4W0N\'#3U:S','12c10897-8f5f-4148-96b8-733c5be9be0e','adc3da21-ff50-4dc1-96e2-c1c6ecfc4fe2',1,0,'2023-06-23 12:14:07.881766','2023-12-23 12:14:07.881767'),('9675daa6-f4ca-479c-a110-5d6e354ad6ec','98ca626c-51c7-4118-856c-0803d2cff8132I1|{cweeN\"50x3`96mB|Yk>.','dd102998-b733-4489-82f2-9cc5bf9d336d','0669f9b3-5b54-44fe-9ac9-9f4c70eb2d11',1,0,'2023-08-27 14:04:51.423144','2024-02-27 14:04:51.423144'),('969476a6-172b-4727-b0ec-598917796dfe','0e10fa7a-924f-44e5-a1d3-97fa29c9fd133{,Pv=DAmN?noS7vLibh>|4\\`','dd102998-b733-4489-82f2-9cc5bf9d336d','47ed1365-b058-409d-b8be-adf26c74d054',1,0,'2023-08-18 07:28:51.277980','2024-02-18 07:28:51.277980'),('96b7388f-61cf-4e6b-a64e-b6ec225126f0','4f99ba67-5323-40e6-bcda-b08f5b6af478b@{9%c`#iW{&62ynCfc\':V;O]','12c10897-8f5f-4148-96b8-733c5be9be0e','790d3874-6958-4996-9e3e-2f43b1c5b679',1,0,'2023-05-11 09:26:50.729343','2023-11-11 09:26:50.729343'),('96d6240d-8897-478a-8b12-9f9f5e2b2280','4b0b0a04-142d-4bb9-a9a4-d93d8bb3c508X/PKS5SpLgl0><=HVbn\"{n@0g','12c10897-8f5f-4148-96b8-733c5be9be0e','de2e2e6c-aad4-428d-94d6-7138ec2d16bb',1,0,'2023-06-23 09:20:56.840804','2023-12-23 09:20:56.840843'),('96d931ec-a7d8-4f08-bb18-b0a62541d6c1','3fa38fc4-5ce4-4a56-bae9-6d27108dbbec2g(b@VnO`aK3CaNpOmr&\"Ufzx','12c10897-8f5f-4148-96b8-733c5be9be0e','5ef289f2-2b79-4452-a894-165547826c29',1,0,'2023-03-26 12:24:10.159167','2023-09-26 12:24:10.159196'),('96e64910-c584-4b40-94ab-37fe64520fc0','3e7c49a6-44e9-4008-adb9-bdc93f332606sGZ`hjx_?|vKmv&rM8u:dG+rC','12c10897-8f5f-4148-96b8-733c5be9be0e','f2fc3d36-e4ea-4644-87a5-77a298ddd19e',1,0,'2023-06-25 03:26:28.449314','2023-12-25 03:26:28.449335'),('97251623-ce9a-4e9e-b550-9384b183acf0','04b07a71-b06c-4480-b877-fc6d81bc411aXlnr!DE-MS/|NDjvKmU;Pt[9:','dd102998-b733-4489-82f2-9cc5bf9d336d','43a7aca2-356b-4969-a3b4-9df944f43543',1,0,'2023-08-08 00:36:12.407352','2024-02-08 00:36:12.407352'),('972fa313-410c-4375-a694-5701eafe715c','1cb747cc-b52f-43e2-bd1e-5f52d3f37860r\'cqE;]emID;AvwpX\\\\ULJhcf','12c10897-8f5f-4148-96b8-733c5be9be0e','65638d0a-7273-4b00-b3b2-a374a06f4512',1,0,'2023-07-19 14:30:38.775208','2024-01-19 14:30:38.775208'),('97449083-1a99-4174-ab0d-c1cf7f412b5e','ac82227f-5ae6-49ca-8bc6-768eab04667bl7%!$V\"k&C)`62AE%0coDyo:-','12c10897-8f5f-4148-96b8-733c5be9be0e','0258b801-3666-4de6-8c05-3682ba728097',1,0,'2023-06-08 09:40:50.292590','2023-12-08 09:40:50.292590'),('974e6802-f657-423a-8677-7ea97e46a1e3','fd0edf66-7865-4e09-9923-27db5cf2adfa:x%4@0|\'+}Y66yp61f!.,i5<.','dd102998-b733-4489-82f2-9cc5bf9d336d','565c2f15-6119-47a0-b513-ab0d072c1aaf',1,0,'2023-08-27 12:20:05.322739','2024-02-27 12:20:05.322739'),('978babef-33cd-46ee-85bb-822f6eefcd5a','bc1d84bd-9b26-4ffc-b5f0-49379312d357?cuFmUNZ5`Em}whm1Hp^B{>-E','12c10897-8f5f-4148-96b8-733c5be9be0e','1ece67cf-2375-425c-8621-a539a61c9410',1,0,'2023-07-13 00:38:15.550688','2024-01-13 00:38:15.550688'),('978f106a-8a3f-482d-a7b5-3760d3eb40c4','31ce653a-6c54-4e91-b09e-407e030b4992`*b?N|H1EP;UV@j2fyD366\\6t','dd102998-b733-4489-82f2-9cc5bf9d336d','1e3cc764-e3a7-4c80-8a85-9df67b7dfc50',1,0,'2023-08-25 09:19:40.525956','2024-02-25 09:19:40.525956'),('979dc6e6-2ca7-4326-8630-c97b7b556dc6','27ac5f7e-2f15-4faa-9845-11084bf9036a;d>1ylQ2.\\O*srwT9gODEHh_(','dd102998-b733-4489-82f2-9cc5bf9d336d','1ddf214f-1229-4279-af78-22ddd246a639',0,0,'2023-08-23 04:31:46.381133','2024-02-23 04:31:46.381133'),('97acc606-b3f3-4ddf-badf-7a0df40011fd','6efa0951-2a32-4146-bc44-26daa31ca431T4WG`VNr<@a=:A2c0[\\o8X]%`','12c10897-8f5f-4148-96b8-733c5be9be0e','c0c354d5-c86b-42eb-88a8-b9a13a3f3255',1,0,'2023-06-23 14:30:55.943699','2023-12-23 14:30:55.943700'),('97d4e291-37e3-4415-9853-0cfa8bd771d0','1f7372e9-b564-4e9b-b41c-33cb574bff4bni>08\\Tb[\'+XglJqteY/.6veu','12c10897-8f5f-4148-96b8-733c5be9be0e','93f34825-fe1c-4650-8ad0-b0c1fa9bdd6e',1,0,'2023-07-06 10:16:17.844489','2024-01-06 10:16:17.844489'),('97f4847c-0a99-4832-a41e-152b6e927523','42757c34-fb6b-482a-8fdb-ac3158adb39d@th]r}-u^{jl}H$N6U&Gi(#XV','dd102998-b733-4489-82f2-9cc5bf9d336d','5c42347c-232c-4223-ad9e-01bc55cf6a10',1,0,'2023-08-01 09:06:16.151198','2024-02-01 09:06:16.151199'),('9858504f-b107-4064-b120-41f8626fe6e8','ed9dc87e-b34e-493a-8b26-046adb001109*F;0QPNnlV=+)D#nZXuQ8\'kJE','12c10897-8f5f-4148-96b8-733c5be9be0e','79defe75-dc9d-46ca-94e3-5e38cfbc86c0',1,0,'2023-04-21 04:08:59.964161','2023-10-21 04:08:59.964161'),('985b757f-c689-42c7-a476-7625bb00fd60','32b8ad62-b971-4a9e-b6ac-3a3caf1106e0W8d]5nTx:Iz&bw@k<!.\"$?8bk','dd102998-b733-4489-82f2-9cc5bf9d336d','fe5e1c69-d700-455f-b037-8d3fc921523b',1,0,'2023-08-18 09:22:29.785814','2024-02-18 09:22:29.785814'),('9889b47b-9077-4d56-8328-2e7c5eb90bfb','b6e7c8a5-c755-400a-8bfd-a02b878cb5b0}:3Zisnp?m,3dV)/&fEj\'/9Tv','dd102998-b733-4489-82f2-9cc5bf9d336d','f9f01a60-5895-4a6c-b896-3c4b853f7837',1,0,'2023-08-23 06:01:58.441498','2024-02-23 06:01:58.441498'),('98ac5b33-c7d6-45c5-92cc-0dd973daa86c','c97b6367-02f1-4640-9e7a-e0fce062d733{`!I+.CL*,:`x,pe14c&0xFLe','12c10897-8f5f-4148-96b8-733c5be9be0e','2fb90681-1c91-48c7-98cd-e4cfaff44299',1,0,'2023-07-05 08:48:05.602835','2024-01-05 08:48:05.602835'),('98b0498b-40d9-4da5-a664-464d95f60a28','4c61da94-65bc-406b-b7aa-1cd856cfaa56\"]&B;n?&b\'AU<9`G!FaNN,$}A','12c10897-8f5f-4148-96b8-733c5be9be0e','f9fb6374-7306-4206-8adb-a2ff16c78817',1,0,'2023-04-23 14:46:50.344121','2023-10-23 14:46:50.344121'),('99342682-0177-4160-9745-02bda486fae8','1402b732-1184-4fe8-8cb1-fb0fbe11c467[NpQQ7$)JSfywk7qr=4\\EaV{P','12c10897-8f5f-4148-96b8-733c5be9be0e','82b13e7a-95ef-402b-913a-3bd0ecc0c826',0,0,'2023-08-01 00:25:38.046856','2024-02-01 00:25:38.046856'),('9972347a-2189-4057-a63c-6f49fd380708','1f8c34d6-5a27-4765-98f1-f1fadcc1823cN|5mV\\af.<TbX?84%\'Et1f}WK','dd102998-b733-4489-82f2-9cc5bf9d336d','99a0199e-2059-4d38-b80b-b7d778d29f65',1,0,'2023-08-22 01:53:39.437336','2024-02-22 01:53:39.437336'),('999c403f-8e7f-4e54-a5fc-85920fcbf939','f8411aa4-0230-493a-bdc1-5ca8b5960eecq#BSX;S&Y7D0]]^L,ZvZ9XWkZ','12c10897-8f5f-4148-96b8-733c5be9be0e','25c93131-ff23-4b4f-866e-b48c7a8cc2a2',1,0,'2023-05-10 09:13:22.273033','2023-11-10 09:13:22.273033'),('99b75932-3ffa-4d01-b063-b7f5dffb0395','f30bb047-eb76-4ca6-a1e5-dbbbd30b0864;/5MWMF*HCtm]cSGv}\\R%T>5U','12c10897-8f5f-4148-96b8-733c5be9be0e','a8bab13e-9bf3-4df4-86e9-461ffcd87973',1,0,'2023-07-03 14:53:49.646067','2024-01-03 14:53:49.646067'),('9a312600-7aa9-42e1-a2f3-4d7050f4a487','6579ade3-6091-41b0-8fa9-ebdca00286f6#7`26jVEs&HDE<:.$Ha:=-bxg','dd102998-b733-4489-82f2-9cc5bf9d336d','ec75bc68-c0aa-464f-9e7c-d1cfa4264329',1,0,'2023-08-22 02:43:47.410957','2024-02-22 02:43:47.410957'),('9a4594e0-adea-4249-8d31-89cdc68b4836','92e92dcf-0118-4863-a6d4-08fb60d4af51hjQY>I^[^7^q,p#z)-dF\"F??q','dd102998-b733-4489-82f2-9cc5bf9d336d','ddde617e-1f6d-4ebb-b265-6ff230c70a2d',0,0,'2023-08-06 06:37:22.835377','2024-02-06 06:37:22.835412'),('9a4b6ba7-ca8c-4e91-939c-3c0c0fbd71f5','ef0d2dab-e757-4e3f-a0d1-29ad517f12a89Sr*7+GNCyDe{\'`e+?y{n{r(.','dd102998-b733-4489-82f2-9cc5bf9d336d','067ec595-46c5-4b0d-96e3-51dd95886a95',1,0,'2023-08-19 07:16:46.911907','2024-02-19 07:16:46.911908'),('9ae50b1d-945a-4a79-99d3-3063d1946cc9','d19e6ea0-769e-4fd7-b96e-7825fb13d04dAC]@5,Rx*;vHW\'q$STY%BZj.<','12c10897-8f5f-4148-96b8-733c5be9be0e','425c73f0-bed8-4b24-a353-90f46cbc5c20',1,0,'2023-05-12 04:10:54.320036','2023-11-12 04:10:54.320148'),('9b07ef03-9a75-46a4-8d00-4140c69a0a4d','e9a45d87-0fec-40f6-b60e-7bf194b4e4eb8%`Gk5\"R<m0RQfoGq`ZqgF]+z','dd102998-b733-4489-82f2-9cc5bf9d336d','4d0717b8-2ebe-465d-b698-9d260503069b',1,0,'2023-08-23 07:32:13.277995','2024-02-23 07:32:13.277995'),('9b451127-0695-4c08-9cf1-f23610f5d698','7fe1d60a-333e-458c-b473-1e65b8396e92%L@;o%*g`GZ\'GW_^qZeuYn9r]','dd102998-b733-4489-82f2-9cc5bf9d336d','23d2f14d-84f2-4063-abb1-1b3a7086cf06',1,0,'2023-08-19 02:52:02.322636','2024-02-19 02:52:02.322636'),('9b9ab19f-c8a7-400a-8f0a-b9aa87d4625e','67631fef-4765-470b-9fbd-0a16b5cc9254n_f:Jr0D/.|pZ<{#QhBgg+i@.','dd102998-b733-4489-82f2-9cc5bf9d336d','29ff6585-9058-4652-b536-101a8f9b5ecf',1,0,'2023-08-01 09:20:49.985192','2024-02-01 09:20:49.985192'),('9ba1bf2b-5cdf-4837-88a2-98d06d7cfc5b','b217e521-6020-4455-8224-181c30fc61a6W\"q9>D$\'!jzkFH/%$[)P*y#r&','12c10897-8f5f-4148-96b8-733c5be9be0e','b2d8bdc1-40da-4a36-9259-a42fbfb5b60f',1,0,'2023-06-18 04:49:44.755176','2023-12-18 04:49:44.755353'),('9ba1d4e4-8433-43eb-b6be-e64d4f190275','b4509a87-5ec8-40a9-9a9a-61eb319057e7t`bbFqs]!E?@[28Yqqa\"J.z_(','dd102998-b733-4489-82f2-9cc5bf9d336d','56f46959-7bd9-4139-893c-66d60a9597a9',1,0,'2023-08-23 07:43:32.466345','2024-02-23 07:43:32.466345'),('9bdfccfc-0bc5-4f7b-b9b0-53b9fb8553c7','c5f266d3-702a-4ab7-8afb-350a84bbddaap8wQ^W-1Rg.Sb%X72Pf2cCp?H','dd102998-b733-4489-82f2-9cc5bf9d336d','0e87b27e-ab65-4a63-8529-5eb014ea5d96',1,0,'2023-08-13 04:29:07.797387','2024-02-13 04:29:07.797387'),('9beac69a-d169-4c7c-b947-20fe4ad26470','ec56a0f0-53ae-4fde-b8aa-c64e209d6fdad%a/eq!elL@=(y]RSmCt1|Maa','dd102998-b733-4489-82f2-9cc5bf9d336d','1e72f900-aea4-4589-9967-b01c257f7250',1,0,'2023-08-22 03:34:03.018792','2024-02-22 03:34:03.018792'),('9c20ba11-005c-40e4-99c4-fb2690876e91','82d9cb29-4266-45b1-9702-81e8643d7484!fDHL#R,Ro$rIS9G^0K,>08{O','12c10897-8f5f-4148-96b8-733c5be9be0e','27c93703-beaa-43be-8f69-93e5bc22aee2',1,0,'2023-05-11 08:28:29.060114','2023-11-11 08:28:29.060114'),('9c3c109e-4bc7-4037-b41d-ebc111a3e734','f20a8ed1-122e-405b-a9c1-73efb5860b28RKU7r<k.js&ge5`Z\"uYX?;(M/','12c10897-8f5f-4148-96b8-733c5be9be0e','9794a13a-198c-4933-9023-8c45acbfd86b',1,0,'2023-07-19 10:06:27.492695','2024-01-19 10:06:27.492695'),('9c4359cd-3c62-49dd-8a03-96cf4a40987a','d4683526-fc5e-4642-bc90-423c41ba0b07Mak$\']sjhbrJs+-AYE*IC^1,A','dd102998-b733-4489-82f2-9cc5bf9d336d','c19343bd-ca04-40b8-bb32-088f381bc7ae',1,0,'2023-08-26 23:05:24.640532','2024-02-26 23:05:24.640532'),('9c5e6bbd-a0b3-483a-b223-918d72425f29','e7c3f0b3-92c7-47bf-96a0-0bdea0f1065c)c1:A*nXF?MQpf@,!&zY&b+W\'','12c10897-8f5f-4148-96b8-733c5be9be0e','08c80bda-0349-46d0-8412-6ac92c503d68',1,0,'2023-03-28 01:53:49.022749','2023-09-28 01:53:49.022749'),('9cf5735b-e91a-40a8-a84b-9dbad7f87ef1','1f49fc24-9bc1-42d9-b80e-dd11199453dcI{!e$tK`Yp^_ZS8DkIxMx6{s?','dd102998-b733-4489-82f2-9cc5bf9d336d','32d186f0-6ba8-408b-803c-0bda75188b0d',1,0,'2023-08-18 05:52:54.823648','2024-02-18 05:52:54.823648'),('9d6ca33b-7a9d-4222-85ee-7031d4596dda','28a131a8-c3fc-464e-815b-99d6d97a29ddQWKAle1\\k=2\'H`y}FObL#7a6x','12c10897-8f5f-4148-96b8-733c5be9be0e','8ff2c87e-ae43-4bef-8e42-e07713a42dfc',1,0,'2023-05-07 10:25:16.012025','2023-11-07 10:25:16.012025'),('9dbb82d0-e20c-41af-a02a-b5147a7ac58d','51a42b57-e569-4afc-9a5b-80ae1c07ac59{hdAXb=E,#\'6EQ8Lq}C0zfuJD','12c10897-8f5f-4148-96b8-733c5be9be0e','b4f25c15-664f-4238-b47f-af32bb335657',1,0,'2023-06-06 23:52:45.205244','2023-12-06 23:52:45.205272'),('9de78827-56aa-46a5-b526-9e89bbdbdac7','ebb48d00-e5dd-48e4-9a06-2c8a0afde1669i.LYx_}C+8ik*Esa|5=B;[Vy','12c10897-8f5f-4148-96b8-733c5be9be0e','d3cbc2f1-b4d0-4d3c-b61f-9960ffd66e49',1,0,'2023-03-28 05:36:47.956109','2023-09-28 05:36:47.956109'),('9e17646d-696c-4188-919d-55171588d28d','3a43a535-17d4-42ca-8c8c-c87f3eaaa999\'{/^5U<T%ZZF!#O4`gnW<\\H:g','12c10897-8f5f-4148-96b8-733c5be9be0e','54804dcc-63dd-4cbd-a40f-fccd10ad9c66',1,0,'2023-05-10 06:55:34.239271','2023-11-10 06:55:34.239271'),('9ebea0fc-acdf-4e2a-8c4a-f697e4c6b187','cbffc131-779b-47c2-8763-7c7a9643de48j1#p,j8+q>w*I:Aoq(=.,zV\\^','dd102998-b733-4489-82f2-9cc5bf9d336d','28d8feab-48b8-42a5-90b6-731c7472f79e',1,0,'2023-08-13 03:50:54.525935','2024-02-13 03:50:54.525935'),('9ed942bb-4d21-478a-9e8b-f257d07dda65','241fcda7-d16a-487e-ba61-472033312a04<rM4]=2b8Hn#ECUP2zl4A]ut#','12c10897-8f5f-4148-96b8-733c5be9be0e','599347b4-fd8f-414c-b563-669a21790647',1,0,'2023-07-12 07:27:25.073032','2024-01-12 07:27:25.073032'),('9f1908e2-4744-44b7-b43e-a716c2380b84','89c7c1f6-3680-4a9a-88ed-2da63635dcaci[zm\"T{c!0IQzImWV`&xhR37M','12c10897-8f5f-4148-96b8-733c5be9be0e','0cd653bf-59ae-42fd-9c76-5dce83c32fcd',1,0,'2023-04-17 09:15:28.848458','2023-10-17 09:15:28.848480'),('9f469bdf-9a98-4783-8ac2-036f0d0181b0','2abb7e8a-5751-4429-aad4-cf5a95a8789bB6ffOr+WJiRmIr?<booJ\"x*>7','dd102998-b733-4489-82f2-9cc5bf9d336d','2cb4f5f7-8b8d-46d5-a4b9-aae3f78a240c',0,0,'2023-08-28 01:02:01.097514','2024-02-28 01:02:01.097514'),('9fe8c812-1575-439e-9710-1b273ed492c0','604399ee-5b5f-4ebd-addb-1599010fe525Y*=.pK*iuzEC5OpJNm_r*($%U','dd102998-b733-4489-82f2-9cc5bf9d336d','b36331e6-cc14-4199-aaf3-393657872a84',1,0,'2023-08-13 17:31:03.428558','2024-02-13 17:31:03.428558'),('a05688ab-1994-46d1-84ef-116c70b60590','645907af-6252-4f4c-a9e8-5b46149354c5qempc}(&G8`b\\w{ysA3+eWW5;','12c10897-8f5f-4148-96b8-733c5be9be0e','bedc42e2-49c4-4d1c-be53-daac1488e7b4',1,0,'2023-06-16 22:18:59.158252','2023-12-16 22:18:59.158429'),('a065953f-1703-4e73-bd13-37c5e922843a','975e9a8a-058c-4296-9e54-08a8709254880qFJgbX3S(sFWOlY^d}\\_,5wR','dd102998-b733-4489-82f2-9cc5bf9d336d','5e1d2655-6eaf-4444-89d5-20d025bab7d7',1,0,'2023-08-25 11:58:37.753907','2024-02-25 11:58:37.753907'),('a0ec49af-0993-4ee5-bc2d-b75f42a3719f','6abdc964-8986-4c79-bcdb-d0010db8303aQ=X8pLk-KT*Y>)dD=pb>rin@-','12c10897-8f5f-4148-96b8-733c5be9be0e','7166342b-8714-4d40-b8a0-805d8785d9eb',0,0,'2023-03-17 04:11:31.836153','2023-03-17 04:21:31.836153'),('a0fae690-74ae-46f4-9d50-f5ddaec44e86','b22f64f2-b0ed-43e2-b1de-bce8a3423c87aocda`e]\'Ogm\'8A.FTacbQ,v)','dd102998-b733-4489-82f2-9cc5bf9d336d','27b6b796-7254-4aab-916e-342acaaf4fda',1,0,'2023-08-25 01:30:30.804918','2024-02-25 01:30:30.804918'),('a11e5b60-a54d-4884-81e7-2d633c110c28','952785fc-2e11-430a-b856-d5205fa040cb|TAql6\'\'#Q]`oMYa:6F1D:BPv','12c10897-8f5f-4148-96b8-733c5be9be0e','dca69f3b-9573-4ecb-9534-55b4520d1d26',1,0,'2023-06-08 09:01:19.353454','2023-12-08 09:01:19.353475'),('a16271ef-4aac-416d-8046-90621e858b88','7c4a8223-42db-4626-b777-222cde477ece]z\'.nhtcdCr\";_wJQ*bvzsHFf','dd102998-b733-4489-82f2-9cc5bf9d336d','cea44b8f-47d6-407d-812d-13e8e2d2af1f',1,0,'2023-08-28 03:44:33.126351','2024-02-28 03:44:33.126351'),('a17d1216-d11a-4864-9586-35248f55f780','8ec53719-ba88-4120-9c4f-74de479eb268_^q+kM6vS3%cI<){,!82wrR(Q','dd102998-b733-4489-82f2-9cc5bf9d336d','b0233f98-196e-4f08-87ab-56ff77f41ffe',1,0,'2023-08-19 04:04:38.690649','2024-02-19 04:04:38.690649'),('a1dd1a76-d525-4224-b724-f5a657adbd12','73bbffbe-2fa3-4e1f-9325-ff51c80b93702Xbru(A`a?6Q?xx*2(2!*@0\"w','12c10897-8f5f-4148-96b8-733c5be9be0e','c1cbd2e9-53c6-4b6c-9831-1a9a9ae4f1c1',1,0,'2023-05-10 10:06:04.955632','2023-11-10 10:06:04.955632'),('a1e61888-b330-4183-b9d9-1462576f657f','49d6f5d9-e91d-4639-9163-a6f7baab5ce0]PSK%0c3TlS7T!Mi9bafLe0wX','12c10897-8f5f-4148-96b8-733c5be9be0e','bef9ae13-cfd9-4da6-9b06-8e875c968751',1,0,'2023-06-13 23:38:44.865596','2023-12-13 23:38:44.865617'),('a1f918a7-b5da-4b6b-9db5-74218d2627bc','4499b1ab-c3f0-4c48-bbb7-3f9a67c71f30SVq?^H;-)=|ge,zq\\mt6Oj[Z(','12c10897-8f5f-4148-96b8-733c5be9be0e','3dc8f021-9aaa-4816-b414-4315fdcfb7d5',0,0,'2023-03-26 02:44:52.810587','2023-09-26 02:44:52.810617'),('a2a99656-dbab-4a39-a9fa-8a537297311e','b870f095-ea3a-406e-ad6c-ac0bbe957088RYGsqX(;,D02%5-AL@\\zcvD?^','12c10897-8f5f-4148-96b8-733c5be9be0e','8de13bd4-0da0-4295-a571-7d647a02e15a',1,0,'2023-06-23 07:27:13.091938','2023-12-23 07:27:13.091938'),('a2c4115a-86fb-4d29-a7e6-5c5a2d880b8d','0f84f6c1-7194-49cf-a5b4-b15d46233a31nhN.36fk]KJsR/UG\'wgdK>wU*','12c10897-8f5f-4148-96b8-733c5be9be0e','15e43cab-c9f0-4ecc-a6f8-55d250ef46c4',0,1,'2023-07-30 15:10:52.787787','2024-01-30 15:10:52.787787'),('a2ca90ee-5baf-4fba-9125-e0a3b95c4f8c','196236e7-fae6-4d1b-b30c-821540e5ea5cTg]p]pH(d,P&WS;r.=$C(2(>M','12c10897-8f5f-4148-96b8-733c5be9be0e','118b6ba6-3556-4007-9107-83ee13c3f54d',1,0,'2023-05-09 01:01:21.646272','2023-11-09 01:01:21.646272'),('a2d71ca1-f475-449a-8c04-b8406aebe1fd','f0f04b6c-f1a5-43c4-8471-7c129070aae4QRd}f7/M@5S;jIKTe_g52(X;\'','dd102998-b733-4489-82f2-9cc5bf9d336d','d547738a-15ae-400d-b828-d957a5e8a10e',0,0,'2023-08-23 07:01:09.786200','2024-02-23 07:01:09.786200'),('a2d80257-4d4b-4763-9862-2a434043399e','225298a8-6fe0-4742-a30b-beb1a6549e73<,;3lFR8Q`pXdZ7^\"gyHJ[aq5','dd102998-b733-4489-82f2-9cc5bf9d336d','afcfa0bd-567f-42b6-b932-5f367022ffbb',1,0,'2023-08-27 03:46:59.858701','2024-02-27 03:46:59.858701'),('a31cd9fb-fab3-4354-b2b1-4f6240056355','a855fa97-619e-4b02-859d-f8a86a8f3a79uXxE+2n:l._nnT$!RjoozKr)0','12c10897-8f5f-4148-96b8-733c5be9be0e','023205b0-1c7d-4bf3-93e2-0bf1a93db9a2',1,0,'2023-07-05 08:55:43.157040','2024-01-05 08:55:43.157040'),('a326b807-4633-4d26-8a42-73c9cff0d27c','b69ca63a-8c5a-4a7c-855c-6936cc2bd90c<-@Iad-\\v@aOZ#4ATF\'3c14pD','12c10897-8f5f-4148-96b8-733c5be9be0e','b97f2481-5927-41b1-8888-e9a56fe05ab7',1,0,'2023-05-10 09:07:22.667404','2023-11-10 09:07:22.667404'),('a33928e3-c474-4853-ad1e-0022f35fe844','7e9b9a87-e1b9-4947-b449-304daee8355dKje&;myM-.-G(.[+4i}!8!<Un','12c10897-8f5f-4148-96b8-733c5be9be0e','eb5a6a4d-828b-4965-a6f1-aa06f020b13e',1,0,'2023-04-06 14:20:42.132306','2023-10-06 14:20:42.132326'),('a55af819-83f4-4077-80e6-4a9f841896d0','f083596c-bef9-4dac-ba63-aa30761d5a2cD67YU55oLx&\"HN}F0*6YG\\:<L','12c10897-8f5f-4148-96b8-733c5be9be0e','50096513-750e-4f74-995d-ecc87f71f16e',1,0,'2023-03-22 14:20:20.565952','2023-09-22 14:20:20.565973'),('a577bda0-82f5-492b-9abc-7f8bf36f4bb8','91cfd101-e662-4d8d-a298-2f3f43d1d7c4=X++o=H$idepdKH(S0E6\\;y9K','12c10897-8f5f-4148-96b8-733c5be9be0e','3d46df60-efcc-4809-9798-bdb1c6bbda5e',1,0,'2023-07-05 07:34:07.179660','2024-01-05 07:34:07.179682'),('a5972cbf-4a6e-44be-87fd-8902a993efbe','1158d1a0-bb9d-45bf-826a-9db455f88484o6E?a6f4b[A\\U#r:T1+\'g[)hL','dd102998-b733-4489-82f2-9cc5bf9d336d','e685c612-5157-4c31-bdf6-07d4c2745481',1,0,'2023-08-25 12:31:49.542902','2024-02-25 12:31:49.542902'),('a5c6b3ff-6925-44da-94dd-37c2404148f8','ccff710b-687b-45c7-a539-ea8140b084b4\\<Jc+&Y?&+H38Y7/(`b@b@Y7<','dd102998-b733-4489-82f2-9cc5bf9d336d','3e83e7d6-7a78-4494-a30e-d46213c5dc87',1,0,'2023-08-18 03:18:52.767502','2024-02-18 03:18:52.767502'),('a5d5fd35-eb1b-45a3-887c-0d029b64938a','c9cfdf0c-53a4-433a-a40a-bf88209c290fqVMj^4D+HO#\'}5lM;>/&[w*-;','12c10897-8f5f-4148-96b8-733c5be9be0e','bd1198b0-97e8-422b-a67a-562aee0e3d8e',0,0,'2023-03-16 09:20:44.374423','2023-03-16 09:30:44.374423'),('a61eaee6-7c7e-49b9-b8ca-07c96bba60a2','1b6d8a27-f73e-40a4-8490-4e457882e271[,DwUGfsJQl@$oIagyE;U8Jf,','12c10897-8f5f-4148-96b8-733c5be9be0e','884d420e-6b6a-4da6-99ad-ad56bc33beb9',1,0,'2023-07-02 07:41:55.248910','2024-01-02 07:41:55.248910'),('a65c4a0e-784e-4e11-bc34-06e4a202cd54','b24155cd-097d-4e7a-a6a8-6857a148c16cOl=N`.DG7\'a,gXP*bVm+3wLTZ','dd102998-b733-4489-82f2-9cc5bf9d336d','365baab2-fb6b-4ba3-a6d8-563d997f348b',1,0,'2023-08-25 12:25:48.037668','2024-02-25 12:25:48.037668'),('a697dd09-90a8-4e41-8bf8-c4dab39d2f4e','f7adecc4-e582-4494-a9e3-808b1d7e158eNOn$8k00,EJ?.gIhz3C`RMm)a','12c10897-8f5f-4148-96b8-733c5be9be0e','76c1f5c4-0de1-485d-b390-4ff613e68287',1,0,'2023-04-06 14:37:56.628945','2023-10-06 14:37:56.628945'),('a6f54ed8-1b45-4fda-8f17-03f4718ea8d1','c8a4095f-e7dd-47f9-9c9d-e3e12cf9a161%2,,\"K|;pO:ACMr;N>ieC45<0','dd102998-b733-4489-82f2-9cc5bf9d336d','00599b90-3953-4b88-a1ec-f341aaf6ebe9',1,0,'2023-08-18 07:23:14.289996','2024-02-18 07:23:14.289996'),('a708affc-d85d-477a-8f78-f396e6ede9df','d8a9e8bd-56a3-4b3e-99c0-4548359d2b04t[_1=QpXn29.V&y|=YCfN^Vo|','dd102998-b733-4489-82f2-9cc5bf9d336d','490deaea-fc91-4185-bc79-ae5f3b794d8a',1,0,'2023-08-16 09:44:57.808207','2024-02-16 09:44:57.808207'),('a76d8215-109e-477d-968b-22e172ce92a2','d11f93c1-d536-407f-88b0-52b3c024df90cLLX1z\'R\'\"+s2(G#hok+@+)*x','dd102998-b733-4489-82f2-9cc5bf9d336d','d0b5125f-b377-4a68-86f6-6dcbdd3a83a1',0,0,'2023-08-25 10:27:25.677050','2024-02-25 10:27:25.677050'),('a798aab1-e24c-4914-8b09-f781bab7bed1','998d211c-5fb8-421b-ae24-b46bee79d6e3-i7|\\)K[(kT#IpHzkE=`hU$kx','12c10897-8f5f-4148-96b8-733c5be9be0e','d198d59d-faa2-4027-8f6c-57a351501190',1,0,'2023-06-23 09:06:51.653623','2023-12-23 09:06:51.653623'),('a7b236d0-f79b-433e-a67c-dcea76311126','6f5d064f-c24f-4436-820b-11611c909061cFei^PD?OEi19s%4tU0F[q<2G','12c10897-8f5f-4148-96b8-733c5be9be0e','dec8e0c3-8cf4-4873-9db6-a9673eae40cb',1,0,'2023-05-11 06:48:48.741270','2023-11-11 06:48:48.741270'),('a7c48b3a-7258-40b4-80ee-3fff07929005','340ca857-9c82-4bcd-8e9f-204fc52f3fd6r%RK+zG6IR:+i93J:Cb<II\"K,','dd102998-b733-4489-82f2-9cc5bf9d336d','d53da853-d991-4068-ad2c-cba9598523dc',1,0,'2023-08-19 03:23:48.702724','2024-02-19 03:23:48.702724'),('a7cdf550-860b-455f-8ad0-aa5f380b2a6a','fdb71979-e8f3-4034-91aa-3ebc296581a3Il^232w/g[vIH=MU%1`|(oHC-','dd102998-b733-4489-82f2-9cc5bf9d336d','26a3c5d7-09e1-4960-ae8e-e53f99511a2c',1,0,'2023-08-06 07:52:12.280387','2024-02-06 07:52:12.280387'),('a8031881-d6d2-4b31-b13d-511259f89787','f1b11248-e5fd-467c-9482-271cc3666e11\\\\w4YAouunH+5d*EW7b;rR4pF','12c10897-8f5f-4148-96b8-733c5be9be0e','14554e47-0ef9-4c48-83c5-76bcba3118b6',1,0,'2023-07-19 12:58:40.572332','2024-01-19 12:58:40.572332'),('a8390a47-8e8a-4d44-9b81-6c00fdd822da','1bc7a0dc-0a5b-4158-81bc-7cff09f91cd2=pyld;w1OzV`+Q?&tg:W;*\'/.','dd102998-b733-4489-82f2-9cc5bf9d336d','d2b87282-5597-49a3-ba76-2fafab518d51',0,0,'2023-08-23 04:41:16.864028','2024-02-23 04:41:16.864028'),('a83a6181-35b5-426e-905c-639ca11f28af','eb8ffdab-eeeb-49fe-90a0-ce2d35607493*vf7?\"@M)$X4N*h?mk!%T;I!m','12c10897-8f5f-4148-96b8-733c5be9be0e','b15af02f-8b60-4176-8d0c-1d815cf8b1ff',1,0,'2023-06-23 15:18:47.053255','2023-12-23 15:18:47.053255'),('a8ff0acd-420e-4b9c-ba8c-e736630b9b33','188e2f5b-bef8-4541-9ec1-223d4f489507L\"Htyc?Gmh-rh+76S\'`&pVSId','dd102998-b733-4489-82f2-9cc5bf9d336d','5d72079b-e96d-49ac-805f-3a56ca95ddd9',1,0,'2023-08-20 08:25:18.937397','2024-02-20 08:25:18.937397'),('a9137184-24ff-478c-8ce4-bd5c726c8e63','70fd14ee-0faa-49bb-8be6-f99ccb721fb4|ah=cq;m+Lq0;/FAv\"b#:F#;W','dd102998-b733-4489-82f2-9cc5bf9d336d','e1c9ed76-c1de-4634-a45d-223dcc153809',1,0,'2023-08-17 10:23:25.791201','2024-02-17 10:23:25.791201'),('a92dfa17-de53-4abc-873e-5cc46c2b1642','3503f359-077d-4bf0-a116-19d4e51a3026+@j`^\'ho:j(=;?tgvSD$N4P%&','12c10897-8f5f-4148-96b8-733c5be9be0e','bcf3c2a4-3e9f-48b6-a492-71b2d70680e4',1,0,'2023-06-08 09:11:55.667987','2023-12-08 09:11:55.668010'),('a9a23369-8c34-4fc7-8250-93177ddcf2be','e31ab88e-8b32-43de-9408-14b1d116d5a6q-.!oF9m@QaS:]8}q`BTzJXA-','12c10897-8f5f-4148-96b8-733c5be9be0e','c9f988be-cd66-4d87-8cf4-f5bba37591c1',1,0,'2023-06-08 01:52:09.355343','2023-12-08 01:52:09.355363'),('a9a6c4f5-754f-4094-81d8-1b7ee3ac686e','5b23f989-25b1-487a-9e34-2493f58b7e02d+>ql{!?.nKgDTX:h*X2PpG3g','12c10897-8f5f-4148-96b8-733c5be9be0e','0de47a7b-5499-4315-9ea9-22a3043340bf',1,0,'2023-05-12 01:54:54.779007','2023-11-12 01:54:54.779007'),('a9bc8880-5edf-487e-bca5-0739888ebe54','ac7b8d20-a580-4c90-a6cf-72baa6ccba161.Q#4gXfh_&L4\\*S=},7GAZ(&','12c10897-8f5f-4148-96b8-733c5be9be0e','604b16b1-638f-4bf3-b697-75d5d935b218',1,0,'2023-06-08 09:33:34.475341','2023-12-08 09:33:34.475341'),('a9e77a95-e42b-41ab-8e5d-c98d1a600bd7','fbb63892-66a7-4e09-81f6-899e0f2c9f69k[5{IN+`@HgMYue44x9<I9v6|','dd102998-b733-4489-82f2-9cc5bf9d336d','736c79d4-d803-4598-b0cb-026b6c48fa65',1,0,'2023-08-16 06:19:03.417328','2024-02-16 06:19:03.417329'),('a9ef1612-c537-4abf-8fc6-30b2d6b7098b','8e55adfa-4701-46b2-928b-fbf0e7161dadK{4c3`jb(FJ#!97RA|iZIpj@y','dd102998-b733-4489-82f2-9cc5bf9d336d','8b94cf0f-79f7-4635-b8e1-ca2717532cb4',1,0,'2023-08-21 05:22:50.590492','2024-02-21 05:22:50.590492'),('a9f4e256-86fa-465b-a1f6-bc0dd8bc3a19','f2fedc08-8e41-4784-8418-c48bf2ce0694XE2kjJh|,E;_O)tB\'Njopy{\'\"','dd102998-b733-4489-82f2-9cc5bf9d336d','d6626ce4-0433-4112-952d-eda6d302a8db',1,0,'2023-08-29 01:29:35.540178','2024-02-29 01:29:35.540178'),('aa10d1e4-f8c7-474f-9538-0df6bd02a92b','7102ec97-f2e9-4937-a3ff-f1bafa25529dF>v(V&e+)T/OftZ3(_CVD]URE','dd102998-b733-4489-82f2-9cc5bf9d336d','ac27211c-5a05-4a74-9173-7f3894b33caf',1,0,'2023-08-06 08:02:51.400142','2024-02-06 08:02:51.400142'),('aa43b263-05e3-4923-ae28-361b8604cc0c','f6c673a3-e0f5-426a-b618-c1827fcec077r>Vv^=cTsf`&Ix)_[[i71jz,T','dd102998-b733-4489-82f2-9cc5bf9d336d','ae99f837-0d11-4a24-8d90-5525111776f6',1,0,'2023-08-25 01:59:07.231602','2024-02-25 01:59:07.231602'),('aa9c0a9e-7790-4571-b72e-4e2f7a38a04a','e97860a7-afea-487d-bf14-ec0e7c5f3aba=Z6#}Q+t=<9%\'8n}Nu;R->^WI','dd102998-b733-4489-82f2-9cc5bf9d336d','afae3f9b-2243-4842-9308-133c293ec3c6',1,0,'2023-08-27 11:15:16.158092','2024-02-27 11:15:16.158092'),('ab0aab37-2b23-4429-9ec0-d23f1eb4b0e0','ace710b5-0ccb-4acf-83d2-b0f79a608c1bFQe;nSBC/C@yf?Q9qr<3XxKj/','dd102998-b733-4489-82f2-9cc5bf9d336d','9faa61fe-086f-461f-a29d-4e4c330749da',1,0,'2023-08-09 14:16:41.771350','2024-02-09 14:16:41.771350'),('ab1913bb-d0ff-434a-9cb5-96cd05cc9072','e0bd0385-7642-4bf3-b808-325b138173f5a0E4D9fcdvS\",<dQ1FL\\Sc=B5','12c10897-8f5f-4148-96b8-733c5be9be0e','ea70c78a-f47d-42b3-923f-074a54224dbe',1,0,'2023-07-15 09:08:14.493003','2024-01-15 09:08:14.493003'),('ab196435-4f04-4ca4-a6eb-de937c4b5ead','f4e73064-e6e6-466e-8d61-80c85bc1281dC]zQa4q:})Z@=@JS.dM-n)M+s','dd102998-b733-4489-82f2-9cc5bf9d336d','ba929c58-4dbf-4a00-b54b-c6804245c065',1,0,'2023-08-16 04:34:56.504759','2024-02-16 04:34:56.504759'),('ab895255-bcf4-4c52-b4a0-45526f9056a6','84fdc3a5-3569-4b0d-b567-fffd6fc39f2dyB,-X.].EV$Ek<)!tl4ki:$9Q','12c10897-8f5f-4148-96b8-733c5be9be0e','fe3f4a66-c9db-4ebf-9628-6421ac0aed09',0,0,'2023-04-17 07:47:47.737782','2023-10-17 07:47:47.737782'),('aba80c13-74d4-48e0-8654-ffd9180cd48c','20032282-ea22-42ff-b512-11c4d2583a8f{%aEX/t#w?94U+O.eI@<>hi{B','12c10897-8f5f-4148-96b8-733c5be9be0e','1e875ebc-1393-4dad-9b27-4dff21211b1a',1,0,'2023-04-17 07:48:09.386188','2023-10-17 07:48:09.386188'),('abae66da-6bc8-447e-97b9-735e92df9904','a98a37ac-85c4-4151-98f3-8f1bd136a86f+FJ/vh^tGRj+CZx__XJLB}`:+','dd102998-b733-4489-82f2-9cc5bf9d336d','a6c833b9-61ec-47e1-8aa1-9e3ed49a7a3d',1,0,'2023-08-25 02:49:28.732717','2024-02-25 02:49:28.732717'),('abb3c652-cdc7-4042-a603-0e1373ee336f','56353e8d-ee7a-4a48-80d3-6909dbf9cc2aZRoUgo%#g5,25\",|!-k{o6&,\\','dd102998-b733-4489-82f2-9cc5bf9d336d','9e5d1cd6-b32a-4999-9c35-19b9564529dc',1,0,'2023-08-21 06:31:22.555165','2024-02-21 06:31:22.555165'),('abf102a6-5ab1-4929-a10f-8e4d6ce0053f','6244be07-c0db-4c9c-a95c-69ea91c0d1e7Kw`6357-|!8lK2/YNZnpQW9z8','12c10897-8f5f-4148-96b8-733c5be9be0e','0c42882d-9186-475c-bad5-713016f23b1d',1,0,'2023-03-28 01:59:45.041261','2023-09-28 01:59:45.041261'),('aca459b6-763c-4f62-ae44-5f775c5deec7','318c3aae-4af2-41c0-91c8-b417b749c3fd<&*Pyc1n#D2=pvHkNyLRAYa$<','dd102998-b733-4489-82f2-9cc5bf9d336d','5d0de8a4-3133-407f-81fa-ae79303b4626',1,0,'2023-08-14 09:06:43.855463','2024-02-14 09:06:43.855463'),('acc9a9aa-c6b8-462b-89ca-cce774d67c6f','7c2344b5-fd38-4ebd-be2d-5e1fb052a3a1Y-i!z9kgjM\"SHM?s4$zChro)0','12c10897-8f5f-4148-96b8-733c5be9be0e','14dce034-e49f-4f67-9431-6545108528fb',1,0,'2023-04-08 04:34:50.629843','2023-10-08 04:34:50.629863'),('ad16a928-31c0-406e-9230-ec665eee2960','900e81b8-f642-4072-9895-6aab6c2a2afbVhLg\"7)C0m)Mu#V}6&nz=3:R)','dd102998-b733-4489-82f2-9cc5bf9d336d','9aa43d85-fd3e-4e64-8263-5c255809e31f',1,0,'2023-08-21 05:35:58.836805','2024-02-21 05:35:58.836805'),('ad549195-174e-4cb5-8e08-0504ab54e512','ddbbd426-1a37-49b6-8e00-76187a590cf6+thF=u/e)>noGuV,wT[o7?0U/','12c10897-8f5f-4148-96b8-733c5be9be0e','50f14caf-d868-4946-8270-a1730e752723',1,0,'2023-06-18 07:30:34.684905','2023-12-18 07:30:34.684905'),('ad569694-bc4e-45e0-8d2d-1630a09802db','bd5e3647-3dd0-4926-985c-cb62a316988ah>Jtt@op\'@[\\u_e)Uwv6R^>[/','dd102998-b733-4489-82f2-9cc5bf9d336d','b1b2084c-dafa-4df8-b1e2-abedd51cd673',1,0,'2023-08-28 04:19:03.854667','2024-02-28 04:19:03.854667'),('ad5eb0fd-7094-4368-a998-2e286d7d9805','67317605-f073-4464-8a11-35b0609a4ce8H=\\4zOrfDn0l1f6Ra;Avx>P2,','dd102998-b733-4489-82f2-9cc5bf9d336d','c8928918-7a21-42ca-9806-2261e174b1c9',1,0,'2023-08-17 08:30:25.573152','2024-02-17 08:30:25.573152'),('ad9b6157-85b5-43b8-aa4e-39cf3a663a99','f7b79fee-f8df-456e-b5bf-68180515e5ec/p]*[UmcX7]+|fN\'F}*RU:q_k','12c10897-8f5f-4148-96b8-733c5be9be0e','85a5b07d-14ea-4d94-a1b7-bd57d5769d60',1,0,'2023-05-07 09:16:00.770232','2023-11-07 09:16:00.770232'),('ae36d9e0-b103-473a-8aea-ba32dd441319','a71f381c-0ce2-41f8-b87c-d76a3c45af07eu\'T-@@N:!0+$gJ}!fRi;xYG}','12c10897-8f5f-4148-96b8-733c5be9be0e','caad35b9-5ae2-4f7b-980e-18b9e949be7b',1,0,'2023-05-10 01:59:59.301893','2023-11-10 01:59:59.301893'),('ae79b232-c1af-420b-a7d1-75972408276d','c8ecf478-c787-43be-a0a2-640c728d4f60lqUsj_{CVdU91J\\\'TwtO(zG|\"','12c10897-8f5f-4148-96b8-733c5be9be0e','e077f0f7-6bdb-4350-be23-0e88b11af0c3',1,0,'2023-07-12 07:40:13.788137','2024-01-12 07:40:13.788137'),('ae7e39fc-a9b4-4e18-b9df-07c9dcc8fc45','1419db3c-64f7-4bc3-a173-2aff9745862dUaNBY#=w[:cyU,aM@GT*!XFwt','12c10897-8f5f-4148-96b8-733c5be9be0e','75834f62-6c08-4934-a67d-d34e7df48dbd',0,0,'2023-03-16 04:12:14.815297','2023-03-16 04:22:14.815297'),('af18b2e5-2d08-4218-8d6b-048ea366b7bb','58b411b8-658b-409a-8df5-caea66a6b636J<7J,C3;6IYIPFyEOk+YEVoGK','12c10897-8f5f-4148-96b8-733c5be9be0e','1b5291ff-bb7e-401d-9973-65bd890e17a7',1,0,'2023-04-08 04:06:11.202858','2023-10-08 04:06:11.202880'),('af536ebd-3436-483f-bb1f-3c63cd6b4262','e2f340a7-15aa-4be1-9771-b6894c0c590fa!W/F6sdl+Iw${&/t1Mxq\\q8#','dd102998-b733-4489-82f2-9cc5bf9d336d','c2402c02-c88a-483a-a131-04619da7d260',1,0,'2023-08-19 02:31:14.651817','2024-02-19 02:31:14.651817'),('af7896c9-f512-47a8-81d9-ce51bcf3b98c','8c207f68-3947-4f45-9f42-32b345538e96r\'7x*<};)w^QHS>\'od4\"Y/6P<','dd102998-b733-4489-82f2-9cc5bf9d336d','f1625eff-4912-48e5-9132-a8662d2ede10',1,0,'2023-08-25 07:55:07.700769','2024-02-25 07:55:07.700769'),('b0134570-485a-4c5b-8ff7-1853283c2c29','58e7e4df-0060-4f00-9053-5b63587207d5dQ)KH/RqkDB?\\|w)mrCly6GCm','dd102998-b733-4489-82f2-9cc5bf9d336d','26f453fd-660f-49ad-8d9a-763daaab7113',1,0,'2023-08-18 04:21:58.396105','2024-02-18 04:21:58.396105'),('b01b2413-df87-4ea1-88de-335fdcdd077c','bbbafabd-d0d9-4a06-867e-a2e8192d2cd2Fm^D4w0&e6.M>(SiEF?l)y5|_','dd102998-b733-4489-82f2-9cc5bf9d336d','3f09af82-f3e6-4f7e-b747-7788c6e26131',1,0,'2023-08-21 06:33:56.120097','2024-02-21 06:33:56.120097'),('b0312c80-e60d-4c85-b13b-e71f16b8b02c','6eb103f4-8f2c-4ac3-a182-504fda184caa-a|0}hN.K{Jh]p1}ND@zV.ETs','12c10897-8f5f-4148-96b8-733c5be9be0e','96751455-81f4-41c5-ac20-cebfbd7d1b2b',0,0,'2023-03-04 02:29:42.957016','2023-09-04 02:29:42.957016'),('b04c881d-512a-4b0a-9bb9-bf681d18609d','2c47f049-6e1e-4f1d-b2d6-9f397722ea90Vd9iM$V=(!*Cp4svBdp%ee5PK','dd102998-b733-4489-82f2-9cc5bf9d336d','73cd5bca-7534-4d1b-aa8f-a8e71dfc8d8a',1,0,'2023-08-28 10:16:58.300745','2024-02-28 10:16:58.300745'),('b0613c13-a72a-4050-8333-7e68e4f740b4','0b52b039-61a7-463d-96ef-5e560da9caeb9>}S!LAmnfb_5bW-oec_Za_&e','12c10897-8f5f-4148-96b8-733c5be9be0e','e82dc7d0-27cf-4a3d-b4d7-5c4941897030',1,0,'2023-06-24 08:42:12.276766','2023-12-24 08:42:12.276766'),('b099782a-8a13-4b4f-966b-773c1c4e3f97','09372e38-7e16-43c7-98f9-3e5d5dcde1b7]7+0IWv(HH\'i%H3hGJAy/\'PsT','dd102998-b733-4489-82f2-9cc5bf9d336d','4088b329-99f3-4b34-ab5d-a3f0f49abee1',1,0,'2023-08-04 16:26:23.330639','2024-02-04 16:26:23.330639'),('b0ee7a1b-e23b-4f8f-9809-b9bab065fe9c','ee329caa-57f8-4a76-9b36-545d83fd9b4eJi>jDStv,p2f.%}uyt5X(+yd,','12c10897-8f5f-4148-96b8-733c5be9be0e','cac84ff7-7b82-4db9-a65f-3c62d3b9aa3a',1,0,'2023-07-12 07:48:04.000934','2024-01-12 07:48:04.000934'),('b0fda55b-40d5-4434-b744-585176bc981e','56048369-9c80-4b5c-8cad-206be24961ccZbsFz3UIT+6!)._j,F6:14f*|','12c10897-8f5f-4148-96b8-733c5be9be0e','029fe0ff-4b00-4a31-945e-703c86d821f7',1,0,'2023-03-30 14:08:56.905180','2023-09-30 14:08:56.905180'),('b10d7b71-fd79-40a6-b805-00b8632fb553','08b01104-f232-4780-bae5-bc998f9cb664xtBB[]]_tc>D-}YBsc3i9{-ap','dd102998-b733-4489-82f2-9cc5bf9d336d','9e4fbb73-e827-4cb9-86da-73c713f84f27',1,0,'2023-08-27 12:25:20.956955','2024-02-27 12:25:20.956955'),('b1213565-f1cf-4268-8a41-50f80ddcf861','0869f073-4494-4864-b017-5f2ddbf2d4bc^,-YO.DhZM{AJ\'O&u7t|ajw*Y','dd102998-b733-4489-82f2-9cc5bf9d336d','b70ed59c-31e4-40ef-baa6-c3b2909af71a',1,0,'2023-08-15 06:11:43.510146','2024-02-15 06:11:43.510147'),('b1452ed4-be28-4f2d-8825-07a2e1f4f17a','0c946ccb-25c6-41b9-b99f-20528168eba31dm[yj?mZ|-;<#/_wd\\4G5Qv&','dd102998-b733-4489-82f2-9cc5bf9d336d','bb7b0cab-6141-4c55-ad52-42799f0b8715',1,0,'2023-08-24 08:16:06.560084','2024-02-24 08:16:06.560084'),('b14c564d-199b-4979-8770-1816889032fb','84f3c300-5e66-432e-956b-8a8e705c9e6b3Qw:f-zpjY\"e=38M`l>uOfv&h','12c10897-8f5f-4148-96b8-733c5be9be0e','05f25a91-5a56-4303-a05a-d13ddde53c97',1,0,'2023-06-23 07:35:46.966731','2023-12-23 07:35:46.966731'),('b1552c82-3b4c-4a6a-8fcc-9bdcc8a30a4b','5303ee40-322d-463f-99fe-2b54af8ee68a:I{\"sr.yEzMD@HL>/e}5I;_,m','12c10897-8f5f-4148-96b8-733c5be9be0e','5162fe3f-f14b-402f-8eff-a0dd7fad9708',1,0,'2023-05-11 06:26:03.065684','2023-11-11 06:26:03.065685'),('b1618cb7-3651-4cfe-9bb7-93c309148be6','2d50be5d-94b5-4c57-809e-fbab7df706eex|7WnXgF7*qDrBrNX?5K\\h\'+f','12c10897-8f5f-4148-96b8-733c5be9be0e','35ed585a-9cb4-4ed0-b6cc-23166763ff09',1,0,'2023-03-27 09:47:45.882390','2023-09-27 09:47:45.882390'),('b18e311e-4c07-46ea-be93-0ec8c2564870','15d00d71-a893-4fca-8952-6be41b6da7cdBk/..#:.Cw\'y_Wl6vMn8\'cC2$','dd102998-b733-4489-82f2-9cc5bf9d336d','c25dbc81-8ae1-4e7c-a6b8-ecb8a19344d6',1,0,'2023-08-01 08:45:03.491728','2024-02-01 08:45:03.491728'),('b2131110-9485-4e00-9d23-11c563ffb247','75a13ec2-24f1-4823-b1cd-7a49709f8766Lj<37]\'gT/^8I|J_=>+C[*Dut','12c10897-8f5f-4148-96b8-733c5be9be0e','a37563e0-6488-410e-8d33-044b67df5886',1,0,'2023-07-19 12:10:33.087392','2024-01-19 12:10:33.087392'),('b28fc27f-0d85-4604-8b39-5f4bc2c24976','1d485cf4-4328-4f26-a9d1-302afa383addAuw.{1@ILl,AqcP1a&4NA,PU[','12c10897-8f5f-4148-96b8-733c5be9be0e','dc5f84b0-f000-4de7-8849-cec6e5576852',1,0,'2023-06-08 07:10:42.611964','2023-12-08 07:10:42.611964'),('b2b91fdd-6ff8-4894-aa1f-ea89db4b4866','1e5398e6-13ae-4fd9-b952-9784aa4f1ebd*FSo/%fe4u:<C/.P{hWh)!JiJ','dd102998-b733-4489-82f2-9cc5bf9d336d','ec5eb187-e844-4a61-b5e3-2d4064e37085',1,0,'2023-08-30 00:15:29.105169','2024-02-29 00:15:29.105169'),('b2d1aba5-ab3f-45e9-9d59-258dad1cdaab','b153fa33-8b8f-4672-aab6-e5907e339b86uR&<]I\\:o@(n*-#0q\"\']8:d]F','12c10897-8f5f-4148-96b8-733c5be9be0e','63701814-b0d9-44a1-b74c-cae182aad846',1,0,'2023-07-17 23:40:22.768199','2024-01-17 23:40:22.768199'),('b2d7012f-a85d-4f0b-ba72-09d5a81bb061','21696619-80b5-45f0-9cb7-69572e85161aw!r-f,N#Gl:pt{A$,IW_;aquC','12c10897-8f5f-4148-96b8-733c5be9be0e','685d10fc-2c9b-4490-8c3e-c92bd8f93a09',1,0,'2023-05-10 02:57:44.124814','2023-11-10 02:57:44.124814'),('b3ed3233-e727-4665-ba4a-7a1a5c2d69f6','edcfbf51-3702-4c9d-8e17-aa1d4e430673U&mI!ptzjLP;8]h)P_T87n*nv','dd102998-b733-4489-82f2-9cc5bf9d336d','eeac9e03-b750-4376-a327-c4f1cf9ee6b2',1,0,'2023-08-20 07:36:43.885736','2024-02-20 07:36:43.885736'),('b4519d9a-4b80-42f8-8b24-9ea742d74673','89c39c0c-d4ff-4c28-abd1-c0de5960f327#&*4o<aqvMCI<h\'-0}5R-+8[^','12c10897-8f5f-4148-96b8-733c5be9be0e','6648d3c1-fc3c-455c-972c-dbfa12441d28',1,0,'2023-05-11 06:34:20.183166','2023-11-11 06:34:20.183166'),('b46d7920-85d4-4621-9230-9f8186b84005','739233a6-b515-4bf7-8146-ed859a935a4dL3vOiN&q6C<,-\'NQlv]U,\"wHu','dd102998-b733-4489-82f2-9cc5bf9d336d','7d08e9ae-d540-4746-9b3b-b0a4b385aef2',1,0,'2023-08-20 12:07:20.939151','2024-02-20 12:07:20.939151'),('b47756d3-9954-4b67-b9a8-b9cf56947367','86768bcd-d524-4a62-a1ea-9a4e248026ed=E5Z9}o\'3A2i5yUu5%QH\\W=w<','12c10897-8f5f-4148-96b8-733c5be9be0e','12e41858-9694-4d03-b9ba-80885f5bfc28',1,0,'2023-05-07 10:37:22.979828','2023-11-07 10:37:22.979828'),('b4f99c90-c037-446f-9526-3cab88df2465','35503a1a-3340-40fb-be9a-2078cd373a7c2W@:EvJmU#DmMzK8dcm`lu3>>','12c10897-8f5f-4148-96b8-733c5be9be0e','62871271-bdc2-441c-804c-c33ae40f228a',1,0,'2023-05-14 03:00:26.870679','2023-11-14 03:00:26.870679'),('b57cdbad-49ef-49fd-a36e-d01ee3eb4a5a','56ca7fdf-10aa-465b-b9b5-6744d5735044E\",Y}]p=[E<C<aY,Hbxob5j%L','dd102998-b733-4489-82f2-9cc5bf9d336d','3e8cf5da-a1b3-41e8-a991-f970bd867a06',1,0,'2023-08-21 00:05:21.658654','2024-02-21 00:05:21.658654'),('b57cfbd0-a633-42ad-bf5a-211908b276e7','23a75624-ded9-4f41-a133-56151c7c01df\\(ReSv1Kb6Mcf\\\'_A$OsN-Mbo','12c10897-8f5f-4148-96b8-733c5be9be0e','fe332d0a-ac0c-406a-ae70-41e02044dc63',1,0,'2023-05-14 02:34:56.172653','2023-11-14 02:34:56.172653'),('b5900a93-f103-4dfb-a928-64de0a327f4e','25c4a112-2db5-4d63-bc0b-1a317df545e0\'+kSnyq_H4\"_dR*M]lhhs\\aTt','12c10897-8f5f-4148-96b8-733c5be9be0e','1cf7796d-7ef1-46fb-91de-a9eb7335970e',1,0,'2023-06-08 06:59:57.183873','2023-12-08 06:59:57.183873'),('b5be2e34-0ca9-4f77-8f04-0ba4d7aa2735','0aeeac7c-7645-4891-b432-65379cf0f9f3oL5Dsf[Lh,Wd8)Qf9eM9q$a&<','12c10897-8f5f-4148-96b8-733c5be9be0e','51339220-87f7-4b4a-8fb4-34e5c9f7f3b7',0,0,'2023-03-17 04:30:18.140069','2023-09-17 04:30:18.140070'),('b6132080-c3d6-476f-a0e0-d44f01dde4cb','f5cad8d4-8d7d-437c-b5f0-fa51ee8b7da0mi3BUlO&r2&Pd?*y3irLBLps3','dd102998-b733-4489-82f2-9cc5bf9d336d','ae3dec22-afdb-4b0a-b806-11fc2fafc03a',1,0,'2023-08-15 10:13:06.414808','2024-02-15 10:13:06.414808'),('b6276bfb-dd80-4cab-9d9b-5dc6257de23f','3bc6c1e5-2460-4840-a90f-1983b252bb5b)&5s?nI*6I=Egs`f\"d?t<!qNx','dd102998-b733-4489-82f2-9cc5bf9d336d','de7c4aed-50cb-4ab7-9cd9-474a6dfd491d',1,0,'2023-08-25 10:45:11.043287','2024-02-25 10:45:11.043287'),('b644f1d0-cd86-49a0-a2f2-b9ee5ec642aa','ebe61394-cfbc-4127-abbe-59b75f60eacfsM{+!6QD#V/O3k9-/Hi7-`iz+','dd102998-b733-4489-82f2-9cc5bf9d336d','484a21c0-c257-4f9b-b768-f9c9bd7c6fce',0,0,'2023-08-15 10:00:53.258782','2024-02-15 10:00:53.258782'),('b682210c-8bb7-482e-b177-bdef791de73a','7a765d8d-b55a-4923-a3d8-db732f716fd1-O6Fh*L6xFolvyfW^y\\[\\&(41','12c10897-8f5f-4148-96b8-733c5be9be0e','5bbd3209-59cf-4fd8-b057-a6e9bd9883b1',1,0,'2023-04-30 07:06:42.781295','2023-10-30 07:06:42.781295'),('b6a1c379-3ba0-45d1-9ff4-ec4f7b85d7ec','a56d84d4-1d8f-41ec-95db-39d72f16b784r\'8tzH8lNZg(mghwPFO<S6cIh','dd102998-b733-4489-82f2-9cc5bf9d336d','234a2785-d1d1-4ff6-a744-1815dd94fddc',0,0,'2023-08-29 08:20:57.610436','2024-02-29 08:20:57.610436'),('b6f130bb-730d-454c-883e-4ac02b478be1','eeb351aa-8c68-48d6-89a4-3729bdd63b9dS\'`n(ArJ/Pzp2}>[P4w]{VSl>','12c10897-8f5f-4148-96b8-733c5be9be0e','20871f97-c2af-4837-a2ab-aa3bb3f5cd38',1,0,'2023-06-26 12:39:53.684688','2023-12-26 12:39:53.684688'),('b71eadbc-bd77-4b52-abb6-038d29903603','4e4f2200-68fd-42e5-a472-cde18bec4af4q`+-U<YBE/BUWN`BKA3u/}9@w','dd102998-b733-4489-82f2-9cc5bf9d336d','d55293da-3669-4558-8a1a-1f91c33e58ad',1,0,'2023-08-03 09:09:50.584638','2024-02-03 09:09:50.584638'),('b8afb25f-eecd-4a90-90b1-8b6b9283dd93','9c6b6b2b-9ef5-40bd-86ad-46192a48f61a=s$mMXaU8.%?W>2Po$)#q#]OS','12c10897-8f5f-4148-96b8-733c5be9be0e','7d762ed0-5e00-4755-bde3-67fd6abd8312',1,0,'2023-05-10 02:28:36.606661','2023-11-10 02:28:36.606661'),('b8b46a27-d6fb-4195-80f1-85cd6e419844','bf28744d-8324-4979-b64a-f9311521ab49qSxjNI?QJWdwLWlm531ho2FKk','dd102998-b733-4489-82f2-9cc5bf9d336d','5e6075af-90ae-4f21-9533-12ec08c9bea4',1,0,'2023-08-08 00:45:17.636248','2024-02-08 00:45:17.636249'),('b910fc90-b018-4b35-9095-98d88115324e','d223666a-be22-46fe-9ea6-1c101b4e2af1MLgkPzrtA\">p!m[ng;|f9N0{,','12c10897-8f5f-4148-96b8-733c5be9be0e','467c7837-60fd-4a21-bbb0-314ea2dac83f',1,0,'2023-06-23 11:59:45.470118','2023-12-23 11:59:45.470139'),('b91870ac-0faa-4307-9dcb-412d5b937cb2','2dd9b641-e478-443e-97ed-96679a630714BO$$R*<$l7z/Xj?_DVQB@[r\'\"','dd102998-b733-4489-82f2-9cc5bf9d336d','f95917d6-3a3d-452f-8a95-b98654d2e310',1,0,'2023-08-27 12:11:50.876087','2024-02-27 12:11:50.876087'),('b91cb23f-a378-46ac-9343-25373c433a6f','c73e9ba7-afcb-498b-904f-b8c8defa6f22n\\nhWe?eW\\b)hQ`|Aal37>J+}','12c10897-8f5f-4148-96b8-733c5be9be0e','abb32b12-5438-46fe-8f41-c30f19a5a7b6',1,0,'2023-03-30 13:48:11.326150','2023-09-30 13:48:11.326150'),('b962aaee-3f54-43f3-a3b4-4aaf18132013','f3c96a4f-e843-4649-9c50-8e59f0cba56ab&SM+_yoRbp5ffnVoV{&BEv}H','12c10897-8f5f-4148-96b8-733c5be9be0e','ff7db836-a016-4b45-b7b1-53f6d5d001be',1,0,'2023-04-03 09:32:15.974928','2023-10-03 09:32:15.974928'),('b9cf53c5-f5fa-4976-b7cc-aeb687f6c7fe','641bb4e7-6ae8-4092-82da-68af47a8fdecB0y+S4s@,k<s!AjwpQ5{e%jAg','dd102998-b733-4489-82f2-9cc5bf9d336d','a2068781-e902-4f71-b7d1-fd28de8db901',1,0,'2023-08-29 06:03:47.357027','2024-02-29 06:03:47.357027'),('ba515e0d-8584-43f8-8830-ad141663567b','086a5f33-ccc8-457c-9f14-58548622c65a.tu)(,|5?kn\'u/1v|CN8:\'V0M','dd102998-b733-4489-82f2-9cc5bf9d336d','f974066b-228a-4473-b6c4-8db344b74af3',1,0,'2023-08-13 03:42:27.917201','2024-02-13 03:42:27.917201'),('ba6ada98-bb43-4258-bbee-5f37b3721e61','ac7923b6-68ab-4f1a-879e-07d23f909ebfG^;wUO!!(0WiaIruJdX<maZ\\T','dd102998-b733-4489-82f2-9cc5bf9d336d','d7137747-5fb5-4ed3-bff6-41475e22844b',0,1,'2023-08-19 06:53:17.123503','2024-02-19 06:53:17.123503'),('ba860ea0-8477-4d58-8f67-06514fb6e98f','f8cb36a6-7ba5-4626-9346-3cbf2838bb20I$VlZRYNaP\"K^AbnzS.jg_H2B','12c10897-8f5f-4148-96b8-733c5be9be0e','502df46e-438a-43d7-a641-fa34cecef505',1,0,'2023-03-16 07:20:15.802422','2023-03-16 07:30:15.802422'),('baa98127-2b64-474a-92f0-79c89c2f2113','5f75bb0d-4100-4ac9-9486-2b9aa43efdd3I+hmIZ>@s]c|$#a.)Mv<6n},B','dd102998-b733-4489-82f2-9cc5bf9d336d','b30ee795-d5c5-40e6-bcb6-207ea542310d',1,0,'2023-08-27 14:30:40.564320','2024-02-27 14:30:40.564321'),('baed4135-3cbd-46c6-bfba-3259d272278f','c4f632e0-08ad-4dfd-a7bb-49e73263557b|IZI\'2f}v8sfTf\\*L0/xqUunk','dd102998-b733-4489-82f2-9cc5bf9d336d','46db0854-f67a-426e-a87f-8f469a6e7b6e',1,0,'2023-08-19 07:09:11.771427','2024-02-19 07:09:11.771427'),('bb306f2a-0903-4591-ba7c-882e45a43be4','fb9fc7a0-1132-4f6e-8727-8bcfdaf3379f_*kivX$3B/\'nNLaU8w<7^\'pk%','dd102998-b733-4489-82f2-9cc5bf9d336d','c86dfd68-6c14-43e8-a811-817de9e983d1',1,0,'2023-08-25 01:36:43.910333','2024-02-25 01:36:43.910333'),('bb568f92-e445-4db0-bd19-3524ca89fb06','90c15b43-2ca4-409a-b5f6-c635419080a11{#>;tCUqRO|J9->0xP:`*?`}','dd102998-b733-4489-82f2-9cc5bf9d336d','d448008f-4029-49d9-9896-4dfc072679bd',0,0,'2023-08-15 08:37:49.260422','2024-02-15 08:37:49.260422'),('bb82a321-b39f-403d-bc69-f00c8907c261','12d8e894-6e40-4220-b0f9-6f9537c7b40c*@AZ.//)__;<v|A]IM$dX$oE6','12c10897-8f5f-4148-96b8-733c5be9be0e','3dd21f9f-e0bb-43fb-9660-455a49c96872',1,0,'2023-06-23 07:58:27.560564','2023-12-23 07:58:27.560603'),('bb8d0273-7231-4222-90bd-e719db913c56','1b1958ac-ab0d-4abb-8655-aa44ddf1cce5Jth0^ui9Sz9TXF7v7?X&e5Rn}','dd102998-b733-4489-82f2-9cc5bf9d336d','61c95b15-2f83-465a-8710-7a513f05a2c4',1,0,'2023-08-07 03:21:35.500515','2024-02-07 03:21:35.500515'),('bbb5f93a-1b29-4b4b-95b3-066754d20c3a','6f53fd81-1dde-4b25-bfcf-92876a5bc879i0oa[z0f\\<UKv2NR_Oe\'lUum:','12c10897-8f5f-4148-96b8-733c5be9be0e','ff5c73ae-a868-4504-813f-28de5399d802',1,0,'2023-04-07 15:49:40.009667','2023-10-07 15:49:40.009667'),('bbc19cce-f1ff-4485-8819-8388c91d5274','60ea5682-6243-491e-8f53-c15174cf36ed\\/EgE;iV/K-<yrcY@*se7BcS@','12c10897-8f5f-4148-96b8-733c5be9be0e','c3af4466-82c9-409f-9fd9-b79c033463a4',1,0,'2023-06-27 03:35:47.040771','2023-12-27 03:35:47.040771'),('bbc9fb3f-7ad2-4484-b0f7-f633497eaab7','93ca5a66-00a9-4e32-b7e8-02d1b39cfaf329\'`&Tzqbtqlb-4@XhdPSOpx<','12c10897-8f5f-4148-96b8-733c5be9be0e','d0a33642-e271-4e7c-9b4e-5be56c6322df',1,0,'2023-03-19 03:05:57.360665','2023-09-19 03:05:57.360666'),('bc80c2d5-37fd-43b7-8857-efe4df9d5b4d','07e56530-63a7-4447-a163-e971099bba74lxW\\:\'%W%`]?@=?e9|?srg*/Y','dd102998-b733-4489-82f2-9cc5bf9d336d','e32811fa-82db-4a5e-bbaf-6ac5ebf674d9',1,0,'2023-08-18 06:53:54.939965','2024-02-18 06:53:54.939965'),('bc843e97-0d78-49b9-91ac-9123be0af0de','63f406d4-ae4a-4be4-8db0-83b0e6da71bfxyml{Wg]N\'G({X8YD%tDN>\\Nt','dd102998-b733-4489-82f2-9cc5bf9d336d','51090a43-d063-4566-8938-a7d2f956cce4',1,0,'2023-08-18 08:10:20.886528','2024-02-18 08:10:20.886528'),('bc952180-862c-4ea5-83c8-10bf67d02962','068a37ea-f1b4-4971-a591-89b81c7735fa+2(a\'OMJD*}>]WY#d*v>d<n?F','12c10897-8f5f-4148-96b8-733c5be9be0e','232f5822-f333-4fb9-92e3-68a1c79fb378',1,0,'2023-05-11 09:31:55.106286','2023-11-11 09:31:55.106286'),('bcbc094b-11a2-4872-a056-f90b4bcc51db','980bb33c-e3cd-42e8-9d4a-e570d9a6fd08zqD7:\'{\"K0g]jt@lGmeb#`5ki','12c10897-8f5f-4148-96b8-733c5be9be0e','cbb50281-e106-4311-b15a-c9559e0fe210',1,0,'2023-03-17 04:35:32.628537','2023-09-17 04:35:32.628537'),('bcd5e66d-038c-442d-944a-78080d1aba8a','9fc2322f-b895-4c70-a666-3e148b486776O)MMGZ,3GGAG|VzEM+ApZi#O1','dd102998-b733-4489-82f2-9cc5bf9d336d','d11a6904-9928-4cfc-b55a-bd6bede4bc07',1,0,'2023-08-06 06:43:29.239501','2024-02-06 06:43:29.239502'),('bd231d27-9a6d-43b6-b7e9-e54710ef9267','d6221e0d-492b-4d95-b29e-b904cf56e8ba?1Eckt!vdaNE*wHOR_|,wRKgj','12c10897-8f5f-4148-96b8-733c5be9be0e','30d4ecfe-ebf6-4034-99cc-61261ce02898',1,0,'2023-03-19 02:47:06.434578','2023-09-19 02:47:06.434578'),('bd61015d-184c-46bf-934c-11cb56ad5d3d','887797f4-5ec2-4b02-98e0-f7f37c26a883X^cjCCXI60S[(*gpl;kD%p,Jb','12c10897-8f5f-4148-96b8-733c5be9be0e','6b46ac68-b05c-4067-a25d-57ccbfa6e698',1,0,'2023-07-02 07:33:40.321989','2024-01-02 07:33:40.321989'),('bd677ab9-fe32-461d-a66e-bed6f15e46a2','894f293f-a038-43bf-81de-26f9e6179550rzKm@bUq,I+kke*;7}hE5-0;Z','12c10897-8f5f-4148-96b8-733c5be9be0e','5a6d943c-b399-4888-93f1-7d4ba86b4bae',1,0,'2023-06-18 02:50:20.104891','2023-12-18 02:50:20.104916'),('bd715daa-e576-4c14-9881-834cc5921d0b','74ce1c5c-7008-4474-bf7a-0a34665de7e4|i7D\\?|*a]!{G(lNCUVRrJ*6%','12c10897-8f5f-4148-96b8-733c5be9be0e','b6fffd26-e139-489f-954d-e811f1f33ccd',1,0,'2023-06-08 06:44:50.571750','2023-12-08 06:44:50.571787'),('be73e676-0a33-474d-b834-0d1d2309a740','1c55a8ef-a932-4103-b609-951de65053dcp%JZrIvH@LPT\\0@bv!=IyO5PD','12c10897-8f5f-4148-96b8-733c5be9be0e','87cf326b-dd68-439e-aa0f-6b468e964056',1,0,'2023-04-26 15:31:58.756798','2023-10-26 15:31:58.756798'),('bea34a31-e256-4f63-9c0f-1b259f9c498c','3c771b14-ffbe-4999-b865-12366c21caecy(]jPp$Z\"aH;2jTDHr4cm=p_L','dd102998-b733-4489-82f2-9cc5bf9d336d','a60b547c-546f-486b-bc88-d7712f64fde1',1,0,'2023-08-15 12:38:50.253994','2024-02-15 12:38:50.253994'),('bf14e26d-c862-40fe-8479-87570a049091','e62e9e28-62c9-408d-9450-209c4d91227dC[G/oyX5@0Xxk@osaF|tH56GU','12c10897-8f5f-4148-96b8-733c5be9be0e','08261729-3ab5-494f-a15e-6b9cb3f2bea5',1,0,'2023-06-11 12:33:51.458448','2023-12-11 12:33:51.458618'),('bf6d2b7c-8df7-4d98-94fb-e7471c9b6b52','eb55f943-db8b-4d28-8f90-c3a00d3246cch#g[_CL+T>()Exd.yfgY$}R\'|','12c10897-8f5f-4148-96b8-733c5be9be0e','f501197c-bc21-49b5-b5f7-ad8349fb6ddd',1,0,'2023-07-19 12:19:34.513386','2024-01-19 12:19:34.513386'),('bf73c2f6-e408-4eaa-aac9-aa70a836f5d4','a9e6587a-aeae-4676-9ed7-6996e1abd686;+&1om$\'J<dukWSU_#anTQL3K','12c10897-8f5f-4148-96b8-733c5be9be0e','b89f8b53-26f0-484d-99bd-8df6b38016fa',1,0,'2023-03-20 15:01:59.398521','2023-09-20 15:01:59.398522'),('bf8a4890-3c44-4928-804a-c33d59b3520a','037f7793-3de3-4d07-aff3-1cdc474e1306rVb[[o\"Un{z2HKb3VpcK!VsAL','12c10897-8f5f-4148-96b8-733c5be9be0e','61243c20-8189-4b0f-a13b-919132b1ebcd',1,0,'2023-03-31 20:07:47.111416','2023-09-30 20:07:47.111416'),('bfaa7f49-46fc-4a41-b400-907ec9aa6d88','eaada9cd-00a3-4bd4-b350-7f2aba6b2f2fbeaU|Km%m2&9E-4O<0b3`Ev3=','12c10897-8f5f-4148-96b8-733c5be9be0e','c8f81791-2abd-4fe4-88cb-90afb66b6dcb',1,0,'2023-05-10 10:27:30.111575','2023-11-10 10:27:30.111575'),('c028d2c2-8944-47de-a5fb-67db5eb8ad4c','3120058d-898c-4108-8cd3-0a8a986250dc);mrP[#W6@0N-xR=|P7y^6.nG','dd102998-b733-4489-82f2-9cc5bf9d336d','caa557c9-7f74-4138-9c0f-3413cdca796b',1,0,'2023-08-25 01:52:21.537712','2024-02-25 01:52:21.537712'),('c0668aeb-948d-4e36-a26e-9133e932853b','d315a1d8-f77d-4fe8-89d0-e0df7fb314a1,X^;&U$=^BgaQ|=OJW0j!AyVr','dd102998-b733-4489-82f2-9cc5bf9d336d','a924040f-80d7-4ed7-8385-020fc7db9145',0,0,'2023-08-14 07:29:44.981222','2024-02-14 07:29:44.981222'),('c08bcd89-390d-4c2a-baee-849f771e17b7','3fbf5ae1-4264-47a6-9d53-7725e5bf6cf49gn$7pi7g.WN>V,w.UIGm>8>&','dd102998-b733-4489-82f2-9cc5bf9d336d','4a527362-1171-47e1-891f-ab8f7320af84',1,0,'2023-08-19 07:27:33.927264','2024-02-19 07:27:33.927264'),('c1247ce3-5b3c-45a9-a53c-2ebbc44ad3b2','55f14df8-956e-46ec-8596-c7620ff1d6bey8s^}Y0K|u<A3nd&y@)**C`t6','dd102998-b733-4489-82f2-9cc5bf9d336d','d17a6f81-dc49-4687-9248-fe386731671d',1,0,'2023-08-16 04:26:04.217061','2024-02-16 04:26:04.217061'),('c1524d9c-a82c-4bc4-a0e5-0b8ebe15cb9d','e4264adf-1655-41ec-8706-4e5280014f36QI[[u9\\qX0?BK>EiVb5d7*,@H','dd102998-b733-4489-82f2-9cc5bf9d336d','6a8dd64d-f115-42f6-a04d-0e53edbc2a5f',1,0,'2023-08-29 02:34:41.656786','2024-02-29 02:34:41.656786'),('c23a2085-e075-45e8-883d-54ce868cb7bd','1c58b518-1fc0-4c62-bfa3-8fec5b618709z]j}xZ=n:HDiLy4-\"r4)%:-S1','12c10897-8f5f-4148-96b8-733c5be9be0e','09d59210-48ec-4b99-863e-fe4764f9000d',1,0,'2023-04-08 05:00:33.153275','2023-10-08 05:00:33.153295'),('c26c0040-928c-44ec-ba95-5dcca845f9ed','3b0a131c-3ec9-4632-ae4e-9862ff1e2625NLl:F@)0Z_7(\"`Op?L/)98Sq=','dd102998-b733-4489-82f2-9cc5bf9d336d','e3b0a2c6-f77d-43ee-a7ef-7ae087c97093',1,0,'2023-08-23 07:26:30.753291','2024-02-23 07:26:30.753291'),('c276be4d-8609-4db6-a3dc-4adae076dd69','e1e5e5d9-d40f-473b-8f92-4acc134cc362&/;]E*f**Q^C0TT6-7j.s\'\\1?','12c10897-8f5f-4148-96b8-733c5be9be0e','a493d101-9c3b-4aea-a5f7-cd10da471051',1,0,'2023-07-25 08:34:15.316411','2024-01-25 08:34:15.316411'),('c2d3181a-4bbc-408b-840d-3c2a13b007d9','e83811d3-1ca5-4987-af0f-c0ea35f7cbfanh|XEZ`a7nu;.nY7]fpGX4/mi','dd102998-b733-4489-82f2-9cc5bf9d336d','5547a3de-c517-4989-a4b5-ef86d8e75e0a',1,0,'2023-08-14 07:34:59.714435','2024-02-14 07:34:59.714435'),('c2e04daf-e9d4-43d3-9a75-76380d9a0173','5eb838bf-1376-4446-acf8-71b365072bcclEzS\"L3CAR2Q:t@g02PKWO[iO','dd102998-b733-4489-82f2-9cc5bf9d336d','435dfcde-2beb-4295-b928-c6bb8a68aee9',1,0,'2023-08-18 03:44:41.197802','2024-02-18 03:44:41.197802'),('c312a396-b6bf-4018-bfc4-d319edf320af','2f8096fd-c3d7-46aa-a36c-df26a74bb081UpeG\"$2X8`&j*PG)i5rY|)rY]','12c10897-8f5f-4148-96b8-733c5be9be0e','4ef40e37-e240-4bd8-aae4-9d28bf82b721',1,0,'2023-05-10 13:02:33.927238','2023-11-10 13:02:33.927238'),('c3194b55-acce-4fb8-9c21-a45431122d0d','d6515fb1-c0f3-4e18-bedf-e69dc115cb06p;wFmhHcdT-4/w=V&B.O+]ZVr','dd102998-b733-4489-82f2-9cc5bf9d336d','a25d9cfc-62c9-4e7a-8788-3bc89a37ab3d',1,0,'2023-08-20 05:13:54.652424','2024-02-20 05:13:54.652424'),('c3d06b20-a7af-492c-909b-927607a80008','9525b72d-e035-4e2d-ad5c-9903259504df,HKVi^q%NjM|QrIM2PxKuxMsL','dd102998-b733-4489-82f2-9cc5bf9d336d','8af36185-7167-4a62-8d33-96308f5437a6',1,0,'2023-08-25 07:16:24.048645','2024-02-25 07:16:24.048645'),('c4243973-0f0e-4089-a3aa-b2485a70319d','15751a35-4d14-45c4-bdec-80ab9bfdadf3TujjUydaM<L*5#16,Fs]0x\\\\z','dd102998-b733-4489-82f2-9cc5bf9d336d','45588c8b-58ba-4827-8837-964283896f11',1,0,'2023-08-09 01:26:00.636024','2024-02-09 01:26:00.636024'),('c42a2904-76a2-4f31-ade5-50a080e12cf0','7c7f2425-f589-4d0b-86b9-a72ac35f0f7aCV[1hl=B(T$Rx;hg7*<?I%Eh>','dd102998-b733-4489-82f2-9cc5bf9d336d','d4091278-b131-491e-af93-46df3bffcce5',1,0,'2023-08-23 10:08:19.263638','2024-02-23 10:08:19.263638'),('c45cf444-9cf8-4683-8ff7-02cf155532a8','247ed97d-ccf8-49e9-9467-819ecec13de4`Y=JF)A::bbovngi{J2-D7Nn0','dd102998-b733-4489-82f2-9cc5bf9d336d','204cc8b1-ecbb-4557-990c-04a77d98f132',1,0,'2023-08-18 05:41:46.005064','2024-02-18 05:41:46.005064'),('c4c996b7-4728-47ad-b625-497f6ea5244b','e10e3b5c-81ad-4f14-8f65-39f81ecb3281#,K*<^g^%JoJkcsq[\\;AL1E0j','12c10897-8f5f-4148-96b8-733c5be9be0e','6442a62b-a2f1-4253-958a-e19443d9ca01',1,0,'2023-07-05 09:23:13.772587','2024-01-05 09:23:13.772587'),('c4cf158f-b735-4e5c-899a-5a552613d76c','b28b91b3-f36a-43de-a70b-fd78a7c0d620\"7g\\ZlvUqB1=RUDB&<Vjz//q^','12c10897-8f5f-4148-96b8-733c5be9be0e','23d4315f-078d-46f1-a40b-79eb0faefa9c',1,0,'2023-03-19 03:17:27.574690','2023-09-19 03:17:27.574690'),('c53a5134-9fd8-401f-8e4a-e2e93825b08f','9c09b9a6-a88e-447f-b41f-70c4f8ec77f2Yl7C75]k#/N\\Lk@M}F%3Cobr=','12c10897-8f5f-4148-96b8-733c5be9be0e','fb4ab6de-a724-4e6c-8095-3098fb00f8f1',1,0,'2023-03-28 05:45:57.310284','2023-09-28 05:45:57.310284'),('c54ce1b1-8579-4fd6-99ea-2984a71e3236','db40e465-6194-4f6c-ad90-65046f7f1abe@qh5>3?):81T4sWpq$:yF\'}g?','dd102998-b733-4489-82f2-9cc5bf9d336d','c6b40906-7946-4063-b76b-fc37dc00632a',1,0,'2023-08-29 08:52:09.635432','2024-02-29 08:52:09.635433'),('c57e911b-5fed-4411-bd75-fbab5d141e93','f4e57f5f-97ca-45c9-8eb1-008a868baceeE^zQ;A*%Nm\\.UE/f\'.*!>.e)u','dd102998-b733-4489-82f2-9cc5bf9d336d','5524b7b6-ef35-4cf3-9a1a-e190fe16e78a',1,0,'2023-08-29 01:38:41.888691','2024-02-29 01:38:41.888692'),('c5fd16e6-9721-4d6f-a21b-c4ba96bf72d2','89b88a8e-cbb0-4f90-a234-6108e12a25ca<M%R2@k+9(]*}c>i/\\.$(v8H,','dd102998-b733-4489-82f2-9cc5bf9d336d','bc7604f6-4437-43ad-9947-3836c62367fa',1,0,'2023-08-24 07:18:29.817085','2024-02-24 07:18:29.817085'),('c630b90e-e011-4e52-bec2-b8582b1e04ef','96614906-1394-443e-be75-845811d61b39^u2&jaj_U3|T>IC2kNn(s@Srt','12c10897-8f5f-4148-96b8-733c5be9be0e','227735da-0b6f-4274-b943-0f05a4baf75f',0,0,'2023-03-16 09:22:44.881572','2023-03-16 09:32:44.881572'),('c682d399-f34e-4131-921f-cea9befb6eb1','cf6c4507-8d3f-44c3-ac96-f83bc0f1ec09D%?zz>8fU2a*om,GbX5wf-JH0','dd102998-b733-4489-82f2-9cc5bf9d336d','e156fcf6-4bba-43c0-bdd1-77bd6afeb513',1,0,'2023-08-21 06:40:36.280596','2024-02-21 06:40:36.280596'),('c6fba7b7-695f-4e07-a3a5-7b54310aa6d7','0ee974ad-e2e2-42b2-ab61-8a145f0e5be0/C\'@XB<#w5L)6Z\'J2f.9uA*:L','dd102998-b733-4489-82f2-9cc5bf9d336d','7c0d68f7-62bf-4c86-89fe-f465a3ee6caa',1,0,'2023-08-07 02:12:39.803742','2024-02-07 02:12:39.803742'),('c70b5989-6477-4328-99b0-dba242e1037f','15a5c063-fcdc-4d70-a47e-c806a79f2815=e{e$$M^iUhLjCD8/7EF-058d','dd102998-b733-4489-82f2-9cc5bf9d336d','01e7fea8-70c5-4dde-8cde-3b461dacc4b0',1,0,'2023-08-25 06:32:03.518924','2024-02-25 06:32:03.518924'),('c73620a6-daff-42de-b719-6135de5ae1e0','eb849d26-6750-4573-a4e3-fd0d6b3c3aa2]u<$.15AZ+9HqA8Lu*pm4b`+N','dd102998-b733-4489-82f2-9cc5bf9d336d','300c0780-9b7b-4993-b335-c049f447f700',0,0,'2023-08-22 06:41:50.791825','2024-02-22 06:41:50.791825'),('c751e884-2e06-49b1-9e87-4eed7e4fab25','386afde1-0bfd-45b0-8357-8aebac81963eF++W<o*]c5IdGz=jD2c/=i=KS','12c10897-8f5f-4148-96b8-733c5be9be0e','e7436dcf-746d-4a01-918d-1eb4e255de54',1,0,'2023-07-19 14:36:28.788657','2024-01-19 14:36:28.788658'),('c7614704-1499-401f-b142-e0505c3e265c','342ed52e-6437-4e6f-88f5-a1141e5ea0b5#W(S6)lk?Nva];oox;v{X42n<','dd102998-b733-4489-82f2-9cc5bf9d336d','e28dce62-426d-4089-a3f1-b8e45e96be46',1,0,'2023-08-16 10:05:49.315867','2024-02-16 10:05:49.315892'),('c7b9b695-9536-4364-b415-de54394f10fe','c8eccf8d-53bd-4aec-8510-96e6b3d4f32b*^K>2!q]*:8>&lZ^qA!@o37`P','dd102998-b733-4489-82f2-9cc5bf9d336d','13cb8d93-9348-4c01-80da-17d0af5fcfb7',1,0,'2023-08-20 06:19:37.895027','2024-02-20 06:19:37.895027'),('c7d020a8-c8ff-4122-ba08-21f6000a9414','9243e2e2-0672-4d71-8c3c-00b86c63d967BnkfTz?^!R-yyEs97d|g2]W,b','dd102998-b733-4489-82f2-9cc5bf9d336d','69d767a3-9796-4e57-874d-4f1607234b1f',0,0,'2023-08-22 09:38:14.161981','2024-02-22 09:38:14.161981'),('c814f346-49df-4bfc-8ea1-f5bc9b75f3fa','7368c953-0ee9-47f7-8d30-25a7832e30dc\\z\\?XkU?[s/zaAaJ^:cp+\"o!P','dd102998-b733-4489-82f2-9cc5bf9d336d','fb97bed4-997c-4138-bf48-278a12ed8b0b',0,0,'2023-08-29 01:49:46.258006','2024-02-29 01:49:46.258006'),('c82c62b4-df45-471c-bb51-2f78ffdcfd68','13278dbc-0826-4ff6-a16f-4049ec68c381^UW:\'2T_:B7?|?pb-o\"^n5MS2','12c10897-8f5f-4148-96b8-733c5be9be0e','739433e6-1514-4b14-89a2-4350513cb2c4',1,0,'2023-04-02 03:04:49.860888','2023-10-02 03:04:49.860888'),('c84f16c4-f78b-45c0-8310-614e3e9e2611','20dc7534-176c-4b6e-baa3-1c160e9adb0aipKHm!v\'uod:d=En*s#8TjW9J','12c10897-8f5f-4148-96b8-733c5be9be0e','d6da5fea-a227-41ea-a71b-ddc0220af521',0,0,'2023-02-21 23:54:38.126924','2023-08-21 23:54:38.126925'),('c8a45e41-ed09-4c09-bc1a-e824fc9239d8','dafb1891-7362-4c4a-854f-55661ec56c32O\\-YLVbx\\H69cu$Qs?+m\"TLD_','12c10897-8f5f-4148-96b8-733c5be9be0e','309253e5-fc65-49ea-8ec7-81fee1c882d2',1,0,'2023-07-16 05:32:13.015300','2024-01-16 05:32:13.015300'),('c8bf7104-66f2-49f4-ab9d-4bd1d1342c6e','b266346f-b625-457d-a091-d203f15655af2rVdL.mt\\9CARYfyC<M})7-./','12c10897-8f5f-4148-96b8-733c5be9be0e','e623d46a-51dd-4c93-b8d9-f40f45700cb8',1,0,'2023-03-17 14:04:36.804195','2023-09-17 14:04:36.804195'),('c8e8c508-cffd-437d-afcd-470fd6ef23be','aa20f260-32c3-4683-aba5-92bcbfae9f3fs5\"JnNRJUVQpSnysY7]y\'0L-b','dd102998-b733-4489-82f2-9cc5bf9d336d','24078c91-9d08-4983-8e3c-a6d6d853ffb4',1,0,'2023-08-24 10:22:06.495153','2024-02-24 10:22:06.495153'),('c9538b92-a1f9-4534-b8c3-c8638efc06af','7967294f-8116-4f27-9f57-9962ec41b282^\"?.(s3]e={\"jrMSmd+nMQi;n','dd102998-b733-4489-82f2-9cc5bf9d336d','1f104388-3205-490e-8acf-bf9fa3d01d35',1,0,'2023-08-20 12:16:41.634272','2024-02-20 12:16:41.634272'),('c97c66a5-b499-4869-9348-cf786f616dd4','22bcc0c4-1abd-464e-b2c7-e93ddfea80373aTI^@}V)$-tY:#7k;Xk@m=pm','12c10897-8f5f-4148-96b8-733c5be9be0e','22d12233-8c38-498f-8526-7d4ec706b37d',1,0,'2023-06-18 03:01:47.688099','2023-12-18 03:01:47.688120'),('c9a6c7d7-c162-4d74-a623-fde8de37610f','f747e220-00c6-4cd8-80db-f4ce736e957al:cl311T$!\\ek,dPhzIQ`3ODl','12c10897-8f5f-4148-96b8-733c5be9be0e','b09cc5d0-f18e-4f3e-abde-63f96a518528',1,0,'2023-05-09 00:48:03.736028','2023-11-09 00:48:03.736028'),('c9cc0ece-efce-429e-8422-502d0b902dd9','55b93b51-48d7-4a1e-8ee8-7fff8705ec284yJ?U|gIn%nV.c\'m.=.>NGkp%','dd102998-b733-4489-82f2-9cc5bf9d336d','31c4820c-8197-4201-947b-cdb2b153f77b',0,0,'2023-08-23 04:26:18.516983','2024-02-23 04:26:18.516983'),('c9dc5472-ece6-4338-8db0-06803b28ea67','3953f7b8-f6b7-4ada-bcad-610b656787acN2a&cC(-o2bLP\'(\"[2tqcPY\\N','dd102998-b733-4489-82f2-9cc5bf9d336d','2cdbcdec-936d-4555-8e2e-88185b41517c',0,1,'2023-08-04 16:19:52.247838','2024-02-04 16:19:52.247838'),('c9e196f9-fe39-40f1-b6f3-49b76f10ec99','77e0f756-41b8-4870-ad3f-72df415808ab\\mi:TBO/d*Zhi[-MQhS_2}08>','dd102998-b733-4489-82f2-9cc5bf9d336d','4878ec2a-531f-4ae1-b2f4-09b10b1cb20b',1,0,'2023-08-16 02:15:48.554156','2024-02-16 02:15:48.554156'),('c9f69d4c-19ae-403b-ac13-6e4f25a70644','715dc862-a042-460a-b165-252e226392a5;>{aU/GJF6mHs[Yr7jEsuw\"#@','12c10897-8f5f-4148-96b8-733c5be9be0e','77a61b10-c99e-4c31-b3c2-09ef9a765a0b',0,1,'2023-03-04 13:21:13.160468','2023-03-04 13:31:13.160468'),('ca7bc68b-5e50-4cbc-a207-73a0b107bd30','3c8e0ab0-f644-4e10-b618-365a1ad285a9^\"$Enk7&=5qIWB3.Ls&\"m.Ym5','12c10897-8f5f-4148-96b8-733c5be9be0e','272e9c90-e195-4264-be85-20ef35d8fca2',1,0,'2023-08-01 06:39:41.964352','2024-02-01 06:39:41.964374'),('cad5a011-4099-4fe6-b618-1bc5054e98bb','12347450-2f0e-4a26-ac28-9430423efeacZUiX%/\"/QT|</Y!u!oq4`ZpEj','dd102998-b733-4489-82f2-9cc5bf9d336d','aba09ca7-407f-4dfc-8979-466d912b69be',1,0,'2023-08-18 04:07:24.193293','2024-02-18 04:07:24.193293'),('cb14b90a-223e-4a25-9b80-dbbada0b8da3','d1e06324-d9b0-45fc-94aa-286f578dd6fci9#2\'n(DYXxVna0|mylK{8f]p','12c10897-8f5f-4148-96b8-733c5be9be0e','0d950a16-b2c2-4344-9eaf-1a41e6c4e8e6',1,0,'2023-05-27 08:19:31.361059','2023-11-27 08:19:31.361082'),('cb7351fb-abba-404f-ae97-e688aa37d228','67753c67-1d85-4e8b-b2a2-4547410c084bi/{\"^)04eL:?MqV5G19-Yv2yg','12c10897-8f5f-4148-96b8-733c5be9be0e','c67081b8-cb4e-4039-a161-4d2552919209',1,0,'2023-06-26 10:07:52.037272','2023-12-26 10:07:52.037272'),('cb858089-ff56-48bf-82c3-d810c7e1e627','753081f7-426d-45f5-aab2-5d39f145d3a7OoZD<+,{QoNM[,r\'5eFU4g8ew','12c10897-8f5f-4148-96b8-733c5be9be0e','dcfc1536-1a19-442f-9808-f39b73870b0c',0,0,'2023-03-16 08:43:20.633884','2023-03-16 08:53:20.633884'),('cbb8a3c3-1ce3-475d-beba-535059a19aca','d4c76422-b9be-44b4-b62d-876dc3618e5f!!EwyOy\\=dHbY5q%6nja6dBj#','12c10897-8f5f-4148-96b8-733c5be9be0e','9ada5ba8-2661-4ae0-b134-56a0c3e8ab42',1,0,'2023-06-07 07:53:46.079617','2023-12-07 07:53:46.079617'),('cc00b8f1-b0b0-4fa6-a69a-88341e6ce3fd','e28fa90e-4869-4673-aba7-bfc4aa13d048^>Uy!R87:F6K(\'|l\":Jy*^tX.','dd102998-b733-4489-82f2-9cc5bf9d336d','e4b562c3-8de2-487c-a137-72cc51601a07',0,0,'2023-08-18 01:30:39.435183','2024-02-18 01:30:39.435184'),('cc1afd1c-5a2f-42d2-a792-829a7f85ec1d','3e53a4f5-8659-4cc8-910d-f08516996fea%HGnM(cOEXE6_7K+(71F;59l[','dd102998-b733-4489-82f2-9cc5bf9d336d','4847115c-d96f-4e54-a4b3-c9fd3a5be173',1,0,'2023-08-23 09:48:16.930087','2024-02-23 09:48:16.930087'),('cc8aba74-2764-4103-a3f4-c8ea6deec380','310ef5fe-dcd9-4b49-a49b-d7a9dc7e3286nkTKBZyH>^QnpdYCZ>*ih+|Dz','dd102998-b733-4489-82f2-9cc5bf9d336d','9e60a1be-fb39-4084-9851-7e4cdf64efcc',1,0,'2023-08-18 09:42:01.296939','2024-02-18 09:42:01.296939'),('cc8fd51e-b242-4ff1-b3f7-041601f8237b','295cd539-3a39-4b10-9e15-c8420e164e27EBjA}I?gi\"KB&V)%9l$<{Sc0:','12c10897-8f5f-4148-96b8-733c5be9be0e','a59f095f-577b-426a-a264-624f4584bec9',1,0,'2023-06-09 07:16:24.287266','2023-12-09 07:16:24.287267'),('cc92dedf-573b-4d48-932e-020bad8d99a6','c74c3bbf-30f5-42bc-93ca-d9c739d737b3z#-is.`0C1tdRCJ_{9u,Z>3Q@','12c10897-8f5f-4148-96b8-733c5be9be0e','cc2250ff-e1a9-4c9a-b03f-cffef2323cf2',1,0,'2023-03-31 09:42:43.706294','2023-09-30 09:42:43.706294'),('ccb43920-09c6-41f5-9b26-927c8cfd99db','7c9063b8-3994-4590-9dea-6cfb712380be@Hc6iq=l@=Te?$MymOG3G:R7}','dd102998-b733-4489-82f2-9cc5bf9d336d','e833ea0b-209f-4ae3-84ff-f803fcaa894f',1,0,'2023-08-24 07:29:55.183907','2024-02-24 07:29:55.183907'),('ccb80a27-cf4e-4383-a875-473ade49639a','34456221-7498-4415-9487-e362e1c55c30,>cxXGY^xEI4pUFV[){176aAS','12c10897-8f5f-4148-96b8-733c5be9be0e','66c3e621-ba13-4cd0-b373-20bc84e57e97',1,0,'2023-06-07 08:46:08.494728','2023-12-07 08:46:08.494750'),('ccbd4f70-0f5d-494d-b590-8261775c85b7','b13c95da-a7ae-4981-a15a-b63390f05674(X4Y%MHvVTjEW||m?7osN8^5L','12c10897-8f5f-4148-96b8-733c5be9be0e','dd85ec66-007b-4504-b844-82a7ebab60ec',0,0,'2023-02-28 00:48:31.500297','2023-08-28 00:48:31.500336'),('cd640740-cb1f-4295-bb10-b984c0105e52','c1387ace-b566-4762-8504-b2d4c779b2e1!DV.]G1.XhiyXhWp?<t8>(kNw','12c10897-8f5f-4148-96b8-733c5be9be0e','2a1e56cb-de85-42cd-b9a2-36ce1b2caea8',1,0,'2023-07-03 14:23:58.754779','2024-01-03 14:23:58.754779'),('cd6504df-ec61-44fe-89f6-238742dbe94f','accf2226-7d19-42b9-a5f0-95adcbd77131;P&cr7I%bhaDvJKb3e}V15>J!','12c10897-8f5f-4148-96b8-733c5be9be0e','1cdd1cd1-587e-4d4c-99a2-eac21b672747',1,0,'2023-05-09 06:10:20.136231','2023-11-09 06:10:20.136231'),('cd6764fa-0d77-436a-9947-ac18e12adee7','2bfaa1e6-7ebc-438a-a8f8-1fc19b379db64/sS@^Onvojh\\-m7PMo-`@WT=','12c10897-8f5f-4148-96b8-733c5be9be0e','a2f43d2e-0bf1-4d75-b131-04995eb8b9cf',1,0,'2023-03-26 15:08:16.493635','2023-09-26 15:08:16.493657'),('cd6df728-fe01-42e9-9caa-7f6fb3aadc3d','eef30cd9-1383-45dc-9513-e246de81846f2pI4UqQjh`)Z\'FaSa*?[!3kh[','dd102998-b733-4489-82f2-9cc5bf9d336d','46ef1048-8bea-4a5e-91ea-2cbb0db52fe2',1,0,'2023-08-23 09:42:25.214889','2024-02-23 09:42:25.214889'),('cd7cb7e2-d887-49bf-ad75-37514735641f','29cac91c-dc04-4276-81ef-b42b3c2bf65afOgqA<?V#75a!\'5O;`<8m!v1l','12c10897-8f5f-4148-96b8-733c5be9be0e','ab7b58d1-0539-4f46-ac9d-bcb63e0cafef',1,0,'2023-03-19 09:58:12.187075','2023-09-19 09:58:12.187075'),('cd902692-2662-4ec4-913a-904ee76df584','285d79cc-7454-41a2-9ba4-026ba47b6eaatcC^N<m%C;kzkrlh+Y%@3oa}D','12c10897-8f5f-4148-96b8-733c5be9be0e','a2edcaa1-d2f5-429d-8307-77370046defe',1,0,'2023-07-20 00:46:10.219036','2024-01-20 00:46:10.219036'),('cd968d37-7b49-4742-ae26-b331e2737915','23f8dccb-c67a-41e7-adad-c4a5c264266c>{a}Kl.iHQ1sI8pp\\adDmsIjp','dd102998-b733-4489-82f2-9cc5bf9d336d','88c67d0b-ece9-4fac-98ab-cc782819cbf0',1,0,'2023-08-29 04:04:20.386608','2024-02-29 04:04:20.386609'),('cdc1d4ac-a6be-47e9-a1df-e62ca98aa380','046bf0a4-8186-4883-8ca1-d9a0d7bf0eee8&\'ykZ{R;}V|PF[hF?y0f[\\q\'','dd102998-b733-4489-82f2-9cc5bf9d336d','58f6f388-47aa-478f-a381-f74b965523fd',1,0,'2023-08-29 01:51:58.020795','2024-02-29 01:51:58.020795'),('cdc5c6a8-c875-4bfd-8657-fa73a8e9eee7','a0a83bf3-b447-4c20-9bcb-a575b0ae7feb$E^;Afb[cI?_J;yg7oC`/V-}#','12c10897-8f5f-4148-96b8-733c5be9be0e','d6239382-56ba-4f9e-981b-d361df11c737',1,0,'2023-04-19 03:49:58.417766','2023-10-19 03:49:58.417797'),('cddfbb3e-a1e8-4160-aba0-ed8b011e1ec7','5a34ca5e-e25f-4851-a96d-eefb861dd1d4GB,ooob\\6(wD\'bhvhY&-#FqFR','dd102998-b733-4489-82f2-9cc5bf9d336d','ca0fd806-8d51-467f-8364-36b0539cf32e',1,0,'2023-08-27 11:57:26.171489','2024-02-27 11:57:26.171489'),('ce03e058-725b-41a8-841b-059b438ba881','3149ecb7-8a7e-435b-8c1d-c5c83f37b668i?#dCB:dsO%8-Q]9UYzA}!(_8','dd102998-b733-4489-82f2-9cc5bf9d336d','432d8fc6-bd57-4dcd-a2ae-a112bef34ce7',1,0,'2023-08-23 08:43:27.359731','2024-02-23 08:43:27.359731'),('ce6af982-2d4b-4cb7-ae0c-0ecc1cf5cdd3','48fe2274-272e-4ae5-aae1-8bce7c278a84eGm#<iXvP<Ng^6IgbC{Ul.@ZX','dd102998-b733-4489-82f2-9cc5bf9d336d','4b765836-5f52-41d5-93cb-b1d2447c7d30',1,0,'2023-08-27 12:30:23.583866','2024-02-27 12:30:23.583866'),('ce8a881e-b153-45e1-b894-5919a02e5334','3f9d90f6-075c-44a2-9f86-81c87a7a2d6f2{sJjzW@7(Xg%\'JGSG7-`{Zcc','12c10897-8f5f-4148-96b8-733c5be9be0e','68965d94-7cd8-4965-ac11-5711dedcf431',1,0,'2023-06-24 08:27:04.204672','2023-12-24 08:27:04.204673'),('ce94d21c-06c2-4896-aaf4-121f958fce3b','c605307b-d58d-4daf-8651-0d5bc678fded&V7b;iuL>X%*OD@ZWSSXG(Jk$','dd102998-b733-4489-82f2-9cc5bf9d336d','3ca8b0ef-6845-4991-9915-d951eddecf4e',1,0,'2023-08-17 08:36:00.972416','2024-02-17 08:36:00.972416'),('ce9b4691-bb4f-4437-9e70-e51a030083fe','dceede93-8732-4b6c-bd6c-3c5f2b6e0b11qPf<uYR&8?l{K[GA92nAYve>6','dd102998-b733-4489-82f2-9cc5bf9d336d','5490dee8-cbd2-4faa-98f7-310c87c2ff3d',1,0,'2023-08-20 04:45:17.705568','2024-02-20 04:45:17.705568'),('ceccd8fc-b1b0-4f3d-a99d-ed9ee243c0f9','b9f21533-fd0a-44c2-aab7-e34aa939b252r`i:?Uz{iA)UH;K*?e+U{FjWj','dd102998-b733-4489-82f2-9cc5bf9d336d','626091af-a380-4d48-83f8-34ce7f4bf205',0,0,'2023-08-22 06:58:01.586412','2024-02-22 06:58:01.586412'),('cf9b2de1-cc44-4b8d-aef6-179d6c7c8b46','034d79e3-e476-4e01-8a1d-5f2de416238bi9S\"0K.U?nM+\"ZY>}a_g=6ASo','dd102998-b733-4489-82f2-9cc5bf9d336d','8abed530-60d1-423a-a228-7bfeb8981705',1,0,'2023-08-07 04:32:05.424789','2024-02-07 04:32:05.424789'),('cfa38ba1-6f9d-48a7-9089-d1ba247fe79c','bf9e3f27-fe91-4431-85fa-16ab0c308dc2QJxpRs\\@Py(tH[FetU5hEO,ee','12c10897-8f5f-4148-96b8-733c5be9be0e','b0cd5050-7230-4e54-a084-84b254c6a9b0',1,0,'2023-07-20 14:31:13.583542','2024-01-20 14:31:13.583578'),('cfa8554c-56ee-4509-aea5-18ae7dfe397f','28d13e69-dbb2-4af7-8322-3a8ac5123692]t{)g},pUAbJ#{/St=_Ep8lPx','12c10897-8f5f-4148-96b8-733c5be9be0e','cbcccbf7-fe64-4333-9a2a-5b90ad78f0c5',1,0,'2023-05-10 01:33:30.621894','2023-11-10 01:33:30.621894'),('cfbf9d5f-ea72-4140-8953-6d9babff562d','107e0692-34c0-47be-8999-af49dc8097cdNb7.IhWD|1U_ciS/8VEPzQS81','dd102998-b733-4489-82f2-9cc5bf9d336d','11ca3428-75d5-406a-a926-e83779eb8bea',1,0,'2023-08-28 04:43:33.803913','2024-02-28 04:43:33.803913'),('d08e943b-e586-4102-a8fc-e26ab3f28852','e507ea48-311a-4624-b008-f9458d64792bMasENm];6/.(TIX$g%aVF9XZE','12c10897-8f5f-4148-96b8-733c5be9be0e','b1c3df44-2e87-4966-9f3e-564aa303ef7f',1,0,'2023-07-03 14:28:20.609724','2024-01-03 14:28:20.609747'),('d091b573-42c6-4378-b53e-e13da7845e88','39f3f85d-3f4b-45a7-a5f2-8d462ef6ad6b)93I/O|9g25.X,?.a99Qo)6e]','12c10897-8f5f-4148-96b8-733c5be9be0e','b6977a55-e295-4526-a033-fb6b16f1658f',1,0,'2023-07-28 08:11:56.095006','2024-01-28 08:11:56.095006'),('d0ff76d2-cffe-4b32-ae0d-5bc76a76de6b','6700eb2e-5bb0-4d87-96cf-3e9536b34385x3\'2\"ErWO@2,Pw&uz-e8r+!A_','dd102998-b733-4489-82f2-9cc5bf9d336d','26dd6e15-f45f-4fb9-86c5-29d512b88de7',1,0,'2023-08-16 04:45:34.215527','2024-02-16 04:45:34.215527'),('d102bf66-2f49-4cf0-8b61-9d63add46ade','12bd94ce-1f6e-45e2-97f1-eb3848f787ac/_IXDK&`FBk}9bEj^]I9fY1Av','dd102998-b733-4489-82f2-9cc5bf9d336d','f7ca71bb-6867-46b2-ace9-2ea223fe8e68',1,0,'2023-08-13 04:09:26.991353','2024-02-13 04:09:26.991353'),('d12e468b-3130-468c-a0f7-46424e8e1a70','fae43c48-b9ae-4dfb-8dc9-c7190863f213@1}x7pxu@PHV)7`8#w(|#:F+\"','12c10897-8f5f-4148-96b8-733c5be9be0e','872d878a-ecc6-4374-9546-d2dda6c5bfa0',1,0,'2023-06-12 00:43:14.569588','2023-12-12 00:43:14.569588'),('d1403961-1b38-4605-a2b1-ea78814ab4b9','c4dd8902-8131-4a49-b61a-077b9fab14b5NVqL70,j6C3^$]u$z@dZu}i6L','dd102998-b733-4489-82f2-9cc5bf9d336d','edad7339-d64a-4a32-886b-c01b7dfea1d5',1,0,'2023-08-13 04:02:40.234989','2024-02-13 04:02:40.234989'),('d1577dca-ad23-4ac9-868f-37a3bac176b2','06f45db4-b514-4f6a-9275-32e4c27cf64a!$#9M+v@DfHJILrpNPt\\Ld>Bz','dd102998-b733-4489-82f2-9cc5bf9d336d','130778f9-1194-445f-b573-2fb961cc3930',1,0,'2023-08-14 07:29:09.102632','2024-02-14 07:29:09.102632'),('d1c57fe7-c6a1-4f40-9041-d0fb9408457c','7dae3081-4294-45de-ac42-8db834d7a22eZ-?y\\(];Xu\"\\\'\\lF`q*/$T^h1','12c10897-8f5f-4148-96b8-733c5be9be0e','13b7ef95-e269-4fbc-bd55-573d088732e6',1,0,'2023-04-30 04:39:30.014281','2023-10-30 04:39:30.014281'),('d1c66069-8e30-4fbe-afa0-170e1fde2529','f67336d6-55e2-4d6e-a969-4216758c2337Qa!`Ooqr.To(v2v4J^tYeiV%|','12c10897-8f5f-4148-96b8-733c5be9be0e','e12dbfca-e768-43ba-9853-d3f896e3889f',1,0,'2023-05-09 06:05:17.153039','2023-11-09 06:05:17.153039'),('d1e8f85d-ca9e-4819-bdf9-894f9fe5d3cf','ddd11ce2-5efb-413d-b9e5-19cd1104e441E@28p+M>|/Iq6I7_cT8;Fqe#A','12c10897-8f5f-4148-96b8-733c5be9be0e','5e478223-6f46-47bb-922c-3c9f6aa91d78',0,0,'2023-02-21 14:07:25.516045','2023-08-21 14:07:25.516067'),('d23ff00f-362a-404d-b603-5e2584007781','af2737f2-6e4e-4a02-97ac-90f65ba68132bD(=N]#t\'4,tD:|E3\'qwBl{)+','dd102998-b733-4489-82f2-9cc5bf9d336d','6c3bf011-5350-4658-af71-c1581194ba43',1,0,'2023-08-01 08:34:12.427921','2024-02-01 08:34:12.427921'),('d24fdaa1-c623-40d3-8e74-0baf0d48f1a8','34792a71-d174-44f4-89a4-8c0fd817764a0t$CVu;LCO&B;L[!FOMui.WKx','12c10897-8f5f-4148-96b8-733c5be9be0e','1369ef19-d892-44c0-912b-083f77c35e8c',1,0,'2023-04-08 03:38:42.259329','2023-10-08 03:38:42.259350'),('d25a5537-adb1-4ddf-aaa0-e6a9facd3afc','d2eaab6a-c0d4-47c5-8145-ff8f5c620a0cd,E-jq[)|R&c<NUCg;$j-4fgl','12c10897-8f5f-4148-96b8-733c5be9be0e','a2e4930a-d44a-4a32-b0bb-b753b5b12506',1,0,'2023-04-23 08:32:08.213641','2023-10-23 08:32:08.213641'),('d25eb36d-14bc-409b-b2f9-b73ed85588ed','3f8f6cfc-e646-4bae-bfe8-83401872019f.A!:K14(ef$O5;.Td\"48O7#_H','12c10897-8f5f-4148-96b8-733c5be9be0e','125e3f55-ab59-4027-9987-f6177e3009de',1,0,'2023-03-27 10:20:41.973415','2023-09-27 10:20:41.973415'),('d2c8708c-ce55-44f6-964d-aa19e170152c','29ca8302-5484-46dc-8c47-3eff144f5774>XE-7%78h|j:>dRY#&G.zQcdE','12c10897-8f5f-4148-96b8-733c5be9be0e','c81fdb0d-6ebe-418b-afc0-a2af55f8be0e',1,0,'2023-04-17 08:48:16.806529','2023-10-17 08:48:16.806550'),('d2fb9193-f664-47df-b75a-5826239b53f7','884f5e27-1862-451e-8587-6e329af46e86i^{B#|})9>zyO}_x3;KoRuWn:','12c10897-8f5f-4148-96b8-733c5be9be0e','dcbcc05b-e8e2-4c96-8680-e8dd4d6a5e0d',1,0,'2023-07-19 13:40:37.424228','2024-01-19 13:40:37.424228'),('d35b3f53-df51-4d9e-a9e4-f83c0a08686b','86d0ecd7-4a6c-4fdf-a4d5-da4ef3664d02p:\'2X,WC\'6]#_a>zJ[*\\c<1sI','12c10897-8f5f-4148-96b8-733c5be9be0e','e060a64a-6f8a-4da7-a397-3cc4ad3817ef',1,0,'2023-04-08 04:01:03.182825','2023-10-08 04:01:03.182846'),('d3697ead-1889-4df3-a234-a28250845cc8','8539b94f-1136-4156-b86c-4c8d3e8718e03kvj$\\A>CJ0O*p=5}cM5T&)4>','dd102998-b733-4489-82f2-9cc5bf9d336d','ac2fc23a-75b7-4a3b-8779-b26f6a148fcf',1,0,'2023-08-29 08:25:33.215214','2024-02-29 08:25:33.215214'),('d36d4915-2b74-4a99-8d8d-d9e2c9176bb3','bb9ab898-fa33-436f-85b6-c4af780dd78c5v7+S.\'Gv7brOK$\\}7(d%?Zq;','dd102998-b733-4489-82f2-9cc5bf9d336d','cc1e38b7-d0cb-432a-b580-0c525dfb3704',1,0,'2023-08-25 06:26:08.657645','2024-02-25 06:26:08.657645'),('d3733c52-e465-424a-acd5-de7500088792','cc0c0621-6802-4387-a887-f6bcbad88376U<Zie<cZH6>2G0:uh{@Y,JU4g','dd102998-b733-4489-82f2-9cc5bf9d336d','9ddc9271-c12c-4169-972e-2965c22ce181',1,0,'2023-08-24 09:03:05.352485','2024-02-24 09:03:05.352485'),('d3d2b749-6582-4375-a7c7-d9da04c4243e','28b73f4e-a049-4b3d-b437-d7face8a664em}=)tVY[q)j)Jw\\Hn5O[Xxjx\"','dd102998-b733-4489-82f2-9cc5bf9d336d','46bd5a39-8b4b-46a9-a4ae-c69e2ac7ab30',1,0,'2023-08-07 01:51:20.685213','2024-02-07 01:51:20.685213'),('d3e2f03d-66d4-476a-8a91-e4e7abae3a93','23d3b2df-a855-492c-81d9-44c5966bc9d0/i2}3ad<?-2?BE0\"r,Lb7_)s-','dd102998-b733-4489-82f2-9cc5bf9d336d','a2da0962-1565-4c5b-a2c5-43d311a1f81d',1,0,'2023-08-22 03:42:08.350767','2024-02-22 03:42:08.350767'),('d3f2d8e3-0eb6-4e94-bcc1-04a24ad06442','48aabe3e-81b1-4035-9e81-3ad648c4b72aF_E^X,{@\"Xaj+?wDxf35\"JXVv','12c10897-8f5f-4148-96b8-733c5be9be0e','aa179a74-bc25-46fe-894e-d489049bb7dc',1,0,'2023-03-29 14:59:50.452574','2023-09-29 14:59:50.452574'),('d3f7a670-9a3f-4dbc-a0c3-0c9880525d46','414812f5-fb34-434e-af82-8abd9a2aaba30)JJv_u$\'++q},&qS8isP\'$*N','dd102998-b733-4489-82f2-9cc5bf9d336d','d95846c4-6405-4f75-801a-0c071eb5c3c7',1,0,'2023-08-28 02:08:32.706525','2024-02-28 02:08:32.706525'),('d42c851c-2eb6-4142-88f8-1c105d1a8683','c5cb1f30-3846-40e2-bae9-c91d05a1b9b4spngnDt24k=N1-T<Vgu}\\g8[W','12c10897-8f5f-4148-96b8-733c5be9be0e','65637da2-207d-4386-b434-bc5d868cc435',1,0,'2023-07-19 14:53:39.799542','2024-01-19 14:53:39.799542'),('d43752c6-8d61-41cf-b5ac-ec809c6eeadb','511c855a-2e47-4bec-a89e-1ef1ae8dbda9Pi6U7O$|\"DCcj{yfw\\gOAd{-2','12c10897-8f5f-4148-96b8-733c5be9be0e','382e6181-fa18-4c64-b658-e0a8b0e0af6a',0,0,'2023-03-12 15:26:59.157451','2023-03-12 15:36:59.157451'),('d440ba09-1f69-41f4-a43b-708dcb7ffc9a','d3a7c9f7-0c36-41a6-853a-831f0b222adbyCv3Q&|hYYart8Xas%{FgPl8a','12c10897-8f5f-4148-96b8-733c5be9be0e','45469930-46ed-460f-9616-8765786f6888',1,0,'2023-03-28 01:48:31.425749','2023-09-28 01:48:31.425749'),('d469fee3-2c63-4248-9c25-1daf5c550001','d49afe11-dbd5-4fd9-8b04-397b1e376dcb|@t\\UWs2hJ6hyl5Hz\"_.)h\\wU','12c10897-8f5f-4148-96b8-733c5be9be0e','458220a7-6c7b-423b-84ef-9c63ed164163',1,0,'2023-06-09 07:45:44.414141','2023-12-09 07:45:44.414141'),('d48a3c98-a558-4e81-959a-4fbfa58fb0a1','d47e5523-9b0e-474e-a0e4-b81047f20c92C\"tMOV\"#gp]5KVhhu&BCRxy7`','12c10897-8f5f-4148-96b8-733c5be9be0e','ecedb8b7-aeef-4e82-9883-e03a4e5d515b',1,0,'2023-05-14 02:46:29.222592','2023-11-14 02:46:29.222593'),('d4ae5475-a53b-4773-b6b6-479c3f05506f','56ddc975-ac16-4e0f-9c3a-2f94aa8b9517m1_gi@kp8{_SQ31/!,IGstso*','12c10897-8f5f-4148-96b8-733c5be9be0e','1705b032-f8e0-4231-b3dc-49e94b73e93d',1,0,'2023-05-12 03:36:32.101932','2023-11-12 03:36:32.101932'),('d4d94834-7e44-4b3b-b681-264fd364c76b','2d3b983e-ff18-499f-89b4-82884335db4b}\\Q5avtEC<Be1Ow@:U\"KQ:uCW','12c10897-8f5f-4148-96b8-733c5be9be0e','6ba0bed4-b1fe-4c86-835d-326ffd49dfd7',1,0,'2023-04-08 09:16:55.641348','2023-10-08 09:16:55.641369'),('d521f7ec-5202-416d-9d13-46d70d2ced5b','e1daf56b-3056-4cb6-bab5-dc53a1800e51VFp:MNeO_mkbA))9f=wxnFELT','dd102998-b733-4489-82f2-9cc5bf9d336d','c603e645-cfa8-40e5-9072-e93215d5f49e',0,0,'2023-08-22 09:25:32.199698','2024-02-22 09:25:32.199698'),('d546c577-103a-4662-b22b-fab2b07ad5f6','4a77b02b-b289-4b76-afff-d957e949f67c[YtN:\\nHV9pC8o<77}7@m*Up4','dd102998-b733-4489-82f2-9cc5bf9d336d','f937b1d0-f2e1-467f-9f50-39a1508d4b5f',1,0,'2023-08-16 08:00:16.775065','2024-02-16 08:00:16.775065'),('d56c213f-0727-4927-8aa5-73a82b52cefb','cc56c799-afc4-46d5-8ba2-f29d6fc0a2cbAtN3$+W05nAN:P6xo0z1X4f,x','dd102998-b733-4489-82f2-9cc5bf9d336d','e9ed9c6d-8bc5-411c-a6e0-6d558d4a703b',1,0,'2023-08-24 08:03:18.255751','2024-02-24 08:03:18.255751'),('d5864cf9-3aba-4be7-8667-a2f53d8cc091','514c704a-a48e-450e-8a18-24e9f7f760d0&BkKTl*M1}]hz&E&k8_ad}<Hv','dd102998-b733-4489-82f2-9cc5bf9d336d','e0943360-949f-4a3b-852b-d94b63f718b9',1,0,'2023-08-19 07:33:19.814309','2024-02-19 07:33:19.814309'),('d59ff9b0-7201-45e3-a14f-c939eb694aa6','513019fe-34e1-4a62-8600-8e8a6025f8ebx8OuFp:J2{%<=o}\')1F>F#m&F','12c10897-8f5f-4148-96b8-733c5be9be0e','33b29ee0-3f32-4c11-add4-6aaed1fe61f9',1,0,'2023-03-28 04:05:26.210993','2023-09-28 04:05:26.210993'),('d5b7e959-4cdb-4767-b943-ee0d1ada823d','f7223ecd-cf80-4ef5-a4ef-6b6e769afd3aF`?ka4`?1<6+o}H(U37vdEf#4','dd102998-b733-4489-82f2-9cc5bf9d336d','ccf8be6e-9091-47de-be77-9785d7c64691',1,0,'2023-08-22 03:08:27.927538','2024-02-22 03:08:27.927538'),('d5cac52c-c7ef-48f3-a7bb-423607defbc5','9bf63cb5-6d5d-477a-a96d-763f317895f6k11leP,W1u\'a}:QNTBL\\7mWxV','dd102998-b733-4489-82f2-9cc5bf9d336d','790f210c-e589-46ba-8352-0617fb42c309',1,0,'2023-08-25 10:13:02.354829','2024-02-25 10:13:02.354829'),('d683f0a3-7e6c-4c56-848f-3fdd0a070008','b30d86a7-0df7-45a3-aa45-293ea7368927iEoagF?>_>@oI3h[jWm](J?S?','12c10897-8f5f-4148-96b8-733c5be9be0e','7fca6a57-192b-4587-8bc4-fb7d63a920df',1,0,'2023-04-06 07:42:02.438152','2023-10-06 07:42:02.438173'),('d75a8f78-c05b-4163-b385-ee1bf8c00f59','5b28f5a7-f9d9-4f0f-851b-a2d2d7ed2b11f8%ovh.P?</EBTv?PT$yWzh%m','12c10897-8f5f-4148-96b8-733c5be9be0e','318ccf5c-2ece-41f8-918d-e68732b134c2',1,0,'2023-03-16 07:11:43.930720','2023-03-16 07:21:43.930720'),('d7df3f71-23d1-4f2a-8f8e-4ff6cb282838','8b95bf69-b947-40c5-948e-81dd4cc7d526dI9-tE\')L#$kp/rthXy@<U)ft','dd102998-b733-4489-82f2-9cc5bf9d336d','ac65e591-d61b-4da5-8b29-06385e16bd81',1,0,'2023-08-25 12:11:27.064094','2024-02-25 12:11:27.064094'),('d7e0e6f5-b942-41b3-aff1-6854cad764c7','720c441d-12bb-4504-825b-e17f4585406bAKk=h(jGLkeS^g\\WjbL;3H=bQ','dd102998-b733-4489-82f2-9cc5bf9d336d','ff661a84-848f-40ae-8bed-29c868bb101e',1,0,'2023-08-29 09:14:07.426939','2024-02-29 09:14:07.426939'),('d80cec43-34bc-4bb5-b9cf-d8bb7c46cdae','db6dd182-25c5-45df-82d2-b7e7505e7c17,)kF0|\\mw4]^h*|3{r1t-6]|>','12c10897-8f5f-4148-96b8-733c5be9be0e','a119ea0d-bcf3-44d2-953e-7549cc4d13bc',1,0,'2023-04-23 09:02:04.888785','2023-10-23 09:02:04.888785'),('d845b43d-de84-48a5-9196-744ef9a6d6f5','75acc495-02a2-4cb4-8bbd-b4fc22f095b2hT(\'HV1rrpXIILV8r}6{}@\'r8','dd102998-b733-4489-82f2-9cc5bf9d336d','73b91538-9897-482b-8636-5de06a70c6aa',1,0,'2023-08-12 07:37:18.743339','2024-02-12 07:37:18.743339'),('d8ca4aeb-c895-4357-bbc6-fb2f2928bc9a','2f6db8a1-5b88-4bb9-8111-a00c65bff2db?60c5;=$;#Gb(O//0j*!ohe^o','12c10897-8f5f-4148-96b8-733c5be9be0e','befd0400-5a87-4b01-a9ef-97f3cdec46e4',1,0,'2023-05-12 06:51:11.920080','2023-11-12 06:51:11.920080'),('d8d515d5-793a-430a-8ea1-5dad132bb42a','17e07af7-8b6f-46e0-ae5b-47a3fb074826D`hqK{wpt1.DQ;n\\K{W(d}_R9','12c10897-8f5f-4148-96b8-733c5be9be0e','e8211541-3e7f-4419-9f24-333deb467175',1,0,'2023-07-16 12:49:11.704387','2024-01-16 12:49:11.704387'),('d9186554-2367-4340-9bca-30db5e58e90d','1335b2b5-a0c6-4267-b599-0baae8445f64Bh`ycCRAiO<hYV\'S$:sK+]=3p','dd102998-b733-4489-82f2-9cc5bf9d336d','208002b8-aac8-453e-ac32-6e8708db720b',1,0,'2023-08-06 01:47:48.786853','2024-02-06 01:47:48.786853'),('d92e20cb-2c3a-4ad3-99ad-3a50a5701d70','67cabd3f-6c13-43b3-bac2-6d3bbe2683a4*Eu4Nz#6q=&?ctf\"ByFO>pr;N','dd102998-b733-4489-82f2-9cc5bf9d336d','c4515241-4be3-40bd-b652-cc7cb7f05a7a',0,0,'2023-08-22 09:53:21.625341','2024-02-22 09:53:21.625341'),('d94b2d94-1efe-4169-9297-cbc4c35fcff2','ef0258e0-b22c-45ba-8b08-55392cb051bbq.oP(5w$fOYR[*yi>JQZ}X`VD','12c10897-8f5f-4148-96b8-733c5be9be0e','ad67d4e8-acc2-419a-af49-c10ef799eaa4',1,0,'2023-04-06 07:30:58.888183','2023-10-06 07:30:58.888204'),('d9531dc4-7cad-4bdc-aad9-e5918caeac3f','fa5b0590-c626-4584-8108-2b0d76d3f996ijhR_wtq\\^P&dK08keM]GOi.*','dd102998-b733-4489-82f2-9cc5bf9d336d','f238eb15-510a-4b03-8502-cbbde266883e',1,0,'2023-08-16 09:50:28.986419','2024-02-16 09:50:28.986440'),('d9559a0f-604f-4789-97a3-8d2b436630d5','d12377be-8d0a-4259-a6a2-364ee465b3644H8%34I[mm{DYk4vVpdhvFq<0','dd102998-b733-4489-82f2-9cc5bf9d336d','4e438def-a02d-4b58-9c74-f51642adbac9',0,0,'2023-08-29 00:59:36.206026','2024-02-29 00:59:36.206045'),('d96ba2ad-d9ad-48d9-8ea2-c401327c9b7d','e4d80352-7eff-4ec1-8d90-daea34aca15cv@JE<v)\'!nZ58Q?$e8m6*=n\\b','12c10897-8f5f-4148-96b8-733c5be9be0e','62414ea0-7a95-4c57-8cd7-5ec38ecd7a2c',0,0,'2023-03-16 09:57:56.679780','2023-03-16 10:07:56.679780'),('d9af1be7-ba30-41aa-a1bb-4fdcb32eb878','f876e2d5-8ff7-4c69-9a94-80f39c775493Sd.wCpk_J(b|M)L0_,eqq.BYQ','12c10897-8f5f-4148-96b8-733c5be9be0e','9a30c5cd-7932-478d-85db-8512ebbb298f',1,0,'2023-07-25 00:44:55.521185','2024-01-25 00:44:55.521185'),('d9dbe0f7-1272-4f08-be43-22bc3a70bcb1','431452c0-6bcf-4beb-b1ef-d059a2edc24cjAKJm7Xbl]p?L)e\'EqbjhwlhS','dd102998-b733-4489-82f2-9cc5bf9d336d','d3aead6c-19e0-4767-9c8c-8cc0c8b1f638',0,0,'2023-08-22 08:28:29.590818','2024-02-22 08:28:29.590818'),('da435942-74f7-4d47-a2fb-61ac0e7cf5c2','82cd8c9b-79c0-473b-827c-5f53f4cb201e3RT}56I<Wv=@Nj5_^`pUYs?ha','dd102998-b733-4489-82f2-9cc5bf9d336d','ad22c734-3129-4131-8d95-dfa75311091a',1,0,'2023-08-18 08:37:00.626241','2024-02-18 08:37:00.626241'),('da4e4e4b-e81b-464e-8438-89d2be35e28e','991760a2-190a-40e7-b22f-a72e09ad1cc48fHW[*)[7GU3H?E%8PX|/hyV5','dd102998-b733-4489-82f2-9cc5bf9d336d','f96f61ab-e5be-4418-b900-e8113382e203',0,0,'2023-08-22 04:42:16.667909','2024-02-22 04:42:16.667909'),('da943799-3f87-496b-9506-dbacaf1a2d8a','670c752b-bba8-43b9-8182-2c0ad0cb72fe_m#%ITp3FP^ZluXM!7obUqm$<','12c10897-8f5f-4148-96b8-733c5be9be0e','34b629d1-5b8f-47d0-a3bf-4c37890006d7',1,0,'2023-05-10 01:48:42.960608','2023-11-10 01:48:42.960608'),('daa2a2d7-8fc6-4e49-942b-48964244d589','00ac0891-0554-4a75-a51d-5530a88655e8gHE;`DL7lHAsAeG{sH\'Y?OcK7','12c10897-8f5f-4148-96b8-733c5be9be0e','6af23300-4062-4057-9129-c777d96c2eb2',1,0,'2023-05-17 14:11:40.811285','2023-11-17 14:11:40.811285'),('dab10e22-5966-41ec-b1f9-b16f67f2921f','a0e92538-39aa-40dd-b5ef-ba0b92f8585eP1hIu\"8-e\'18q0gK)Gm^Gt*(A','12c10897-8f5f-4148-96b8-733c5be9be0e','605d544c-7201-4014-9620-78962a630d96',1,0,'2023-06-23 15:05:07.597234','2023-12-23 15:05:07.597234'),('dac1d04c-f79a-49e6-a4eb-1acb643c49c3','02e340a0-d25f-460e-9145-54f69c082124U%W5rMcv9$0Z36ze#C+,(V\"Fm','dd102998-b733-4489-82f2-9cc5bf9d336d','22461dd0-0438-4a35-91ec-c5f442f90913',1,0,'2023-08-25 06:55:54.427161','2024-02-25 06:55:54.427161'),('dace8afd-0831-4fc4-9e8e-b85ccd257826','1dbb33eb-a81a-41cb-8822-38726db4d16aj)1z5#P5^m0%9KOxdS^5<2\\0b','dd102998-b733-4489-82f2-9cc5bf9d336d','144c0f67-dd4a-48d1-bc90-07b5365b3b4b',1,0,'2023-08-18 06:35:02.607617','2024-02-18 06:35:02.607617'),('db11c49d-37a9-46ca-8e80-f8f745adcf4f','aef61c09-cb24-477c-a736-7b08b4567fd2{\'Y8DD<Pam-sQ&N)K}5=vf0fD','12c10897-8f5f-4148-96b8-733c5be9be0e','4906b094-3250-4487-a7b5-f63a299d4c14',1,0,'2023-07-19 12:36:14.605694','2024-01-19 12:36:14.605694'),('db404688-818a-4f76-8887-faa91ead9de8','ebce2ff4-e5d5-41f4-9f7d-963b4d994165e[/.\\Z}kY%]r[L,+nNE`;2Ykc','12c10897-8f5f-4148-96b8-733c5be9be0e','0c16060e-67c4-4a50-83b0-43087cbacb6a',1,0,'2023-06-23 11:39:46.807293','2023-12-23 11:39:46.807293'),('db4d4a93-0382-4ca9-86a3-15863f3c8b99','c86b3c71-18b6-4107-a1e3-995b81d07125teWT;U(lTVlE*T-jrFv%($\\zz','12c10897-8f5f-4148-96b8-733c5be9be0e','cf7cd5fa-16b8-4981-a4f9-1892ab96e732',1,0,'2023-02-22 08:49:52.158939','2023-08-22 08:49:52.158939'),('db74ea75-694e-4e0b-93ea-1082114c1b18','2016e3a6-6475-4d54-a9f7-1585ee871bfdJiy.up\'9xG5@kk&\'r*CX%?uOy','12c10897-8f5f-4148-96b8-733c5be9be0e','769f38b3-d99e-4cd2-a3ce-e9b6cd73a6de',1,0,'2023-03-31 07:54:37.088671','2023-09-30 07:54:37.088671'),('db946ce7-a0c0-4e4e-b2c5-e3247a7e1648','0c650662-9759-45c1-88df-b42a922c8d87c2dGPi@|DQa+h|\'33\">]I;vr/','dd102998-b733-4489-82f2-9cc5bf9d336d','53f2ce28-3a6e-4620-a75d-5ed41b03893e',1,0,'2023-08-01 08:06:08.532050','2024-02-01 08:06:08.532050'),('dbc45a37-dad2-4208-910a-8cdd0705ae6f','0abefa5f-da74-47c2-b665-3bb20a40d5d7}Qx:4$=\'\\C<|z23:vDnXs|NS7','dd102998-b733-4489-82f2-9cc5bf9d336d','2c19363b-0c61-4080-8b39-1f33675a1b98',1,0,'2023-08-18 08:52:58.324388','2024-02-18 08:52:58.324388'),('dbc58837-ad5c-4abd-bfec-79f7695617a6','a753e079-290a-40b9-a6b9-3251270effbfk]Lz>u$|_(])=;q=N+UiixR5n','dd102998-b733-4489-82f2-9cc5bf9d336d','65aaf300-80d4-43d3-b654-569ae91a39af',0,0,'2023-08-22 07:13:06.085204','2024-02-22 07:13:06.085204'),('dbf1dbb8-24fe-4d53-95b2-423ae966b880','50f4b3dc-ae66-451c-b570-794997a354ef^0t,24yY&0I2IR8>c{4Qx5X)c','12c10897-8f5f-4148-96b8-733c5be9be0e','52b26cb4-2b05-4e91-bbdd-da820129c33b',1,0,'2023-05-10 02:34:48.911867','2023-11-10 02:34:48.911867'),('dc25e40e-07fc-403c-a784-11c45a1fefb7','22656b1a-cc4e-404a-9ce1-dba5c266b77bG4Gd4Q1m)\"jT!H%[XF`M52Ug\\','12c10897-8f5f-4148-96b8-733c5be9be0e','28620899-f594-40c8-bfe4-3110737a2dcf',1,0,'2023-05-10 06:46:22.843951','2023-11-10 06:46:22.843951'),('dc6475ab-bbba-4663-959f-138b1958ac0d','b0a6ace7-734b-4966-ad13-ebd4a7488c64B]AUc\"br>q2@*8HS4n!#S7-vl','dd102998-b733-4489-82f2-9cc5bf9d336d','9a7ff6d1-1ec7-4333-be30-06ac8b9b0260',1,0,'2023-08-29 13:56:56.893550','2024-02-29 13:56:56.893550'),('dc6de3a6-8c99-4306-9104-7fcd1e43fb16','dadd0e9a-d761-4cf4-89de-d101a56140b4T_ipKbN\"hq*yfSE9HPMe;r$jg','dd102998-b733-4489-82f2-9cc5bf9d336d','645200f1-f7e7-455d-89b1-87249a6e85f0',1,0,'2023-08-19 03:04:50.388481','2024-02-19 03:04:50.388481'),('dca231ef-1d0d-421b-a859-5bfd501b86f0','f8111065-dd88-4ac5-8ff0-1e0acc9a7b3ex9<qy^@p<IR&Gh[3E}rj:\'AEv','12c10897-8f5f-4148-96b8-733c5be9be0e','d5905ec8-bd24-49dc-9208-362b78f795d7',1,0,'2023-07-19 12:45:18.584795','2024-01-19 12:45:18.584795'),('dd1919d7-d312-436d-b327-90a3ca524e60','f2c91cd8-05bb-4de0-8fc2-85efdb30db840PpPJ9Q/7nLmqcGY^e(jsA+Y(','12c10897-8f5f-4148-96b8-733c5be9be0e','18eb4659-15a3-4dff-b7d8-b81cfb644f20',1,0,'2023-05-18 02:12:30.353627','2023-11-18 02:12:30.353627'),('dd255116-11fb-4d88-9d2c-e5a40690d5b6','97d891a5-7aa3-49ed-a1ea-d2e22a01b771vR9g{\"]cs;V!R[:gRTPH;BmsH','dd102998-b733-4489-82f2-9cc5bf9d336d','d584bd06-9841-4b47-b552-82c6c7edf321',1,0,'2023-08-24 09:43:09.917440','2024-02-24 09:43:09.917440'),('dd7d8032-7fc3-4eff-b255-2d51c35f4e89','d2a951e4-4c08-4558-840b-82d65d366c26>Z$sMz+mv\\PN5qbt}[^pbkT*l','dd102998-b733-4489-82f2-9cc5bf9d336d','c7370ceb-923d-4be1-ad66-30fb8a4825ce',1,0,'2023-08-07 04:58:39.062147','2024-02-07 04:58:39.062147'),('de45093d-e691-46ad-a91a-7d867a8cfba8','7a640fd4-3832-42c0-aeec-c3c06b458e945*/B^){zE\'p>/#R)r([+P,(}?','dd102998-b733-4489-82f2-9cc5bf9d336d','39c730dd-7f88-476f-8562-dd14c7d1126a',1,0,'2023-08-29 15:06:27.598941','2024-02-29 15:06:27.598941'),('de7eb58f-9d2c-43c7-8c3c-2af2b5e36cc6','88dbe69f-ee66-48cc-afb5-0adafcd0767b{g;&\"{gQzX8lt.x\'%z[A[dY4H','12c10897-8f5f-4148-96b8-733c5be9be0e','c3739ca2-57c4-4eda-ac38-fd8581ac6310',1,0,'2023-07-15 09:19:16.212675','2024-01-15 09:19:16.212675'),('df218663-7b3a-4e51-bbd1-f15d1fea1c85','7d14a3f3-4cf2-4499-86c8-1c24ac9b0d80h41n*x6xG6d@lvesY(uUV(@GZ','dd102998-b733-4489-82f2-9cc5bf9d336d','f71e44bc-6f24-4bca-b03a-b814a91e9205',1,0,'2023-08-24 09:09:43.549179','2024-02-24 09:09:43.549179'),('dfd5c86f-4bf2-4b86-8f53-1c10f1e2662d','8e984a97-b967-4edd-a776-9d010c96c10bHm_2)mI4qq0=IZ;i_Wzf(L#o:','dd102998-b733-4489-82f2-9cc5bf9d336d','6ce3cbb6-fed1-4f3c-bf99-38e3ba8395e3',0,0,'2023-08-14 09:22:13.047643','2024-02-14 09:22:13.047644'),('e025d3a4-26f3-43ed-a10d-00e2e54f4bed','03bf8137-8432-417d-95f1-d17df11c62ea4]msTHqX3)t&36EwZ@m\\[O[MH','dd102998-b733-4489-82f2-9cc5bf9d336d','4dfd4969-45b5-464e-b9d5-0e0dbfb691ab',1,0,'2023-08-18 07:35:53.936122','2024-02-18 07:35:53.936122'),('e03911b1-ddbc-48ac-9332-d0d94a6c6268','817a52b1-6e26-48ea-9e5c-45c26df47e1dz+:J`RygnH|\'s{=dv^h5+%%mH','dd102998-b733-4489-82f2-9cc5bf9d336d','c5e61c20-07c6-42a0-a726-52817adb29d9',0,0,'2023-08-22 10:04:56.987825','2024-02-22 10:04:56.987825'),('e066f2f0-c653-4de1-b31c-16e215b93553','f1099f61-17c7-45dc-878c-11a76ea1337a&aVYu)Ll:;+.Bwclb|T^r$\\2a','dd102998-b733-4489-82f2-9cc5bf9d336d','a5510042-2de0-47a1-94d1-2869cc1d22f7',1,0,'2023-08-27 03:52:48.939457','2024-02-27 03:52:48.939457'),('e069efff-06b6-4d71-a7e1-650a48ea837c','0683aaf0-38ce-4f42-9f79-fe6948264e4b<iqq;XM^nosa,\\8l-[?9dzBr2','dd102998-b733-4489-82f2-9cc5bf9d336d','7e0c9e18-1b37-4a4b-9ca6-29fc8432bb94',1,0,'2023-08-25 03:14:10.956033','2024-02-25 03:14:10.956033'),('e07a53e3-958f-40cb-b44b-60f05c1e7d89','fcf3802c-85a8-46e3-aacc-0f8ba2741f52I\'`T1$mW<pq-hI$vfO_}X;si)','12c10897-8f5f-4148-96b8-733c5be9be0e','ea0609ec-34d1-4abf-bd69-d53d24533bc5',1,0,'2023-03-28 02:16:16.864444','2023-09-28 02:16:16.864475'),('e0c55b76-118c-4780-9d49-eb334cb8644a','651e803f-be7f-4697-bf27-280c80d34cc3P*GkuK#2=%/9+o.g&L#GxJTU1','12c10897-8f5f-4148-96b8-733c5be9be0e','98c005ae-6a85-406f-a16d-1823f02a23d7',0,0,'2023-08-19 03:44:51.679759','2024-02-19 03:44:51.679759'),('e11008b3-96a0-44a0-a896-cc455bee9358','cd5697fa-04d7-4f4a-b115-5aa4cc4f65ce>v,n[o2PQO4JJoa=.4-cLufPc','dd102998-b733-4489-82f2-9cc5bf9d336d','55c0304c-cc55-46d6-9e46-91b31809e708',0,0,'2023-08-22 09:35:14.220211','2024-02-22 09:35:14.220211'),('e12d3749-1e71-4d66-98d2-524c756b08a9','ffd634b4-2d4b-44cd-837f-de3603ce6128\\g,!/XfmDYc.&OEb-4W-DvUX2','dd102998-b733-4489-82f2-9cc5bf9d336d','9ba16989-5f3f-47fe-ba0a-127f26c83cbf',0,1,'2023-08-19 04:30:10.241729','2024-02-19 04:30:10.241729'),('e1e4f56f-d12d-4fe6-885c-8d90ad00a3c5','a088813f-c4a8-47df-9a45-192be69b59e3f\\$SJ=C]RQmqE^$z;)@YEHDde','dd102998-b733-4489-82f2-9cc5bf9d336d','f65d914c-d7a1-478e-a0de-d71c109ad339',0,0,'2023-08-04 16:34:35.815596','2024-02-04 16:34:35.815596'),('e210f662-0370-41fb-ae2c-619e5349cf0f','437dde87-42c9-4c11-968c-5af6f7a1afecg;Eb2);(,FVKBhY1_Tw[Kmq%_','12c10897-8f5f-4148-96b8-733c5be9be0e','af651bca-17b4-441a-977f-2d589826460d',0,1,'2023-07-30 15:14:25.861582','2024-01-30 15:14:25.861582'),('e23e2640-7596-446f-81e3-b502e27f634f','5894b790-422c-484b-a3a7-060c898e56a9lp:hSO%7.g&D?0j3S=?6=EmEm','dd102998-b733-4489-82f2-9cc5bf9d336d','1001b33b-978e-4710-8653-6bde9722bdd4',1,0,'2023-08-09 14:22:04.920169','2024-02-09 14:22:04.920169'),('e24ad651-b0b4-4aeb-95dd-7a97c0a945c8','0005bf1c-2b99-4280-88d5-1eaa9734d059<F)IS\"-dOFo\":lKTtg?,bwlh(','dd102998-b733-4489-82f2-9cc5bf9d336d','9449cc98-2f57-4480-b926-dc127c9c6551',1,0,'2023-08-16 00:59:03.504025','2024-02-16 00:59:03.504025'),('e25a015d-2d74-4280-8ed9-59f799f28d75','94a60f68-8e9c-4b3d-9eb8-194544c1e2155K-|k)Y489L=EysMTn\'\"kw6%B','12c10897-8f5f-4148-96b8-733c5be9be0e','0e58bf92-f2d0-4498-b639-c1de3983fb34',1,0,'2023-03-28 09:00:09.794949','2023-09-28 09:00:09.794949'),('e269f5fc-918c-4e5f-a73b-5d4688ec7d68','25f0a98f-aee0-45eb-aa5f-74d4a12bdb559)0H6pc%JD}>+gR6MV73c;=z8','12c10897-8f5f-4148-96b8-733c5be9be0e','70a595bf-5288-4b93-b41f-990b9ab36a15',1,0,'2023-03-31 06:49:28.026854','2023-09-30 06:49:28.026854'),('e286c5fc-265c-4a7e-b2a0-d451846b9787','3064bc4e-2046-43f2-a9fb-5ec89dc2e8d2-fm)g=9RmOFTx5CIl=os-[qI{','dd102998-b733-4489-82f2-9cc5bf9d336d','a38a0fa6-e6b4-47c7-8464-c44f6dd32696',1,0,'2023-08-06 08:11:35.143563','2024-02-06 08:11:35.143563'),('e295c6c7-8a88-457c-814b-423eeaa4762e','82cf7150-ea06-4020-96c3-8216d9581785TGcaRX\\1-:4I04Iw>I/mIB2I:','12c10897-8f5f-4148-96b8-733c5be9be0e','00afddd1-f857-485a-bd4a-6c630f773087',1,0,'2023-07-02 10:22:43.407778','2024-01-02 10:22:43.407778'),('e332d7cd-a49a-4542-a932-36b037269720','92c083ac-41dc-4fb4-b213-179a1b4477ccR?{=..^jRCZ:W?T1{;aHl)@$|','dd102998-b733-4489-82f2-9cc5bf9d336d','4843ff63-40d7-4f3c-bc40-22f0886246bc',1,0,'2023-08-13 16:56:26.833248','2024-02-13 16:56:26.833248'),('e335f045-eb2e-4c4d-bcf1-98e81c938e1e','4ff631f9-770f-43f7-ba9a-3d60b6096c6fmEt*d;y<GQ84@I|CsQHd$%<KB','12c10897-8f5f-4148-96b8-733c5be9be0e','6726a679-72c9-4762-87e3-1d2c60af0947',1,0,'2023-06-09 08:33:23.861982','2023-12-09 08:33:23.861982'),('e4809c7c-261c-4d3a-87e8-835f5f782de8','0f2454fd-d8ec-47dd-8aac-1bd3503932f6}Uj+RCJ>U/0YdIk6GMZ<U2;gU','dd102998-b733-4489-82f2-9cc5bf9d336d','0da1b4d3-3676-4019-a5d3-7d701d0828dd',1,0,'2023-08-24 08:35:38.102784','2024-02-24 08:35:38.102784'),('e50f42ec-97e4-4eac-899a-40eaae5c238f','00a67a9f-9ff3-4670-917e-ada224f77a62#y-fV>SYLj[{8uYEKF1^laVtS','dd102998-b733-4489-82f2-9cc5bf9d336d','c495ca29-bca4-418e-9794-20ff203a4cfc',1,0,'2023-08-25 04:23:03.520965','2024-02-25 04:23:03.520965'),('e51a21c4-31c9-4027-af22-160c2b489986','0b9a5d74-705b-4df2-a8cc-12b73d9b3c0bI&+|:arUF\"\'=E{CozC7GhgO[U','12c10897-8f5f-4148-96b8-733c5be9be0e','f6d5b3eb-bd70-4673-846b-dfc273469a52',1,0,'2023-07-02 08:50:13.717095','2024-01-02 08:50:13.717096'),('e550fc29-ee3b-4c66-b8eb-9ef23957888d','f7825fc4-5828-408f-a5c8-31e2345252298M3gu+Y:?m2V&,9WJuo\\Xn)W\"','dd102998-b733-4489-82f2-9cc5bf9d336d','20d61453-9760-4826-8a71-f671d3951c76',1,0,'2023-08-18 07:16:39.351681','2024-02-18 07:16:39.351681'),('e5615429-4e1a-49a2-8622-bba9e0edcf04','2658e293-c413-4525-ba73-f98238e4309f.4HKH8@DydfVmJL\\33Y81\\<\\a','12c10897-8f5f-4148-96b8-733c5be9be0e','5d411ca9-f91c-4300-91d4-8a5565df51b8',1,0,'2023-07-17 23:32:36.970768','2024-01-17 23:32:36.970768'),('e57f4c63-aee0-4997-896f-7dab093fb011','a9463d5d-0b94-47c3-8ba8-0e66b99b40cf-=g)4v=ksnYQ2;s/^G[%_|YXe','12c10897-8f5f-4148-96b8-733c5be9be0e','79ecd3bf-b526-4290-ad8a-0fbe0a581f3c',1,0,'2023-03-20 15:22:39.764809','2023-09-20 15:22:39.764809'),('e59fe30d-6bd5-4769-aa2f-e652fa58c82f','bd95b906-a6a8-4d2e-9796-5d4075f9de7b1:/;BI;OY5LJxqIcSg;Hj5*kF','dd102998-b733-4489-82f2-9cc5bf9d336d','1bb2a9fe-0f17-4459-a004-16ba5f19de1e',0,0,'2023-08-29 07:50:43.045853','2024-02-29 07:50:43.045853'),('e5b34f34-8629-416d-8aa1-3b43a0e62181','55fdaa5c-634c-42b1-abad-832dbdaf71b573zAS+$loC4b,Gj+I?2quUj;=','12c10897-8f5f-4148-96b8-733c5be9be0e','cd5a640a-e473-420a-aeb7-d88914bb03fa',1,0,'2023-03-29 14:51:16.370729','2023-09-29 14:51:16.370729'),('e5c2e74a-a91d-45f5-866e-a5cdfc41536e','17f68390-d677-47fc-8136-48def36e9857tDIbr3$N/!a*xwo]/#Q8|!C/8','12c10897-8f5f-4148-96b8-733c5be9be0e','e833b097-cb17-481c-a74e-ed5a4b03e8ce',1,0,'2023-03-26 11:44:49.552015','2023-09-26 11:44:49.552045'),('e603af15-22fd-4815-a2da-605fbe009342','9ba1d9d7-2378-4695-8bff-2e2e7cca5596o?!|3(j&o=MET;x1$/|=:*1t^','12c10897-8f5f-4148-96b8-733c5be9be0e','47a7087e-836f-4a2c-8ed4-b1808eab8309',1,0,'2023-07-12 23:34:11.015923','2024-01-12 23:34:11.015923'),('e659ef3d-1a17-43dd-a447-a67560bea175','2c89bc7d-ef02-4182-a51c-5765e86b6810,VzV@XtTiToNhulQEB`\\u%q,z','12c10897-8f5f-4148-96b8-733c5be9be0e','fbe2bb19-9a28-4082-a1ed-62a7ea40380e',1,0,'2023-07-28 07:34:53.734853','2024-01-28 07:34:53.734874'),('e660e00f-9064-4bc6-9927-d350a904be9e','a5bd1154-fe15-4e4b-8225-c9ab999dc716=WLy>|?t%=pQ=y1:*6yz7,MOv','12c10897-8f5f-4148-96b8-733c5be9be0e','c69ae21f-538e-45a5-93ca-5cfcf8e0acc0',0,0,'2023-03-26 11:47:04.205725','2023-09-26 11:47:04.205725'),('e6962f87-c9c3-4a70-9f5f-5c1191206aeb','bea93cce-1796-452d-aeda-bcafaa0b7826}VYn/p5mCRb\\4UoxdoCuF}BTC','12c10897-8f5f-4148-96b8-733c5be9be0e','082796fa-b8d7-4638-90d1-e2d2189c1b15',1,0,'2023-03-30 13:58:06.223362','2023-09-30 13:58:06.223362'),('e6fbf0b1-0078-4a11-96a7-9e9d48225c3c','05fa1a95-8189-47ea-bb51-42b40dd8fafbrHnIU;i@pMbEIu8Nd-0sfP\\y+','dd102998-b733-4489-82f2-9cc5bf9d336d','021a6ada-28d6-4792-8db5-95c048f6cdde',1,0,'2023-08-18 05:35:25.313001','2024-02-18 05:35:25.313001'),('e7438833-fa3a-4c6f-beb0-219daa61a0c3','54d3f41d-3e4b-4778-9bd0-a9e4825fffdc1XV0G4D^\\;Lr2uV6BT2Kpno[b','dd102998-b733-4489-82f2-9cc5bf9d336d','221bc2cf-01c0-424b-a07a-b5008c68986d',1,0,'2023-08-23 08:55:37.562745','2024-02-23 08:55:37.562745'),('e7b20411-9d2f-464e-9052-0eaf25ee3c75','5e343d51-628a-4a47-9736-825123b71173#hlLdbigf\'^H[T)D(%U>or(}e','dd102998-b733-4489-82f2-9cc5bf9d336d','06f786e4-1697-499c-b2f6-a2d7a67773fc',1,0,'2023-08-20 11:48:28.803358','2024-02-20 11:48:28.803358'),('e7d4e052-832b-4972-b054-27ce46894160','f0927d4a-6406-44f4-9f1c-987a68120f6azFgF7ppiwN}w=@uH-5:Z&ye/s','12c10897-8f5f-4148-96b8-733c5be9be0e','3c0c3750-251b-470b-8c1c-101dea2fc017',1,0,'2023-03-28 02:24:51.366252','2023-09-28 02:24:51.366252'),('e7f05983-da9c-40de-ac3a-f3d04a310bc5','6f62071f-b218-47e5-90db-8856fcd4942b\\G6u+MD7g6lm5VU/*hZOC0[N$','12c10897-8f5f-4148-96b8-733c5be9be0e','63ca10ca-9b69-41cf-9e6e-1a12e8b98f6c',1,0,'2023-04-03 09:12:35.676749','2023-10-03 09:12:35.676750'),('e8374542-3024-44af-8647-54e58fd33ec4','54b26c10-f217-46be-98d3-59756688ea0e8i|thbZ%a*{wU2\"Kmn%Q>6r$m','12c10897-8f5f-4148-96b8-733c5be9be0e','759580e7-3a6d-4c1d-ba3a-ed83fee73cf6',0,0,'2023-07-29 15:27:50.257768','2024-01-29 15:27:50.257840'),('e862ebf7-8dd0-465b-be20-627323b62073','f2187b57-06c4-4918-a074-8eca667cfee3-Z*BNFZX*MmMx8ZGP!&CpV8=o','dd102998-b733-4489-82f2-9cc5bf9d336d','540d6a26-cc55-4808-b533-1b2eb9146595',1,0,'2023-08-08 05:33:47.777568','2024-02-08 05:33:47.777568'),('e88aa98e-5db0-41cd-baac-89b21dd73a1f','48c7463b-4416-4da8-b71b-cf86bf2bce1cXkYdyv]$e!\'$)%ZS3o8{!exhh','12c10897-8f5f-4148-96b8-733c5be9be0e','6600803c-7ce0-41bf-a064-4c59811f9048',1,0,'2023-05-27 09:15:30.118855','2023-11-27 09:15:30.118876'),('e88aaf77-4db0-4f24-92cd-7799906cd15b','ba0cdc9a-e001-4627-9887-31ca77ab0cd06[{F:Yt?`%-%_sy\"Do5oUf*@Z','12c10897-8f5f-4148-96b8-733c5be9be0e','b4ecc6a9-b25d-41d1-80f0-2b397ec6706c',1,0,'2023-07-20 14:55:24.035332','2024-01-20 14:55:24.035332'),('e88b24d2-de20-4f87-9a75-db87847b0110','e2ea9ee5-a782-4f6c-a69d-3332bb6223ab=Jfg\\ys[_GBlJdZe\">5xK\\_/6','12c10897-8f5f-4148-96b8-733c5be9be0e','ddfb18dc-e673-4dd1-b017-3d5f876b16fb',1,0,'2023-06-24 07:36:12.802690','2023-12-24 07:36:12.802909'),('e8a6cf02-68f1-4f36-9fe9-0ada9ded9ade','7e6b62fe-8f38-4be6-9407-31e25e577fe3)\'S/G$bTsu2.?Xg{qh%1E\"AMD','12c10897-8f5f-4148-96b8-733c5be9be0e','d2a272a4-5665-46e1-a088-d124d21b1491',1,0,'2023-05-11 06:41:10.781740','2023-11-11 06:41:10.781740'),('e973897e-6d26-41ac-a842-713072988466','322e0806-f60f-44c2-a29a-259cbdfd8256CbIycp2sXZ+bM%i.ml:._[a?7','12c10897-8f5f-4148-96b8-733c5be9be0e','8934d209-71e4-4df9-89cc-6b026471da0b',1,0,'2023-07-10 13:47:03.117794','2024-01-10 13:47:03.117794'),('ea0156bc-f4f8-40d5-8c28-269ef7d3709d','8c9ad84a-48f4-4ca7-b04f-89c94a5a1070ssi1eu^KqO/o-C/1,7s+Xn@h0','dd102998-b733-4489-82f2-9cc5bf9d336d','9e3a9660-de39-4343-b904-36b694af5219',0,1,'2023-08-01 00:31:07.736413','2024-02-01 00:31:07.736413'),('ea1e67d9-9353-4ba9-af3d-eca572a3bf65','6f1bb2b9-cb5e-4639-b16a-f8f021b93b7fEqIOU=nbGm(*=Aj?LfELb)EK/','12c10897-8f5f-4148-96b8-733c5be9be0e','1c967457-4801-4142-8ab7-74ef856a4ac0',1,0,'2023-03-28 04:24:44.463495','2023-09-28 04:24:44.463495'),('ea2eb390-3bc7-4a48-aae1-73b05a78034e','197ab9c2-4c6b-4311-8cac-320574dc0b910P\"JaqI%YaSQ9rol]JKP5?Q<;','12c10897-8f5f-4148-96b8-733c5be9be0e','466905df-7a18-4821-a8ac-fcb817e751be',1,0,'2023-07-25 00:45:26.443682','2024-01-25 00:45:26.443682'),('ea46a462-6f61-4aa0-8289-18debeac218d','5756ce99-d55b-46ed-855d-9a5593da0d57P<H};xqp;Kt7Y$ZOv],H!?cD3','dd102998-b733-4489-82f2-9cc5bf9d336d','54d32038-9c29-4e74-b993-2694bce3faf7',1,0,'2023-08-29 03:50:42.389618','2024-02-29 03:50:42.389618'),('ea598c9e-3915-4944-bb19-745a4b08a6a4','c4c0bbb3-8ef2-43f5-ade5-66a131c34fd93,=O*D[)sfDppy$aja?;3Zn7+','10af81a8-2243-4630-b935-30cb9aed6317','29c0dc4d-a53e-4164-8d39-5c7a48d097e5',0,1,'2023-03-12 02:35:02.218801','2023-03-12 02:45:02.218802'),('ea6d2d82-8922-479f-acd1-a418b685f723','5125c92d-6fa1-442e-a576-cb4dc3438255[6(U\\`FQ>HV7U]d*L/YLr,zma','12c10897-8f5f-4148-96b8-733c5be9be0e','32359f6e-302f-4474-b82d-fe1ac4089e61',1,0,'2023-05-08 23:34:36.391769','2023-11-08 23:34:36.391769'),('ea6de87e-b01a-407c-b00d-e66a324e9a19','cb95bc17-901f-4300-8a47-653ed764fd15uf%,\"3;;ON`5\"xf<xR5X,4q&\'','dd102998-b733-4489-82f2-9cc5bf9d336d','dd5c917e-f4d2-4ce6-8577-fbfd6bf91553',1,0,'2023-08-24 08:22:23.561515','2024-02-24 08:22:23.561515'),('eae073c4-dfdc-48c9-b977-abad97833720','4ad52a23-f89b-4828-9ea5-b3aab4b9175d2h.q5Amur|KM[W[0?pW-@{\\7e','12c10897-8f5f-4148-96b8-733c5be9be0e','432b564e-f987-4491-92db-5d3df1ce2691',1,0,'2023-04-01 12:47:35.839799','2023-10-01 12:47:35.839799'),('eb042988-9994-4bbf-8a70-6b59e566dd75','3c43349c-569d-41ec-ac41-2123a71d5996C@s/OWPLA)rB[?qf:}r9=*6Z=','dd102998-b733-4489-82f2-9cc5bf9d336d','7001d2c5-ad70-4783-9ab7-a5703b12b417',0,0,'2023-08-28 08:22:06.978890','2024-02-28 08:22:06.978891'),('eb084181-a997-414d-b9d8-c129d478dd40','84080b87-3ca8-49e0-895f-e1e05c79079baH6sD{|ds{_|T`SV)<h=B$Qd.','12c10897-8f5f-4148-96b8-733c5be9be0e','f7c2de0a-e940-49e2-bd36-5e1fd141d637',1,0,'2023-07-16 02:31:59.400227','2024-01-16 02:31:59.400227'),('eb3268a9-e251-4d09-91db-03f31566212d','1577250e-8b87-46f2-97e0-7eb01020b462>?*`kMt0lw\\{f^tfC1|i`$*6C','dd102998-b733-4489-82f2-9cc5bf9d336d','2d73b962-9342-4c2d-a060-5b8e8d5ff758',1,0,'2023-08-13 04:20:28.299241','2024-02-13 04:20:28.299241'),('eb5197d5-f9ef-427b-87d8-09dbc6f2994d','2c38e4b8-7676-416e-831b-09ba7a71eab0fDppD\'UQPH=cG2+}+urJxRI$o','12c10897-8f5f-4148-96b8-733c5be9be0e','7a8cc5f2-3fd4-4516-bf95-c877664df88c',1,0,'2023-04-24 03:13:04.516535','2023-10-24 03:13:04.516535'),('eb5e2323-6dee-4e57-9b00-2c366a46cc4f','b6276d14-5103-449f-bc1e-daeb7b1b71fbG+6PLI23cIVpI9`fD`$$f<k5@','dd102998-b733-4489-82f2-9cc5bf9d336d','d76a23fe-4a76-4b65-971b-dbbe081e6f7f',1,0,'2023-08-20 06:38:24.045681','2024-02-20 06:38:24.045681'),('eb645707-3895-4e58-941f-89489c046bec','602527d6-50d1-46a2-bd18-29599e515470{ot=S$j{7njHShrZZ%xy6=&OY','dd102998-b733-4489-82f2-9cc5bf9d336d','8c16ecd4-44fb-44ee-b18c-f9e65e0c870a',0,0,'2023-08-28 08:11:36.517983','2024-02-28 08:11:36.517983'),('ebf7f182-008b-4d05-9cf2-f720c420732c','2cbd8c15-2695-4399-82bc-af428d3d4bbeA%24l1gv2`w?YM_=H2j\\6\"Ebc','dd102998-b733-4489-82f2-9cc5bf9d336d','5c515ed3-4db6-4e1e-91aa-2eca79239756',1,0,'2023-08-20 11:55:41.560582','2024-02-20 11:55:41.560582'),('ebf8f789-4818-4910-854b-46b2e1fb523a','96c17783-217d-4eb9-8597-6b73aa859e2ey*p1,2%em!}=7TtI^Db59t1^|','12c10897-8f5f-4148-96b8-733c5be9be0e','fc7daad8-f246-4b53-9380-58a1b667c539',1,0,'2023-05-07 10:47:41.636440','2023-11-07 10:47:41.636440'),('ec091f11-a801-48ae-8c30-0b6a6a44b6e5','909bf03e-64da-4428-b225-21e3e83484dbERV$qPYj=p*&QX9AiqE9sq]zl','dd102998-b733-4489-82f2-9cc5bf9d336d','509f57b4-2c04-4766-8e9e-cbcd14708a7c',1,0,'2023-08-20 04:53:12.793606','2024-02-20 04:53:12.793606'),('ec3a9f2f-94c2-4b2b-b2b3-e2a6d7129697','cdc9da11-c28c-4760-b90a-6e7373886c33a\\i3/r@es?6ZcL@g2=gSPzJkI','dd102998-b733-4489-82f2-9cc5bf9d336d','d4da5da5-c2cf-4726-bfa3-2d936bface78',1,0,'2023-08-29 03:04:10.466245','2024-02-29 03:04:10.466245'),('ec5946cf-a9c5-4489-ba26-2061dff99c05','beaa0371-59a2-4ef8-b5dd-b5c2a0bd588d`=!2>G6Y`:ldQUf>s\\cl2|A+M','12c10897-8f5f-4148-96b8-733c5be9be0e','942a38f0-65d4-4e23-8b21-b9f38a2152bb',1,0,'2023-03-28 09:06:03.322067','2023-09-28 09:06:03.322067'),('ec5ea4e6-8cb8-4518-93db-d5ef162346c3','bf697bce-74fe-4a23-8512-002739b750e22TI|v{JUaR45|^k=?Zl1_P7^q','dd102998-b733-4489-82f2-9cc5bf9d336d','cfad2eb4-3950-4000-84e9-8b7aa204ffb5',1,0,'2023-08-20 06:47:00.096995','2024-02-20 06:47:00.096996'),('ec60b4c1-8757-425b-94ac-43c39fe9bc11','5a9f766a-0873-4024-a6b3-c98af25d3fefNESiC`pZUf}a>7Z-|::E}Yf]q','dd102998-b733-4489-82f2-9cc5bf9d336d','f033a3ee-4764-4f46-9f69-187be497109a',1,0,'2023-08-19 03:47:45.371662','2024-02-19 03:47:45.371662'),('ec6d9e97-6d6f-4d84-9586-34a06ab6e773','2bcbc969-f32f-42ef-aee7-370972dfb4e6\\g!|#Lv^VHiC(qe9.D|74pj^E','dd102998-b733-4489-82f2-9cc5bf9d336d','e9b9318f-48a0-480a-9648-bd826ee7f7bb',1,0,'2023-08-15 08:43:50.855507','2024-02-15 08:43:50.855507'),('ec88e590-1db9-45d3-85b5-07ae5a61a0fa','9e2a1fd7-c14f-42f5-8ac9-4dfeca90abc2oT1ur*1@|m/eaUWY1BQ@&^hVj','dd102998-b733-4489-82f2-9cc5bf9d336d','e3fd8133-9111-4ed8-b86c-045b3f0f1c56',1,0,'2023-08-17 07:51:25.283281','2024-02-17 07:51:25.283281'),('ec928a9d-2ed1-4d96-a0cb-d0b23e25cc93','aee83dab-8e80-4f2c-b38f-24e313a36690E\"SF|@kafeO&x;SpyIh_9+DtH','dd102998-b733-4489-82f2-9cc5bf9d336d','f9ae26c6-b440-4aac-9933-6c74ee6eacef',1,0,'2023-08-18 05:47:13.067020','2024-02-18 05:47:13.067020'),('ecc2e8f0-aac2-461d-8e80-db0c986301c3','903751af-1a7c-48ee-b4de-a93813013846VubP+\'*;e|BWIRLZ1@r)8t<>8','dd102998-b733-4489-82f2-9cc5bf9d336d','21e3d1af-d874-43ff-a16a-73e368a4dde0',1,0,'2023-08-24 09:52:12.781844','2024-02-24 09:52:12.781844'),('ed19f71e-ea95-4b5d-820f-5cd151726712','ce45c062-8cab-4c7e-b512-15d63baa5e33J:VHhK|,.Y+`TD{3SuR5<[]6o','12c10897-8f5f-4148-96b8-733c5be9be0e','95d9d665-9603-44a0-9d3a-f92d538104e9',1,0,'2023-05-07 04:01:00.190747','2023-11-07 04:01:00.190747'),('edf494df-72f7-435b-bda8-e7682ff60e72','141cdfd5-1615-4642-8690-e5e8c6ae5ba9\"c\'7Jt@fH|&NWT1w})Z|Z|t>p','dd102998-b733-4489-82f2-9cc5bf9d336d','ef18fea4-56cd-4a9a-b19f-96dc18da5dcf',1,0,'2023-08-19 00:05:36.976357','2024-02-19 00:05:36.976357'),('ee3c63f9-deaf-4244-88d0-05f94af8929b','21992a49-5b82-411e-bae5-bbbf3ef71260>G4]f*q4\"q-Kh30*sNyegIH=O','dd102998-b733-4489-82f2-9cc5bf9d336d','cde1c214-16b0-4424-b1b9-2e787e714a0b',1,0,'2023-08-19 03:36:24.627038','2024-02-19 03:36:24.627038'),('ee6c73d9-4a72-479f-83f6-3b36d220c7a9','b95b9342-66c9-4e3f-9f5b-7e43864d5c35-{v\\\\7<p@Xw_)tmQW\\5ep)s}r','12c10897-8f5f-4148-96b8-733c5be9be0e','185d8c13-fbd9-4dcf-8dca-5e6cda3dbb73',0,0,'2023-03-16 08:44:12.231753','2023-03-16 08:54:12.231753'),('ee9eed90-f40c-4361-be2b-8b4269f9f06d','241c1a84-5275-40a7-a39a-a2d4bcd1c0e2_}YI%C]^zdT;lDp6e(lJOY|s!','12c10897-8f5f-4148-96b8-733c5be9be0e','71c20c3b-6b29-4abb-a7ea-a0aba7467e36',1,0,'2023-06-26 11:55:32.050673','2023-12-26 11:55:32.050673'),('eef2ce4d-d8e9-4cd5-9d00-7769a19fd476','886804c5-d999-4b17-b28d-b9cb7282dccc,2V\\J\'EEmJV`^(?5RU@tDPV},','dd102998-b733-4489-82f2-9cc5bf9d336d','553aa0ad-ef7e-4c81-a2fd-208098a38b5c',1,0,'2023-08-19 06:55:14.864602','2024-02-19 06:55:14.864602'),('ef1b2f5f-f235-4201-8c9f-97178d56fb94','e165e81d-79e4-4e2d-b021-53f4905b0214IkI|C3}h)\'eE5#4^h8K}0OL+1','dd102998-b733-4489-82f2-9cc5bf9d336d','355b6a5a-f34d-4384-8cec-78b5a7ec5a2e',1,0,'2023-08-28 03:30:08.864296','2024-02-28 03:30:08.864296'),('ef28d909-d1fc-4374-8a0d-57b5214f1ec6','7b7d1860-065f-457b-a7b0-0d2c51a06f5e0@];xcp|Ht\'1Ndnc|K|8^3}(o','dd102998-b733-4489-82f2-9cc5bf9d336d','7ae03b4f-f917-4604-82be-52d8d2e4e097',1,0,'2023-08-29 04:30:08.449116','2024-02-29 04:30:08.449116'),('ef55abd7-2f52-44a7-95ba-2771fb0f3aff','9f8a29b7-6686-407f-83ba-b6ed3fcc039fCIX6]fLH}7`XS8w5#lAY9OG!.','12c10897-8f5f-4148-96b8-733c5be9be0e','1d2ab39e-e42b-43d6-bab0-5d2a11ef14f8',0,0,'2023-03-16 07:30:52.312061','2023-03-16 07:40:52.312062'),('ef8f5494-bd4b-4e8d-8351-8d20be2bce66','9cea5b6b-2bc3-443a-9625-e38fef4655ebc)0ZB1r]s@&kWxc\\ezv8FN%gS','dd102998-b733-4489-82f2-9cc5bf9d336d','b407781c-7712-429d-8d56-56e77aa6c9a5',1,0,'2023-08-17 06:51:37.495413','2024-02-17 06:51:37.495413'),('ef963634-ee5f-4e5a-8e01-510568f070cd','1e020a11-1d3c-4969-8d42-558e33148332h;8UY\"!%`{Si!al2Yq4cr,D0+','dd102998-b733-4489-82f2-9cc5bf9d336d','346f13e5-0355-477b-9731-ec729d72a6b2',1,0,'2023-08-23 09:30:37.050141','2024-02-23 09:30:37.050141'),('efb1c8a5-0d25-4a7a-ba39-ff519f6952e0','df19f14b-e51d-4817-b1a1-ad3b61d21189_QQChTTi{o!iNE[*?8GAQ&5N\'','12c10897-8f5f-4148-96b8-733c5be9be0e','b93cd3b0-a7e0-4f0d-b5a1-f688a86c683a',1,0,'2023-07-02 07:34:18.903559','2024-01-02 07:34:18.903559'),('efdd50f0-d340-4a54-9ec5-5d82e76ca30a','45eaa704-2b0d-493b-909b-9db90ac4fca5m(BK_v4{HIG|9\"dq6!Y4+EP);','12c10897-8f5f-4148-96b8-733c5be9be0e','74136783-fb0a-4efd-9a1c-0e15c9ca022c',1,0,'2023-07-05 07:42:45.734685','2024-01-05 07:42:45.734685'),('efe7e02c-2eaa-43fa-8ef7-1c14ef0f57d1','f44a9c66-5f6a-4b65-ac80-8cc66bf7fdce*ctFW3}0znEi^&t+BmlRp3^\\[','12c10897-8f5f-4148-96b8-733c5be9be0e','9671c340-b62e-444a-b4b4-07696b508052',1,0,'2023-05-11 09:37:25.841681','2023-11-11 09:37:25.841681'),('effa0fee-9312-4135-a782-4e40e31264da','a09e72ed-2d02-4d4f-a7e6-f477743e7e5c8Vx4c/|Xva67Zu\\.IMV!k*$bX','12c10897-8f5f-4148-96b8-733c5be9be0e','fc31b490-e22f-4d55-8ec4-55c581d235de',0,0,'2023-03-16 09:34:29.110029','2023-03-16 09:44:29.110029'),('f0590364-f2fc-41ea-9867-a97ff53a211b','5b067c09-46f6-462a-ba74-4358c6c7ef75RT5+PmrGUb(k?RjS$hlH`|ckR','12c10897-8f5f-4148-96b8-733c5be9be0e','c91f5394-6d05-4a35-a12c-511e752943e1',1,0,'2023-06-08 07:51:50.047637','2023-12-08 07:51:50.047637'),('f081bada-7817-456b-a9ec-5fca3b9d77d0','61d70ce3-0d32-4798-97b1-296cf61144d3\\l{>>@ftjx2S6w\"7LuKn,FwqC','12c10897-8f5f-4148-96b8-733c5be9be0e','feb4864b-c93d-4ce8-8e6a-4ff68c86c33e',1,0,'2023-05-18 02:16:45.951864','2023-11-18 02:16:45.951865'),('f15c3e2a-2517-4da1-aef7-7c675f63a740','fb369d58-202d-4314-a741-d1120d904d90Gc\"(%Voa(}2[^nI;YCJr\\ZB,,','dd102998-b733-4489-82f2-9cc5bf9d336d','ffe92cc3-702e-4fd5-8f75-34723daf29ad',1,0,'2023-08-28 03:49:36.993560','2024-02-28 03:49:36.993560'),('f160059e-396c-4afb-b966-8f968de6b3b2','9d0f75b6-a521-41d0-b467-31a952264fedwNZbH4W%G/pG|h\\J^+M%tDzcj','dd102998-b733-4489-82f2-9cc5bf9d336d','10770224-69b7-45ee-802f-e2075cad2ec3',0,0,'2023-08-27 15:05:24.045995','2024-02-27 15:05:24.045996'),('f18abb8f-f1cd-45f3-975b-22dc68573d65','b45239f5-f46f-4b12-b63e-b97657adb045{!]gl:x_=Gh{O46Sgp(F%RfSl','12c10897-8f5f-4148-96b8-733c5be9be0e','784a82ec-2a9e-48a4-921d-25f85503a6b0',0,1,'2023-02-22 08:16:24.729405','2023-08-22 08:16:24.729405'),('f1bc631b-c4ab-405a-bb64-4c8806c86903','f1d47a51-2bfe-41cb-8b9d-9fd75be13d29i*5eFP6+JEL#5gJN)M]^90vpl','dd102998-b733-4489-82f2-9cc5bf9d336d','2a898f0d-5641-440f-825f-9a1726df39df',1,0,'2023-08-28 08:26:35.676816','2024-02-28 08:26:35.676816'),('f1e89715-418a-445b-a7ff-45e1f2e559fa','93d4aa20-f6ff-4a78-baa4-cb6d72b09806m!;%K?AD,_qxWTSzTM{^]1Vfj','12c10897-8f5f-4148-96b8-733c5be9be0e','dd985bd6-8945-4a27-bac3-70f014313e62',1,0,'2023-05-18 02:21:57.511848','2023-11-18 02:21:57.511849'),('f1f8bda1-7393-4749-b58a-7abc06296b39','0ef1a067-8f36-48f5-81d8-1be692595e22+9p/k_s(\\vQqf{<}DuMV^4RTu','dd102998-b733-4489-82f2-9cc5bf9d336d','a5ded903-1c00-4266-b9b1-65a0606d0eb5',1,0,'2023-08-12 08:33:02.495015','2024-02-12 08:33:02.495015'),('f2133cfd-100a-4815-9281-cf9d7ead870b','706a9bed-41cf-4ab4-b161-493dbf4ad3dbvia-=PlO+j68gYK&3A!BQzwK&','dd102998-b733-4489-82f2-9cc5bf9d336d','f91ab435-4cdd-4681-a8d8-3fe517f72026',1,0,'2023-08-29 07:49:27.177856','2024-02-29 07:49:27.177856'),('f22c71b6-bf8b-4420-8e69-8459fc265284','9cd5faa8-9552-4af0-adff-599dca0f9c26wgq43{z/yoV0\'<EV70IZ?gmvF','12c10897-8f5f-4148-96b8-733c5be9be0e','a94735e5-b66d-47ac-a648-efcf0eb0065a',0,0,'2023-03-16 07:41:37.552263','2023-03-16 07:51:37.552263'),('f28d189a-11f4-4f14-8025-96e2c26dae8a','b7753b46-0f71-4ec8-b06e-53a64d5c678dOkE*DN&^*o]qeh;k;94b6(a$D','dd102998-b733-4489-82f2-9cc5bf9d336d','8cb4a383-6353-4c25-947f-77ee13ea3a7d',1,0,'2023-08-18 01:22:53.889534','2024-02-18 01:22:53.889534'),('f2fbb417-e42b-4775-939c-46aa05b38f0e','d20f0ff1-4394-4f79-8c8a-e85ef327d784@00Oqh+&,KDwLOXgA-N>N3TO%','dd102998-b733-4489-82f2-9cc5bf9d336d','18bb73be-c234-4aa8-aa07-104c648a9b1a',1,0,'2023-08-29 02:17:14.218045','2024-02-29 02:17:14.218045'),('f3768bf9-2fd2-4531-9b6c-3f2cce04813a','180a6809-81f3-4706-a50d-da17d587d827[w(gx3t!lu-^n*f8dS2\'rrR5x','12c10897-8f5f-4148-96b8-733c5be9be0e','f927b44a-e7ba-4c89-a5bb-26cc7c66c836',0,1,'2023-07-30 15:09:22.275830','2024-01-30 15:09:22.275830'),('f3a016b2-ba16-4555-81d9-dd59aa37fbdf','d9417a6b-9ebc-4728-997f-4e2bb92ed7f8jiA\\X(LZ8ngAJ_Bi%R1i)$_:d','12c10897-8f5f-4148-96b8-733c5be9be0e','976ab604-4682-48b7-b55a-76da63d87006',0,0,'2023-04-17 07:45:33.763332','2023-10-17 07:45:33.763353'),('f403f1bf-1eb7-4ea1-8e7b-92481e3fc67e','52bfb74c-2a8e-48f8-93e9-5477960be7a5_w9;]o-[r\\\'!^VlK0?>3Crb#H','dd102998-b733-4489-82f2-9cc5bf9d336d','a8086c5f-dac9-4a5e-9671-17f28317d467',1,0,'2023-08-25 04:02:59.499318','2024-02-25 04:02:59.499318'),('f47bd791-5d05-46df-a7b0-717e20e211c7','8c628dae-57db-46e4-8917-18cb48120061hf<Y/-Pf=-]?u8|-S4mB|a6%v','dd102998-b733-4489-82f2-9cc5bf9d336d','d7c69eb2-ba0a-415b-9cd9-aecfdab81a65',1,0,'2023-08-18 03:33:02.394704','2024-02-18 03:33:02.394704'),('f4b1f144-400c-4fba-9044-186029e64e39','9c1e8319-1950-4dfe-9eed-5f312b645ff82F\\%3-i3$[fc?1m=n@rS`&HEe','dd102998-b733-4489-82f2-9cc5bf9d336d','0767b05b-9138-40b6-9356-cf37550e1761',1,0,'2023-08-25 09:00:19.066665','2024-02-25 09:00:19.066665'),('f4be585a-d8e9-41c3-87b1-0645749331ce','35e9e724-177e-4ec4-8770-52b1b3c4f162I\"bVX2FLjlURE!Q|?p}YKBR4N','12c10897-8f5f-4148-96b8-733c5be9be0e','18d7ec9d-5bb9-4da7-9ad4-bce45330c524',1,0,'2023-07-24 22:59:58.354978','2024-01-24 22:59:58.355008'),('f4ce819d-b950-4091-a5a2-d822f32f836e','55b5f64e-ac4a-4019-940c-7bc0d4ced7a4jSos4:9t)}7=v80.OBDr7X}C8','dd102998-b733-4489-82f2-9cc5bf9d336d','40bf11ac-ddf4-45ea-a631-7d736e2f4a92',1,0,'2023-08-25 08:11:32.278737','2024-02-25 08:11:32.278737'),('f4d74e0c-0889-4649-b39c-4707acac8692','ee142d5b-53e7-4dd6-ac67-b86e7060141b\'PE[mn&K2:ykyY[aYMBAh]J6|','dd102998-b733-4489-82f2-9cc5bf9d336d','12ca6dfa-e876-46ff-8168-100b348a340e',0,0,'2023-08-15 09:11:51.172497','2024-02-15 09:11:51.172497'),('f527ab98-827e-43e6-a0f2-699e57893558','30e8d36c-6ef9-4c73-9f3d-87eee19353013l]qB-\"*e)RzR\'lf9ov2b]dHQ','12c10897-8f5f-4148-96b8-733c5be9be0e','b316fd03-16b8-49c6-b1ab-e5ff1daf670f',1,0,'2023-04-17 09:18:18.113628','2023-10-17 09:18:18.113649'),('f57663b4-9bd9-4a97-a988-acd766915e43','d01ba37d-dea4-4bba-b52f-bf7d5029ea82)g*-usyIotwRtFTrA[k=)>Uzg','12c10897-8f5f-4148-96b8-733c5be9be0e','5f62d843-01a1-451c-87fc-8a92f140c07f',1,0,'2023-06-12 00:19:32.426938','2023-12-12 00:19:32.426961'),('f617326d-cd4a-4e54-a9cb-19639a7e37e1','58f2743b-3563-4424-9bd2-0d726cbee71eEp:h!:Hq$(tga$.]G_k`.o2a_','12c10897-8f5f-4148-96b8-733c5be9be0e','33488511-1035-4a42-ba03-9270d0aba111',1,0,'2023-03-29 04:08:19.901541','2023-09-29 04:08:19.901541'),('f646fff9-65f6-4053-b8aa-f348d48db440','e2f0904e-588e-475f-a1f3-b02466f1346dJRF.O]VJ+f_leD<H+x;MC1$ze','dd102998-b733-4489-82f2-9cc5bf9d336d','32afc9f4-42e4-498c-a7a4-9fed2b3b9c10',0,0,'2023-08-23 07:04:38.103053','2024-02-23 07:04:38.103053'),('f674b602-f40a-487e-9338-6a3fddee7e1b','7d442689-46aa-4fc1-95e1-5b7608148811[n4)W?\\&AYld5qK{4^.mhNKQl','dd102998-b733-4489-82f2-9cc5bf9d336d','bb0b0cb6-4c5c-4f90-bd4b-6aeef4888a47',1,0,'2023-08-20 04:30:13.641302','2024-02-20 04:30:13.641302'),('f6a22ff1-d90e-43af-8c2b-85705d40f3e4','b335c3ef-8ca6-478c-98a3-9d4ed9a72029;.p=u)Fsc_>,b_8<yU{XsQy{\'','dd102998-b733-4489-82f2-9cc5bf9d336d','a89e6826-76ab-4d17-b522-f1517f3d52cc',1,0,'2023-08-04 04:27:31.630414','2024-02-04 04:27:31.630414'),('f703d94f-f5ce-4e39-b93c-01d7aac6e1b6','fa63e12d-61dd-49f9-8eaf-8874855a7052g8Lqb:$gbAH$<KBbe>SrP\'6Bb','12c10897-8f5f-4148-96b8-733c5be9be0e','a3851518-914c-4999-a174-512c2f6f5222',1,0,'2023-07-16 14:18:51.191013','2024-01-16 14:18:51.191013'),('f74a2a07-d5f2-473e-82c3-05183c647fb3','0b1ff110-dac8-4c1f-9abe-e204f8ca5962\'][>A[N:=/Br+$^p{\\@\'C9M$G','dd102998-b733-4489-82f2-9cc5bf9d336d','1065edd9-0740-4e88-9003-88df7eab428d',1,0,'2023-08-29 07:09:03.910082','2024-02-29 07:09:03.910082'),('f758db7e-aba1-4242-bf4f-d59a7e705530','d25a387b-67a2-4f19-8deb-c5560f92878cD*n{?Y$mQ+{txsDMbd?wH9T3T','12c10897-8f5f-4148-96b8-733c5be9be0e','767aea51-4b49-4fe2-8c72-9709533b3bc3',1,0,'2023-06-12 00:27:50.824599','2023-12-12 00:27:50.824599'),('f7877a85-1f72-405f-ad88-26a0d99b2c1a','0644d069-0166-43b6-9ca6-f7c5ebfe340dXL$Rh|tc6r_jOkv#Die?I{p*}','dd102998-b733-4489-82f2-9cc5bf9d336d','8d846b8c-985e-48eb-8524-093c2241dd22',1,0,'2023-08-15 08:38:41.152278','2024-02-15 08:38:41.152278'),('f78b3b6b-5a4f-4184-b340-b517d77956de','9c415e3a-eb97-4cd3-8e4b-f7d42725ff01Khoa`2#q}ArH_f?\\.IQO(3#zz','12c10897-8f5f-4148-96b8-733c5be9be0e','7061e74e-fc63-415a-b0db-d781c31a0128',1,0,'2023-07-20 00:00:29.677808','2024-01-20 00:00:29.677808'),('f7c3d76d-3c5b-4efb-bd13-176ff09680c5','33b0de8f-e42f-4465-96b3-b0ee3bf5943epmg*RiJxg-V:Hyn:J:f_$BdF<','12c10897-8f5f-4148-96b8-733c5be9be0e','1816760f-f535-4540-8844-ff70ca41a1f6',1,0,'2023-05-10 02:22:02.665689','2023-11-10 02:22:02.665689'),('f8168f84-bb62-43ca-87f2-23c3b0966ac1','80e348f3-b37b-40f7-9204-cc78976fadcePh|v(VhVL2/V?:_\'z,KBrdM`8','12c10897-8f5f-4148-96b8-733c5be9be0e','e3d0654d-9518-490e-8fac-1670531d56ef',1,0,'2023-03-26 11:49:54.839652','2023-09-26 11:49:54.839652'),('f8410dc7-d456-469b-b606-d2633c461fbb','f5c5686e-9834-4b4b-822e-d17c10d3edbfuujGI%O\\\'&eg<%KxS=VAstq+^','12c10897-8f5f-4148-96b8-733c5be9be0e','748828a7-e8a6-421a-9e2d-34096b1cc6d8',1,0,'2023-04-17 09:04:57.774056','2023-10-17 09:04:57.774077'),('f8dbf6bf-6ff9-48b7-8c45-8619f7bb1c83','a8f6839d-d62f-4b50-9cae-d4cd365f6ef6zWMv&\'[n:S}VdjK\\zkGOu|)V#','12c10897-8f5f-4148-96b8-733c5be9be0e','15fc7c2b-a91f-4e8d-b908-3ed972ca1043',1,0,'2023-05-18 02:29:11.294795','2023-11-18 02:29:11.294795'),('f8e07916-bac4-4e01-849d-e21d57670339','f01f4918-708e-4381-a242-93a26736c51c<gJP2iz+0K.?dY\\MG3S*dY>R:','dd102998-b733-4489-82f2-9cc5bf9d336d','74296122-9483-4c11-9db4-5ffa63358d43',1,0,'2023-08-15 09:40:50.803919','2024-02-15 09:40:50.803920'),('f91cdd46-53c2-4286-bb77-94fb799c4952','15046d8d-ae70-4009-afc4-0bfd682dca4b;gZ;{7:I\\]^pwK6M;`{le(,q\\','12c10897-8f5f-4148-96b8-733c5be9be0e','88d6c0a3-6d91-439e-9b8f-05a8bb4490a7',1,0,'2023-05-10 14:06:45.120255','2023-11-10 14:06:45.120255'),('f97faa7d-cd84-44e9-9573-4f88cb2f600b','4fa5a144-17b6-478f-82a5-80af657baf158y\'EG1zow(}CXx=rv@^5\\^H?J','dd102998-b733-4489-82f2-9cc5bf9d336d','c871d816-a9e1-4261-97ab-ad0290516aa8',1,0,'2023-08-23 10:01:58.564934','2024-02-23 10:01:58.564934'),('f9ea972e-dda0-4fe3-a8b9-5c4efa065a1e','4f90ec5d-3b75-405a-839f-84d1ebfb0917^6BbL0pbO5i)MWzbB*n}S65q$','12c10897-8f5f-4148-96b8-733c5be9be0e','e2079734-d2ae-4f49-86f0-25404b6db659',1,0,'2023-05-12 02:05:07.363212','2023-11-12 02:05:07.363212'),('fa4788f1-6631-4fb4-b6f7-d1871497d97f','d5134927-ee09-441b-a264-c783276d006cB6:p-d>aF4(ZZ$H)XjI?m9kRZ','dd102998-b733-4489-82f2-9cc5bf9d336d','05c0f8b1-57e1-4af7-817b-ec0b720c86ae',1,0,'2023-08-18 03:50:50.777415','2024-02-18 03:50:50.777415'),('fb8eba26-524e-4e84-88b0-658d4d765c58','f2a93988-aa2a-469b-a3a7-e4f917658aaaoB/2{B}UZ%JjDoVet$CZ&];yH','12c10897-8f5f-4148-96b8-733c5be9be0e','b52ad150-dad4-4774-8f5e-27f87b179235',1,0,'2023-06-08 07:05:20.606669','2023-12-08 07:05:20.606669'),('fbd4e81a-d5e1-4cae-b562-07398e1f3801','071c0efe-3e86-4fcf-8c43-e9af656dcf27s;cNu<S^;o+D9\"_^\':;cGG\"8:','dd102998-b733-4489-82f2-9cc5bf9d336d','86c2d9a7-f7ac-43e9-8bb6-16cdd9b05fbc',1,0,'2023-08-13 01:50:10.532579','2024-02-13 01:50:10.532579'),('fbec4a39-2076-4e68-968e-0fa3b22d410b','d7ed4406-8535-41f8-a1df-cb3074de0a490]&1;yV;TU3(!##l\\B4smC{SY','dd102998-b733-4489-82f2-9cc5bf9d336d','fdcb28eb-8781-4074-814b-d8014358ad07',1,0,'2023-08-29 15:22:44.759513','2024-02-29 15:22:44.759514'),('fc7c6869-5b4e-4877-9269-1a985aa912f0','4a004104-2ed7-4756-9d2a-dcafa199da43uV&K.;xnmEemx\\B\"q%1,t/]!%','dd102998-b733-4489-82f2-9cc5bf9d336d','8d42636d-d726-4134-a52d-0ae8155d880b',1,0,'2023-08-14 00:24:03.829819','2024-02-14 00:24:03.829819'),('fc8b7b84-42d4-40d3-b977-e2d1594f6575','c4e562cf-1489-40c0-895d-b232b67dece1O.<m.8:+OPi#<8_Wvc(z%1ieR','dd102998-b733-4489-82f2-9cc5bf9d336d','1ac3412e-9bdf-45ba-90fc-e8b179c2df8f',1,0,'2023-08-18 02:32:23.298042','2024-02-18 02:32:23.298042'),('fd22112e-76bf-4364-b6f2-3c324e81ddb4','1b963087-786c-4ec7-bc75-9b5cf7766115#T9hX%ooj^0Y-P@XeCY_JmGsI','dd102998-b733-4489-82f2-9cc5bf9d336d','6e93d91e-d87f-48e0-87dd-fd5a52d5a216',1,0,'2023-08-04 04:32:34.261676','2024-02-04 04:32:34.261676'),('fd54c3e9-de81-4fae-bd86-ac9e5c773438','3e555d52-3d05-446f-b7dc-6cd1e2a1d622UQ\"T7UFB\'xX[B.E.D*@CoK(?P','12c10897-8f5f-4148-96b8-733c5be9be0e','98fd3853-4042-44ff-994b-01de596bbd07',1,0,'2023-06-12 00:05:20.046936','2023-12-12 00:05:20.046958'),('fd5cd695-5009-4d6c-a3af-8035507e671a','3189eff7-5a79-4fe2-af9c-488cf1d3a55a-*c1M)b\'U<0n]!3aY&93&T.s7','12c10897-8f5f-4148-96b8-733c5be9be0e','cc5bafcb-de03-4381-aceb-71743271a98f',1,0,'2023-03-31 08:59:18.652921','2023-09-30 08:59:18.652921'),('fd657873-0168-49b7-be8a-7bcef6ca08d4','f71b9d53-3a17-4e06-b9a6-328bcb7e025frm{u\'gS\"r+rR_\'YZ\"\'W3Vu]fE','dd102998-b733-4489-82f2-9cc5bf9d336d','facb5ed3-3cea-4bd9-9ede-524658944f96',1,0,'2023-08-29 02:28:37.976366','2024-02-29 02:28:37.976366'),('fd6c4f2a-fc0b-4306-8d84-aea1495cd9fe','87ac2894-a8d7-4199-bb19-effbce89f70bNG0zu;]HY\'.3Kn;df8$:i!/T5','12c10897-8f5f-4148-96b8-733c5be9be0e','a030b19f-0dc6-4244-aebd-11386965d999',1,0,'2023-05-10 03:19:52.296317','2023-11-10 03:19:52.296317'),('fd83036f-3d34-4b27-9f3a-75e177b27301','a23c7712-d23a-4c53-8827-105bbf69094d2D=xq&a$+D27pVxr+h<ZQp]\'[','dd102998-b733-4489-82f2-9cc5bf9d336d','920620e3-c983-47e2-91ca-6ac7be44e410',1,0,'2023-08-25 12:06:27.948377','2024-02-25 12:06:27.948378'),('fdbb0eb5-6332-42b9-a921-2313d65c77f1','7d830946-a967-4970-b3e3-bec27bbef621@IB\"[[gZ#0E$0cM,hzc=/q|OM','dd102998-b733-4489-82f2-9cc5bf9d336d','797bba92-4103-4036-918a-a5a77bacf514',1,0,'2023-08-25 07:10:58.051964','2024-02-25 07:10:58.051964'),('fdd858d1-e123-4bf9-a066-c70ff4130a73','80010b12-680b-4870-8479-5d4b001c7f1c-=XYA|P@#u=9j9u>[H+zqd6AA','dd102998-b733-4489-82f2-9cc5bf9d336d','4e7050ad-593c-4101-8d63-feb09e42687a',1,0,'2023-08-14 07:40:48.085071','2024-02-14 07:40:48.085071'),('fde5e92d-3966-48d0-aaf8-afb8006ae5e8','c762393b-52ba-4d91-aded-dae70389ae87&v#\'):_8Pp>\\z^y%NIiiZ-J!N','dd102998-b733-4489-82f2-9cc5bf9d336d','fd1f4b6c-4281-4655-a8e3-aaef555e5989',0,0,'2023-08-23 04:38:38.162651','2024-02-23 04:38:38.162651'),('fdea6571-20c7-4d09-b458-7fb127925ca0','a2d85ec8-5d39-4861-9191-b4118488ac31g2;=<f=cR$:(&R-s>(VrCNr\\|','dd102998-b733-4489-82f2-9cc5bf9d336d','ccd87290-30a2-4769-b991-62346d1531c7',1,0,'2023-08-20 13:54:21.135293','2024-02-20 13:54:21.135293'),('fe1ba483-9450-4282-981a-b84d12282584','5d5f3a4b-6eb6-4294-b561-66837d1f5536-GbHimJislpBv@fB6<cVlNd}N','dd102998-b733-4489-82f2-9cc5bf9d336d','8ef287be-d67c-401c-a17e-440c73be20e6',1,0,'2023-08-16 00:45:23.352722','2024-02-16 00:45:23.352722'),('fe427053-2b36-49cd-a30c-99e2bdf14f1b','724a9bd2-441b-49a4-a86b-c37988fe9f26WEG>crTS.U36\'C%ZW,]hPP#c}','dd102998-b733-4489-82f2-9cc5bf9d336d','d924982b-3f80-46a9-abfb-cd54d822ee9b',1,0,'2023-08-17 07:59:56.930719','2024-02-17 07:59:56.930719'),('fea85e3b-df50-437f-9a6e-80c4319de7b4','54a156e5-740f-467f-b088-e3220ca28935/vK3f\"A+|na^-GN@@Gz\"MMZx^','12c10897-8f5f-4148-96b8-733c5be9be0e','b0bc30d8-f9ce-415a-9c44-3a66d319285d',1,0,'2023-06-12 00:51:16.359291','2023-12-12 00:51:16.359321'),('feac758f-2df5-439c-b449-a65c3182d805','1b893916-a381-41ad-83b2-03aee8f8e954VsAHopblaj(I9dgq_!_oRp{bY','12c10897-8f5f-4148-96b8-733c5be9be0e','5203626b-4dad-42fe-9ea8-3036d3b33e32',1,0,'2023-05-11 07:27:12.320028','2023-11-11 07:27:12.320028'),('ff07ba18-c4d4-4aae-9f14-f6742479e892','20d9c3c3-b2c5-496f-8907-75e68017c442Xzfx`\\;XV|I%l;h6N,k{x5k<f','12c10897-8f5f-4148-96b8-733c5be9be0e','b3d2c681-a091-4512-acbb-3656535358d0',1,0,'2023-04-17 08:53:34.244750','2023-10-17 08:53:34.244750'),('ff1aff38-420f-4aa0-ab17-f1e977bba745','8042b2f7-9589-4d69-b7eb-8d36ce6d641fkg_`;<bJ%;x}MFcEkp,7&/B%6','dd102998-b733-4489-82f2-9cc5bf9d336d','7c6d547e-7382-488b-b2a6-9cf950298c27',1,0,'2023-08-23 09:36:24.392801','2024-02-23 09:36:24.392802'),('ff71eb21-c667-42e9-8abc-d9e379e22992','03e4a0f8-d8ba-4761-a812-cab35d4be77c*h:XH9:z|s1$.|Y;=>TLND`E+','dd102998-b733-4489-82f2-9cc5bf9d336d','20a7c521-a0c3-4b39-913e-5b34d834723d',1,0,'2023-08-25 03:44:08.430330','2024-02-25 03:44:08.430330'),('ffdafe71-c692-45df-ac49-19b6b53f4e9a','53f2df46-80fa-4a99-9315-b6c5390dcf3car=_sW;zQ*Lg/72q1H\'O{\"B3!','dd102998-b733-4489-82f2-9cc5bf9d336d','660435d5-a8cd-4829-8d2f-2d3c476480a0',1,0,'2023-08-06 06:52:06.479499','2024-02-06 06:52:06.479499'),('fffb2ca7-70e6-4aef-8b95-e6f58beb85c0','61b3fd6f-db64-40c3-8f39-9c70c4476679A!:3g/:X^7?Px:/v{UF@?_$@0','dd102998-b733-4489-82f2-9cc5bf9d336d','349147a5-7828-4200-8603-ac738277131d',1,0,'2023-08-07 02:00:31.784552','2024-02-07 02:00:31.784553'),('fffbca1f-7db5-40d3-a877-56969eb58991','4fb2fc7f-3902-4c04-b004-49e1381def40su>LxJ4F3p?}9do\\%F{)uk^,q','12c10897-8f5f-4148-96b8-733c5be9be0e','213d40f4-e646-4d11-8279-818a4e46022b',1,0,'2023-04-08 03:55:46.978719','2023-10-08 03:55:46.978719');
/*!40000 ALTER TABLE `refreshtoken` ENABLE KEYS */;
UNLOCK TABLES;

--
-- Table structure for table `rooms`
--

DROP TABLE IF EXISTS `rooms`;
/*!40101 SET @saved_cs_client     = @@character_set_client */;
/*!50503 SET character_set_client = utf8mb4 */;
CREATE TABLE `rooms` (
  `Id` char(36) CHARACTER SET ascii COLLATE ascii_general_ci NOT NULL,
  `Name` varchar(50) CHARACTER SET utf8mb4 COLLATE utf8mb4_0900_ai_ci NOT NULL,
  `FloorId` char(36) CHARACTER SET ascii COLLATE ascii_general_ci NOT NULL,
  `IsFavorite` tinyint(1) NOT NULL DEFAULT '0',
  PRIMARY KEY (`Id`),
  UNIQUE KEY `IX_Rooms_Name_FloorId` (`Name`,`FloorId`),
  KEY `IX_Rooms_FloorId` (`FloorId`),
  CONSTRAINT `FK_Rooms_Floors_FloorId` FOREIGN KEY (`FloorId`) REFERENCES `floors` (`Id`) ON DELETE CASCADE
) ENGINE=InnoDB DEFAULT CHARSET=utf8mb4 COLLATE=utf8mb4_0900_ai_ci;
/*!40101 SET character_set_client = @saved_cs_client */;

--
-- Dumping data for table `rooms`
--

LOCK TABLES `rooms` WRITE;
/*!40000 ALTER TABLE `rooms` DISABLE KEYS */;
INSERT INTO `rooms` VALUES ('08db964c-7f19-429d-89ca-39e2b22fb0ee','Bedroom 1','08db964c-584e-4e5f-8984-92f162429f90',1),('08dba3b2-f517-4cb8-8db5-8b39e618d46d','Bedroom 2','08dba20e-d8fd-4f02-8f1b-90a89ecbdd38',1),('08dba3b4-2a15-4a8d-854c-477be5542c5d','Bedroom 3','08dba20e-d8fd-4f02-8f1b-90a89ecbdd38',0),('08dba3b4-80e8-45a2-82c0-d9c54a49d8f2','Master Bedroom 1','08dba20f-2862-43fe-817b-c38f87a3f1db',0),('08dba3b4-86ac-4eb3-828a-e5afbaab3f91','Gym Room','08dba20f-2862-43fe-817b-c38f87a3f1db',0),('08dba3c4-73f0-4ab8-8b3a-64c19a0acbcf','Roof','08dba3b5-46a6-4e3b-8cef-7161b6a913b6',0);
/*!40000 ALTER TABLE `rooms` ENABLE KEYS */;
UNLOCK TABLES;

--
-- Table structure for table `scenes`
--

DROP TABLE IF EXISTS `scenes`;
/*!40101 SET @saved_cs_client     = @@character_set_client */;
/*!50503 SET character_set_client = utf8mb4 */;
CREATE TABLE `scenes` (
  `Id` char(36) CHARACTER SET ascii COLLATE ascii_general_ci NOT NULL,
  `Name` varchar(255) CHARACTER SET utf8mb4 COLLATE utf8mb4_0900_ai_ci NOT NULL,
  `HomeId` char(36) CHARACTER SET ascii COLLATE ascii_general_ci NOT NULL,
  PRIMARY KEY (`Id`),
  UNIQUE KEY `IX_scenes_Name_HomeId` (`Name`,`HomeId`),
  KEY `IX_scenes_HomeId` (`HomeId`),
  CONSTRAINT `FK_scenes_SmartHome_HomeId` FOREIGN KEY (`HomeId`) REFERENCES `smarthome` (`Id`) ON DELETE CASCADE
) ENGINE=InnoDB DEFAULT CHARSET=utf8mb4 COLLATE=utf8mb4_0900_ai_ci;
/*!40101 SET character_set_client = @saved_cs_client */;

--
-- Dumping data for table `scenes`
--

LOCK TABLES `scenes` WRITE;
/*!40000 ALTER TABLE `scenes` DISABLE KEYS */;
INSERT INTO `scenes` VALUES ('08db940a-4b3d-4c6f-8b14-7732f1543497','Away','08db8f48-5be6-44ed-8703-08d0eeddbd8f'),('08db964b-23bc-4f21-8f20-e5a1bf768bd6','Welcome','08db8f48-5be6-44ed-8703-08d0eeddbd8f');
/*!40000 ALTER TABLE `scenes` ENABLE KEYS */;
UNLOCK TABLES;

--
-- Table structure for table `smartdevices`
--

DROP TABLE IF EXISTS `smartdevices`;
/*!40101 SET @saved_cs_client     = @@character_set_client */;
/*!50503 SET character_set_client = utf8mb4 */;
CREATE TABLE `smartdevices` (
  `Id` char(36) CHARACTER SET ascii COLLATE ascii_general_ci NOT NULL,
  `Name` varchar(100) CHARACTER SET utf8mb4 COLLATE utf8mb4_0900_ai_ci NOT NULL,
  `RoomId` char(36) CHARACTER SET ascii COLLATE ascii_general_ci NOT NULL,
  `HomeId` char(36) CHARACTER SET ascii COLLATE ascii_general_ci NOT NULL,
  `MainCategory` longtext CHARACTER SET utf8mb4 COLLATE utf8mb4_0900_ai_ci NOT NULL,
  `SubCategory` longtext CHARACTER SET utf8mb4 COLLATE utf8mb4_0900_ai_ci NOT NULL,
  `Properties` blob NOT NULL,
  `Capabilities` blob NOT NULL,
  `OnlineStatus` tinyint(1) NOT NULL,
  `StatusLastUpdatedAt` datetime(6) NOT NULL,
  PRIMARY KEY (`Id`),
  KEY `IX_SmartDevices_HomeId` (`HomeId`),
  KEY `IX_SmartDevices_RoomId` (`RoomId`),
  CONSTRAINT `FK_SmartDevices_Rooms_RoomId` FOREIGN KEY (`RoomId`) REFERENCES `rooms` (`Id`) ON DELETE CASCADE,
  CONSTRAINT `FK_SmartDevices_SmartHome_HomeId` FOREIGN KEY (`HomeId`) REFERENCES `smarthome` (`Id`) ON DELETE CASCADE
) ENGINE=InnoDB DEFAULT CHARSET=utf8mb4 COLLATE=utf8mb4_0900_ai_ci;
/*!40101 SET character_set_client = @saved_cs_client */;

--
-- Dumping data for table `smartdevices`
--

LOCK TABLES `smartdevices` WRITE;
/*!40000 ALTER TABLE `smartdevices` DISABLE KEYS */;
INSERT INTO `smartdevices` VALUES ('08db9658-e1e4-4a96-808e-4653b8ccbefb','Test Dimmer 1','08db964c-7f19-429d-89ca-39e2b22fb0ee','08db8f48-5be6-44ed-8703-08d0eeddbd8f','Light','Dimmer',_binary '{\"brightness\":26,\"colorTemperature\":null}',_binary '{\"dimmable\":true,\"hasColorTemperature\":true}',1,'2023-08-30 08:29:12.000000'),('08db965a-3062-41ea-8e28-7c85e2db2e3f','Light Switch 1','08db964c-7f19-429d-89ca-39e2b22fb0ee','08db8f48-5be6-44ed-8703-08d0eeddbd8f','Light','LightSwitch',_binary '{\"brightness\":0,\"colorTemperature\":null}',_binary '{\"dimmable\":false,\"hasColorTemperature\":false}',1,'2023-08-29 16:10:02.000000'),('08db9d56-7418-4750-8786-38739ee0aa41','Motor Shade 2','08db964c-7f19-429d-89ca-39e2b22fb0ee','08db8f48-5be6-44ed-8703-08d0eeddbd8f','Shade','MotorShade',_binary '{\"level\":0}',_binary '{\"hasLevel\":false}',1,'2023-08-28 18:08:34.000000'),('08db9d56-76c8-4d4e-80b9-592e318290b7','Motor Shade 3','08db964c-7f19-429d-89ca-39e2b22fb0ee','08db8f48-5be6-44ed-8703-08d0eeddbd8f','Shade','MotorShade',_binary '{\"level\":0}',_binary '{\"hasLevel\":false}',1,'2023-08-28 18:08:34.000000'),('08db9d56-793a-4dcf-8c10-b8f27cf117bd','Motor Shade 4','08db964c-7f19-429d-89ca-39e2b22fb0ee','08db8f48-5be6-44ed-8703-08d0eeddbd8f','Shade','MotorShade',_binary '{\"level\":0}',_binary '{\"hasLevel\":false}',1,'2023-08-28 18:08:34.000000'),('08db9d56-c536-4611-8ba3-6777d32ecdae','Motor Shade 1','08db964c-7f19-429d-89ca-39e2b22fb0ee','08db8f48-5be6-44ed-8703-08d0eeddbd8f','Shade','MotorShade',_binary '{\"level\":0}',_binary '{\"hasLevel\":false}',1,'2023-08-28 18:08:34.000000'),('08db9e12-24b8-4205-84ee-ba66ae1636d4','Light Switch 2','08db964c-7f19-429d-89ca-39e2b22fb0ee','08db8f48-5be6-44ed-8703-08d0eeddbd8f','Light','LightSwitch',_binary '{\"brightness\":0,\"colorTemperature\":null}',_binary '{\"dimmable\":false,\"hasColorTemperature\":false}',1,'2023-08-29 16:04:08.000000'),('08db9ec2-6e02-41c6-8742-3b7375359c91','Light Switch 3','08db964c-7f19-429d-89ca-39e2b22fb0ee','08db8f48-5be6-44ed-8703-08d0eeddbd8f','Light','LightSwitch',_binary '{\"brightness\":null,\"colorTemperature\":null}',_binary '{\"dimmable\":false,\"hasColorTemperature\":false}',1,'0001-01-01 00:00:00.000000'),('08dba70f-88aa-47c0-8851-99f7348e401d','Downlight','08dba3b4-80e8-45a2-82c0-d9c54a49d8f2','08db8f48-5be6-44ed-8703-08d0eeddbd8f','Light','Dimmer',_binary '{\"brightness\":null,\"colorTemperature\":null}',_binary '{\"dimmable\":true,\"hasColorTemperature\":false}',1,'0001-01-01 00:00:00.000000'),('08dba782-5c9f-480a-8405-a9f72d56fc09','Bedroom 1 Shade','08dba3b4-80e8-45a2-82c0-d9c54a49d8f2','08db8f48-5be6-44ed-8703-08d0eeddbd8f','Shade','RollerShade',_binary '{\"level\":0}',_binary '{\"hasLevel\":true}',1,'0001-01-01 00:00:00.000000');
/*!40000 ALTER TABLE `smartdevices` ENABLE KEYS */;
UNLOCK TABLES;

--
-- Table structure for table `smarthome`
--

DROP TABLE IF EXISTS `smarthome`;
/*!40101 SET @saved_cs_client     = @@character_set_client */;
/*!50503 SET character_set_client = utf8mb4 */;
CREATE TABLE `smarthome` (
  `Id` char(36) CHARACTER SET ascii COLLATE ascii_general_ci NOT NULL,
  `Name` varchar(50) CHARACTER SET utf8mb4 COLLATE utf8mb4_0900_ai_ci NOT NULL,
  `OwnerId` varchar(255) CHARACTER SET utf8mb4 COLLATE utf8mb4_0900_ai_ci NOT NULL,
  `InstallerPassword` longtext CHARACTER SET utf8mb4 COLLATE utf8mb4_0900_ai_ci NOT NULL,
  `UserPassword` longtext CHARACTER SET utf8mb4 COLLATE utf8mb4_0900_ai_ci NOT NULL,
  `Description` longtext CHARACTER SET utf8mb4 COLLATE utf8mb4_0900_ai_ci NOT NULL,
  `ProcessorId` char(36) CHARACTER SET ascii COLLATE ascii_general_ci DEFAULT NULL,
  PRIMARY KEY (`Id`),
  UNIQUE KEY `IX_SmartHome_Name_OwnerId` (`Name`,`OwnerId`),
  UNIQUE KEY `IX_SmartHome_ProcessorId` (`ProcessorId`),
  KEY `IX_SmartHome_OwnerId` (`OwnerId`),
  CONSTRAINT `FK_SmartHome_AspNetUsers_OwnerId` FOREIGN KEY (`OwnerId`) REFERENCES `aspnetusers` (`Id`) ON DELETE CASCADE,
  CONSTRAINT `FK_SmartHome_Processors_ProcessorId` FOREIGN KEY (`ProcessorId`) REFERENCES `processors` (`Id`)
) ENGINE=InnoDB DEFAULT CHARSET=utf8mb4 COLLATE=utf8mb4_0900_ai_ci;
/*!40101 SET character_set_client = @saved_cs_client */;

--
-- Dumping data for table `smarthome`
--

LOCK TABLES `smarthome` WRITE;
/*!40000 ALTER TABLE `smarthome` DISABLE KEYS */;
INSERT INTO `smarthome` VALUES ('08db8f48-5be6-44ed-8703-08d0eeddbd8f','Jonathan\'s Home','12c10897-8f5f-4148-96b8-733c5be9be0e','5F4DCC3B5AA765D61D8327DEB882CF99','5F4DCC3B5AA765D61D8327DEB882CF99','This is the test home','08db9509-2a7a-4ebf-8755-0bf4c612dd8c'),('08db9fc9-fd2a-47bb-881f-6cbdc0bd2f59','Alex\'s Home','dd102998-b733-4489-82f2-9cc5bf9d336d','password','password','This is Alex\'s home. Test',NULL),('08dba066-a503-4ae7-86a1-c6d2dde49434','Other user\'s Home','12c10897-8f5f-4148-96b8-733c5be9be0e','5F4DCC3B5AA765D61D8327DEB882CF99','5F4DCC3B5AA765D61D8327DEB882CF99','This is the test home',NULL);
/*!40000 ALTER TABLE `smarthome` ENABLE KEYS */;
UNLOCK TABLES;
/*!40103 SET TIME_ZONE=@OLD_TIME_ZONE */;

/*!40101 SET SQL_MODE=@OLD_SQL_MODE */;
/*!40014 SET FOREIGN_KEY_CHECKS=@OLD_FOREIGN_KEY_CHECKS */;
/*!40014 SET UNIQUE_CHECKS=@OLD_UNIQUE_CHECKS */;
/*!40101 SET CHARACTER_SET_CLIENT=@OLD_CHARACTER_SET_CLIENT */;
/*!40101 SET CHARACTER_SET_RESULTS=@OLD_CHARACTER_SET_RESULTS */;
/*!40101 SET COLLATION_CONNECTION=@OLD_COLLATION_CONNECTION */;
/*!40111 SET SQL_NOTES=@OLD_SQL_NOTES */;

-- Dump completed on 2023-08-30  9:29:36
